ISO-10303-21;
HEADER;
FILE_DESCRIPTION (( 'STEP AP214' ),
    '1' );
FILE_NAME ('FKS3 PCM10 W5 H11 L13.STEP',
    '2025-06-11T04:11:29',
    ( '' ),
    ( '' ),
    'SwSTEP 2.0',
    'SolidWorks 2024',
    '' );
FILE_SCHEMA (( 'AUTOMOTIVE_DESIGN' ));
ENDSEC;

DATA;
#1 = ORIENTED_EDGE ( 'NONE', *, *, #2918, .F. ) ;
#2 = DIRECTION ( 'NONE',  ( 1.000000000000000000, 0.000000000000000000, -1.016439536705160653E-16 ) ) ;
#3 = COLOUR_RGB ( '',0.6941176470588235059, 0.09803921568627450844, 0.09803921568627450844 ) ;
#4 = CARTESIAN_POINT ( 'NONE',  ( -1.291223671692214747, 4.450521319541247856, 2.500000000000000000 ) ) ;
#5 = DIRECTION ( 'NONE',  ( -0.5054136732061080828, 0.8628771748842990474, 5.137224398380700146E-17 ) ) ;
#6 = EDGE_CURVE ( 'NONE', #4820, #572, #1124, .T. ) ;
#7 = EDGE_CURVE ( 'NONE', #5245, #1132, #6318, .T. ) ;
#8 = EDGE_CURVE ( 'NONE', #2228, #6009, #1069, .T. ) ;
#9 = VECTOR ( 'NONE', #2563, 1000.000000000000000 ) ;
#10 = VERTEX_POINT ( 'NONE', #1784 ) ;
#11 = CARTESIAN_POINT ( 'NONE',  ( 1.882645689975726899, 4.366391051190404937, 2.499999999999999556 ) ) ;
#12 = ORIENTED_EDGE ( 'NONE', *, *, #4650, .T. ) ;
#13 = PRESENTATION_STYLE_ASSIGNMENT (( #3385 ) ) ;
#14 = EDGE_CURVE ( 'NONE', #3699, #2233, #4213, .T. ) ;
#15 = VECTOR ( 'NONE', #5771, 1000.000000000000000 ) ;
#17 = FILL_AREA_STYLE ('',( #5441 ) ) ;
#16 = SURFACE_STYLE_FILL_AREA ( #5503 ) ;
#18 = CARTESIAN_POINT ( 'NONE',  ( 2.493985674557099852, 4.298414185429023426, 2.499999999999999556 ) ) ;
#19 = CARTESIAN_POINT ( 'NONE',  ( -0.3040900315575172375, 5.323040718388307724, 2.500000000000000000 ) ) ;
#20 = ORIENTED_EDGE ( 'NONE', *, *, #5355, .T. ) ;
#21 = CARTESIAN_POINT ( 'NONE',  ( -0.2988739102691163607, 4.535637216855366916, 2.500000000000000000 ) ) ;
#22 = CIRCLE ( 'NONE', #3698, 0.1000000000000002554 ) ;
#23 = EDGE_LOOP ( 'NONE', ( #3040, #1008, #1760, #664, #1951, #4156, #5279, #6268, #4447, #150, #107, #3400, #1725, #4803, #326, #3221, #4613, #667, #2964, #5522 ) ) ;
#24 = LINE ( 'NONE', #6042, #2301 ) ;
#25 = SURFACE_SIDE_STYLE ('',( #5891 ) ) ;
#26 = CARTESIAN_POINT ( 'NONE',  ( 0.1630550093360301211, 4.481860736231600306, 2.499999999999999556 ) ) ;
#27 = EDGE_CURVE ( 'NONE', #1116, #3025, #702, .T. ) ;
#28 = AXIS2_PLACEMENT_3D ( 'NONE', #2936, #4955, #2142 ) ;
#29 = B_SPLINE_CURVE_WITH_KNOTS ( 'NONE', 3,
 ( #4466, #2522, #1965, #3964, #5026, #4, #5994, #5496, #513, #989, #474 ),
 .UNSPECIFIED., .F., .F.,
 ( 4, 1, 1, 1, 1, 1, 1, 1, 4 ),
 ( 0.000000000000000000, 0.1337850715093816256, 0.2593853989987132680, 0.3808217004101789316, 0.4995309368699195063, 0.6183575741441211804, 0.7398956903217172032, 0.8662956414442497532, 0.9999999999999998890 ),
 .UNSPECIFIED. ) ;
#30 = VERTEX_POINT ( 'NONE', #5819 ) ;
#31 = FILL_AREA_STYLE ('',( #980 ) ) ;
#32 = CARTESIAN_POINT ( 'NONE',  ( -6.000000000000000000, 10.49999999999999822, 2.399999999999999911 ) ) ;
#33 =( NAMED_UNIT ( * ) PLANE_ANGLE_UNIT ( ) SI_UNIT ( $, .RADIAN. ) );
#34 = DIRECTION ( 'NONE',  ( -1.239088197126290570E-16, -0.000000000000000000, -1.000000000000000000 ) ) ;
#35 = DIRECTION ( 'NONE',  ( 1.000000000000000000, 9.637352644315546235E-15, -1.239088197126290570E-16 ) ) ;
#36 = VECTOR ( 'NONE', #2458, 1000.000000000000000 ) ;
#37 = VERTEX_POINT ( 'NONE', #3821 ) ;
#38 = CARTESIAN_POINT ( 'NONE',  ( -1.390118028765051639, 4.239596825986068573, 2.500000000000000000 ) ) ;
#39 = CARTESIAN_POINT ( 'NONE',  ( -0.1211505192097444977, 3.804038030798313486, 2.500000000000000000 ) ) ;
#40 = CARTESIAN_POINT ( 'NONE',  ( 3.905315985716501626, 6.525580246913603943, 2.499999999999999556 ) ) ;
#41 = DIRECTION ( 'NONE',  ( -1.807003620809174139E-16, -0.000000000000000000, 1.000000000000000000 ) ) ;
#42 = CARTESIAN_POINT ( 'NONE',  ( 3.905315985716501626, 6.525580246913603943, 2.499999999999999556 ) ) ;
#43 = ORIENTED_EDGE ( 'NONE', *, *, #2162, .T. ) ;
#44 = DIRECTION ( 'NONE',  ( -1.239088197126290570E-16, 0.000000000000000000, -1.000000000000000000 ) ) ;
#45 = EDGE_CURVE ( 'NONE', #4582, #1383, #4953, .T. ) ;
#46 = DIRECTION ( 'NONE',  ( -0.000000000000000000, 1.000000000000000000, 0.000000000000000000 ) ) ;
#47 = VECTOR ( 'NONE', #5027, 1000.000000000000114 ) ;
#48 = LINE ( 'NONE', #5667, #6413 ) ;
#49 = FACE_OUTER_BOUND ( 'NONE', #1220, .T. ) ;
#50 = CARTESIAN_POINT ( 'NONE',  ( -0.3277337982018634910, 2.782423897799825241, -2.500000000000000444 ) ) ;
#51 = CARTESIAN_POINT ( 'NONE',  ( -0.5412941297958474562, 5.089878395070959627, 2.500000000000000000 ) ) ;
#52 =( BOUNDED_CURVE ( )  B_SPLINE_CURVE ( 3, ( #841, #3783, #4345, #3264 ),
 .UNSPECIFIED., .F., .F. ) 
 B_SPLINE_CURVE_WITH_KNOTS ( ( 4, 4 ),
 ( 0.000000000000000000, 1.570796326794896558 ),
 .UNSPECIFIED. ) 
 CURVE ( )  GEOMETRIC_REPRESENTATION_ITEM ( )  RATIONAL_B_SPLINE_CURVE ( ( 1.000000000000000000, 0.8047378541243649375, 0.8047378541243649375, 1.000000000000000000 ) ) 
 REPRESENTATION_ITEM ( '' )  );
#53 = ORIENTED_EDGE ( 'NONE', *, *, #4476, .T. ) ;
#54 = CARTESIAN_POINT ( 'NONE',  ( 3.361219152408480682, 3.816075528543677819, 2.499999999999999556 ) ) ;
#55 = ORIENTED_EDGE ( 'NONE', *, *, #1170, .F. ) ;
#56 = FILL_AREA_STYLE_COLOUR ( '', #1358 ) ;
#57 = DIRECTION ( 'NONE',  ( -1.000000000000000000, 0.000000000000000000, 1.016439536705160653E-16 ) ) ;
#58 = LINE ( 'NONE', #4045, #5300 ) ;
#59 = FILL_AREA_STYLE_COLOUR ( '', #4516 ) ;
#60 = AXIS2_PLACEMENT_3D ( 'NONE', #6126, #3102, #3146 ) ;
#61 = CARTESIAN_POINT ( 'NONE',  ( -1.516264559970625481, 5.088695235046206911, 2.500000000000000000 ) ) ;
#62 = VERTEX_POINT ( 'NONE', #6352 ) ;
#63 = VERTEX_POINT ( 'NONE', #2320 ) ;
#64 = CARTESIAN_POINT ( 'NONE',  ( -5.239999999999998437, -3.108558907404501873E-17, 2.500000000000000444 ) ) ;
#65 =( NAMED_UNIT ( * ) SI_UNIT ( $, .STERADIAN. ) SOLID_ANGLE_UNIT ( ) );
#66 = CIRCLE ( 'NONE', #2713, 0.1000000000000002554 ) ;
#67 = CARTESIAN_POINT ( 'NONE',  ( -0.2409019539747991046, 4.551159730442275730, 2.500000000000000000 ) ) ;
#68 = VERTEX_POINT ( 'NONE', #3232 ) ;
#69 = AXIS2_PLACEMENT_3D ( 'NONE', #5233, #5803, #5299 ) ;
#70 = FACE_OUTER_BOUND ( 'NONE', #4779, .T. ) ;
#71 = CARTESIAN_POINT ( 'NONE',  ( -1.987498271876162903, 5.271432203131678484, 2.500000000000000000 ) ) ;
#72 = VECTOR ( 'NONE', #5921, 1000.000000000000000 ) ;
#73 = CARTESIAN_POINT ( 'NONE',  ( -3.162510273905479341, 5.316075528543677819, 2.500000000000000000 ) ) ;
#74 = UNCERTAINTY_MEASURE_WITH_UNIT (LENGTH_MEASURE( 1.000000000000000082E-05 ), #5272, 'distance_accuracy_value', 'NONE');
#75 = EDGE_LOOP ( 'NONE', ( #2277, #5998, #514, #4040 ) ) ;
#76 =( NAMED_UNIT ( * ) SI_UNIT ( $, .STERADIAN. ) SOLID_ANGLE_UNIT ( ) );
#77 = ORIENTED_EDGE ( 'NONE', *, *, #2843, .F. ) ;
#78 = CARTESIAN_POINT ( 'NONE',  ( -2.079532707851681206, 4.670804463126676964, 2.500000000000000000 ) ) ;
#79 = PLANE ( 'NONE',  #3234 ) ;
#80 = CARTESIAN_POINT ( 'NONE',  ( -0.06120181183999189034, 2.538841934430556613, -2.500000000000000444 ) ) ;
#81 = EDGE_CURVE ( 'NONE', #3963, #6448, #2273, .T. ) ;
#82 = ORIENTED_EDGE ( 'NONE', *, *, #1275, .T. ) ;
#83 = LINE ( 'NONE', #5675, #2023 ) ;
#84 = AXIS2_PLACEMENT_3D ( 'NONE', #4661, #102, #3565 ) ;
#85 = VERTEX_POINT ( 'NONE', #6217 ) ;
#86 = FILL_AREA_STYLE ('',( #4614 ) ) ;
#87 =( LENGTH_UNIT ( ) NAMED_UNIT ( * ) SI_UNIT ( .MILLI., .METRE. ) );
#88 = DIRECTION ( 'NONE',  ( 0.000000000000000000, 0.000000000000000000, 1.000000000000000000 ) ) ;
#89 =( GEOMETRIC_REPRESENTATION_CONTEXT ( 3 ) GLOBAL_UNCERTAINTY_ASSIGNED_CONTEXT ( ( #1346 ) ) GLOBAL_UNIT_ASSIGNED_CONTEXT ( ( #600, #3683, #4147 ) ) REPRESENTATION_CONTEXT ( 'NONE', 'WORKASPACE' ) );
#90 = SURFACE_STYLE_FILL_AREA ( #4075 ) ;
#91 = EDGE_CURVE ( 'NONE', #973, #4197, #3784, .T. ) ;
#92 = CARTESIAN_POINT ( 'NONE',  ( -1.446149646786875076, 4.968434123158171900, 2.500000000000000000 ) ) ;
#93 = ORIENTED_EDGE ( 'NONE', *, *, #27, .F. ) ;
#94 = ORIENTED_EDGE ( 'NONE', *, *, #6069, .T. ) ;
#95 = DIRECTION ( 'NONE',  ( 1.000000000000000000, 0.000000000000000000, -3.388131789017202589E-17 ) ) ;
#96 = CARTESIAN_POINT ( 'NONE',  ( 3.218018907794424344, 7.076919532627889531, 2.499999999999999556 ) ) ;
#97 = CARTESIAN_POINT ( 'NONE',  ( -3.322239159825850052, 7.220751693499892987, 2.500000000000000000 ) ) ;
#98 = CARTESIAN_POINT ( 'NONE',  ( 1.659920451109778261, 4.543348255816405334, 2.499999999999999556 ) ) ;
#99 = VERTEX_POINT ( 'NONE', #4688 ) ;
#100 = SURFACE_SIDE_STYLE ('',( #5758 ) ) ;
#101 = CIRCLE ( 'NONE', #1076, 0.1000000000000006994 ) ;
#102 = DIRECTION ( 'NONE',  ( 0.000000000000000000, 0.000000000000000000, -1.000000000000000000 ) ) ;
#103 = CARTESIAN_POINT ( 'NONE',  ( -2.140100020505902645, 5.089292028750019625, 2.500000000000000000 ) ) ;
#104 = EDGE_CURVE ( 'NONE', #1664, #3720, #6010, .T. ) ;
#105 = ORIENTED_EDGE ( 'NONE', *, *, #4229, .F. ) ;
#106 = FILL_AREA_STYLE_COLOUR ( '', #3417 ) ;
#107 = ORIENTED_EDGE ( 'NONE', *, *, #1745, .T. ) ;
#108 = CARTESIAN_POINT ( 'NONE',  ( -2.106535920723409561, 4.705678309031655182, 2.500000000000000000 ) ) ;
#109 =( LENGTH_UNIT ( ) NAMED_UNIT ( * ) SI_UNIT ( .MILLI., .METRE. ) );
#110 = CARTESIAN_POINT ( 'NONE',  ( -0.4405561374261393048, 3.508238946091648103, -2.500000000000000444 ) ) ;
#111 = PRESENTATION_LAYER_ASSIGNMENT (  '', '', ( #4318 ) ) ;
#112 = CYLINDRICAL_SURFACE ( 'NONE', #2016, 0.009999999999999592548 ) ;
#113 = VERTEX_POINT ( 'NONE', #4244 ) ;
#114 = CARTESIAN_POINT ( 'NONE',  ( -0.2940867261438279145, 2.339190248032658292, -2.500000000000000444 ) ) ;
#115 = PRESENTATION_LAYER_ASSIGNMENT (  '', '', ( #5604 ) ) ;
#116 = EDGE_LOOP ( 'NONE', ( #5971, #742, #4740, #1422 ) ) ;
#117 = AXIS2_PLACEMENT_3D ( 'NONE', #3955, #4890, #366 ) ;
#118 = CARTESIAN_POINT ( 'NONE',  ( 2.178246180521695941, 7.252852974186331458, 2.499999999999999556 ) ) ;
#119 = CARTESIAN_POINT ( 'NONE',  ( 3.026460466235982416, 7.252852974186331458, 2.499999999999999556 ) ) ;
#120 = CARTESIAN_POINT ( 'NONE',  ( -1.692948585593791577, 3.971919684387833716, 2.500000000000000000 ) ) ;
#121 = FACE_OUTER_BOUND ( 'NONE', #3229, .T. ) ;
#122 = VECTOR ( 'NONE', #1973, 1000.000000000000000 ) ;
#123 = CARTESIAN_POINT ( 'NONE',  ( -1.429887278544676343, 4.880018732662342984, 2.500000000000000000 ) ) ;
#124 = VERTEX_POINT ( 'NONE', #2283 ) ;
#125 = ADVANCED_FACE ( 'NONE', ( #156 ), #740, .F. ) ;
#126 = SURFACE_STYLE_USAGE ( .BOTH. , #3228 ) ;
#127 = ORIENTED_EDGE ( 'NONE', *, *, #1013, .T. ) ;
#128 = CARTESIAN_POINT ( 'NONE',  ( 3.892531894807411241, 7.252852974186331458, 2.499999999999999556 ) ) ;
#129 =( GEOMETRIC_REPRESENTATION_CONTEXT ( 3 ) GLOBAL_UNCERTAINTY_ASSIGNED_CONTEXT ( ( #6461 ) ) GLOBAL_UNIT_ASSIGNED_CONTEXT ( ( #3557, #2481, #6524 ) ) REPRESENTATION_CONTEXT ( 'NONE', 'WORKASPACE' ) );
#130 = CARTESIAN_POINT ( 'NONE',  ( 2.567303041976523925, 7.061382710889638759, 2.499999999999999556 ) ) ;
#131 = PRESENTATION_STYLE_ASSIGNMENT (( #5150 ) ) ;
#132 =( NAMED_UNIT ( * ) PLANE_ANGLE_UNIT ( ) SI_UNIT ( $, .RADIAN. ) );
#133 = ORIENTED_EDGE ( 'NONE', *, *, #4486, .F. ) ;
#134 = CARTESIAN_POINT ( 'NONE',  ( 6.319866711248160129, 10.80727339212633886, 2.399833389060207711 ) ) ;
#135 = CARTESIAN_POINT ( 'NONE',  ( 6.499999999999999112, 10.49999999999999822, 2.399999999999999911 ) ) ;
#136 = CARTESIAN_POINT ( 'NONE',  ( 0.1890453330061327708, 2.601544610972115645, -2.500000000000000888 ) ) ;
#137 = PRESENTATION_STYLE_ASSIGNMENT (( #3635 ) ) ;
#138 = UNCERTAINTY_MEASURE_WITH_UNIT (LENGTH_MEASURE( 1.000000000000000082E-05 ), #501, 'distance_accuracy_value', 'NONE');
#139 = LINE ( 'NONE', #3153, #2472 ) ;
#140 = CARTESIAN_POINT ( 'NONE',  ( 6.299999999999998046, 6.299999999999999822, -2.300000000000000711 ) ) ;
#141 = VECTOR ( 'NONE', #1467, 1000.000000000000000 ) ;
#142 = DIRECTION ( 'NONE',  ( -0.5054136732061080828, 0.8628771748842990474, 5.137224398380700146E-17 ) ) ;
#143 = ORIENTED_EDGE ( 'NONE', *, *, #3920, .F. ) ;
#144 = DIRECTION ( 'NONE',  ( -2.464095846557965385E-16, -1.000000000000000000, 3.053232080057890072E-32 ) ) ;
#145 = VERTEX_POINT ( 'NONE', #2189 ) ;
#146 = DIRECTION ( 'NONE',  ( -1.000000000000000000, 0.000000000000000000, 1.016439536705160653E-16 ) ) ;
#147 = VERTEX_POINT ( 'NONE', #1890 ) ;
#148 =( LENGTH_UNIT ( ) NAMED_UNIT ( * ) SI_UNIT ( .MILLI., .METRE. ) );
#149 = AXIS2_PLACEMENT_3D ( 'NONE', #6259, #262, #5257 ) ;
#150 = ORIENTED_EDGE ( 'NONE', *, *, #4229, .T. ) ;
#151 = CIRCLE ( 'NONE', #4481, 0.1000000000000002554 ) ;
#152 = CYLINDRICAL_SURFACE ( 'NONE', #1502, 0.1000000000000002554 ) ;
#153 = ORIENTED_EDGE ( 'NONE', *, *, #1091, .T. ) ;
#154 = LINE ( 'NONE', #188, #4561 ) ;
#155 = CARTESIAN_POINT ( 'NONE',  ( 6.400000000000000355, 10.79289321881345032, -2.500000000000001776 ) ) ;
#156 = FACE_OUTER_BOUND ( 'NONE', #2538, .T. ) ;
#157 = SURFACE_STYLE_USAGE ( .BOTH. , #1621 ) ;
#158 = ORIENTED_EDGE ( 'NONE', *, *, #2441, .F. ) ;
#159 = CARTESIAN_POINT ( 'NONE',  ( -1.764478618061324333, 4.512504099972249882, 2.500000000000000000 ) ) ;
#160 = CARTESIAN_POINT ( 'NONE',  ( 5.999999999999997335, 11.00000000000000000, 1.999999999999998224 ) ) ;
#161 = CARTESIAN_POINT ( 'NONE',  ( -6.000000000000000000, 11.00000000000000000, 2.000000000000000444 ) ) ;
#162 = EDGE_CURVE ( 'NONE', #819, #6039, #3396, .T. ) ;
#163 =( GEOMETRIC_REPRESENTATION_CONTEXT ( 3 ) GLOBAL_UNCERTAINTY_ASSIGNED_CONTEXT ( ( #4322 ) ) GLOBAL_UNIT_ASSIGNED_CONTEXT ( ( #3423, #1908, #2957 ) ) REPRESENTATION_CONTEXT ( 'NONE', 'WORKASPACE' ) );
#164 = DIRECTION ( 'NONE',  ( 0.5056715232898540968, 0.8627260924150367272, -5.139845288577320541E-17 ) ) ;
#165 = EDGE_CURVE ( 'NONE', #314, #4932, #909, .T. ) ;
#166 = DIRECTION ( 'NONE',  ( 0.000000000000000000, -1.000000000000000000, 0.000000000000000000 ) ) ;
#167 = CARTESIAN_POINT ( 'NONE',  ( 5.000000000000000000, -1.900000000000000133, 0.2500000000000012768 ) ) ;
#168 = ORIENTED_EDGE ( 'NONE', *, *, #2852, .F. ) ;
#169 = CARTESIAN_POINT ( 'NONE',  ( -2.129065259525617204, 4.743928439252965035, 2.500000000000000000 ) ) ;
#170 =( NAMED_UNIT ( * ) PLANE_ANGLE_UNIT ( ) SI_UNIT ( $, .RADIAN. ) );
#171 = SURFACE_SIDE_STYLE ('',( #4799 ) ) ;
#172 =( GEOMETRIC_REPRESENTATION_CONTEXT ( 3 ) GLOBAL_UNCERTAINTY_ASSIGNED_CONTEXT ( ( #2411 ) ) GLOBAL_UNIT_ASSIGNED_CONTEXT ( ( #4178, #5718, #1245 ) ) REPRESENTATION_CONTEXT ( 'NONE', 'WORKASPACE' ) );
#173 = ORIENTED_EDGE ( 'NONE', *, *, #2806, .F. ) ;
#174 = PLANE ( 'NONE',  #759 ) ;
#175 = ORIENTED_EDGE ( 'NONE', *, *, #4479, .F. ) ;
#176 = SURFACE_STYLE_FILL_AREA ( #2698 ) ;
#177 =( GEOMETRIC_REPRESENTATION_CONTEXT ( 3 ) GLOBAL_UNCERTAINTY_ASSIGNED_CONTEXT ( ( #74 ) ) GLOBAL_UNIT_ASSIGNED_CONTEXT ( ( #5272, #4677, #1708 ) ) REPRESENTATION_CONTEXT ( 'NONE', 'WORKASPACE' ) );
#178 = VECTOR ( 'NONE', #4051, 1000.000000000000000 ) ;
#179 = FILL_AREA_STYLE_COLOUR ( '', #3086 ) ;
#180 = CARTESIAN_POINT ( 'NONE',  ( 0.2066028881410041373, 4.315201356587078152, 2.499999999999999556 ) ) ;
#181 = FILL_AREA_STYLE ('',( #4710 ) ) ;
#182 = EDGE_CURVE ( 'NONE', #1263, #380, #3434, .T. ) ;
#183 = CARTESIAN_POINT ( 'NONE',  ( 2.542694232469748794, 6.900174402757759395, 2.499999999999999556 ) ) ;
#184 = EDGE_LOOP ( 'NONE', ( #3360, #1622, #2860, #716, #6355, #383, #2694, #589, #6117, #5536, #4246, #3452 ) ) ;
#185 = SURFACE_STYLE_USAGE ( .BOTH. , #2146 ) ;
#186 = VECTOR ( 'NONE', #3543, 1000.000000000000000 ) ;
#187 = ORIENTED_EDGE ( 'NONE', *, *, #3076, .F. ) ;
#188 = CARTESIAN_POINT ( 'NONE',  ( -2.207964819360025643, 4.303088515556664717, 2.500000000000000000 ) ) ;
#189 = CARTESIAN_POINT ( 'NONE',  ( -5.249999999999998224, 0.1000000000000004219, 2.500000000000000444 ) ) ;
#190 = CARTESIAN_POINT ( 'NONE',  ( -1.761626897931496849, 5.159948161849416515, 2.500000000000000000 ) ) ;
#191 = PRESENTATION_STYLE_ASSIGNMENT (( #3206 ) ) ;
#192 =( NAMED_UNIT ( * ) SI_UNIT ( $, .STERADIAN. ) SOLID_ANGLE_UNIT ( ) );
#193 = VECTOR ( 'NONE', #2752, 1000.000000000000114 ) ;
#194 = ORIENTED_EDGE ( 'NONE', *, *, #2432, .F. ) ;
#195 = PLANE ( 'NONE',  #2444 ) ;
#196 = DIRECTION ( 'NONE',  ( 0.000000000000000000, 0.000000000000000000, 1.000000000000000000 ) ) ;
#197 = CARTESIAN_POINT ( 'NONE',  ( -4.214458325853531306, 5.140750853219002714, 2.500000000000000000 ) ) ;
#198 = SURFACE_STYLE_FILL_AREA ( #1793 ) ;
#199 = CARTESIAN_POINT ( 'NONE',  ( -1.711579949718809113, 5.334937505502542088, 2.500000000000000000 ) ) ;
#200 = AXIS2_PLACEMENT_3D ( 'NONE', #994, #5436, #3045 ) ;
#201 =( NAMED_UNIT ( * ) PLANE_ANGLE_UNIT ( ) SI_UNIT ( $, .RADIAN. ) );
#202 = UNCERTAINTY_MEASURE_WITH_UNIT (LENGTH_MEASURE( 1.000000000000000082E-05 ), #606, 'distance_accuracy_value', 'NONE');
#203 = CARTESIAN_POINT ( 'NONE',  ( -6.131267308959662543, 11.00000000000000000, -2.105013847167718222 ) ) ;
#204 = ORIENTED_EDGE ( 'NONE', *, *, #6557, .F. ) ;
#205 = EDGE_CURVE ( 'NONE', #2902, #373, #362, .T. ) ;
#206 = CARTESIAN_POINT ( 'NONE',  ( 0.5859375000000001110, 3.388964169274953697, -2.500000000000000888 ) ) ;
#207 = CARTESIAN_POINT ( 'NONE',  ( -0.01901125579586789363, 5.045463348155933225, 2.500000000000000000 ) ) ;
#208 = ORIENTED_EDGE ( 'NONE', *, *, #2651, .T. ) ;
#209 = CARTESIAN_POINT ( 'NONE',  ( -6.399999999999999467, 11.00000000000000000, 2.500000000000000444 ) ) ;
#210 = EDGE_CURVE ( 'NONE', #2984, #4672, #2970, .T. ) ;
#211 = ORIENTED_EDGE ( 'NONE', *, *, #3803, .F. ) ;
#212 = CARTESIAN_POINT ( 'NONE',  ( 6.482351395890322721, 10.65305593890103530, -2.482351395890338264 ) ) ;
#213 = COLOUR_RGB ( '',0.6941176470588235059, 0.09803921568627450844, 0.09803921568627450844 ) ;
#214 = LINE ( 'NONE', #1640, #1613 ) ;
#215 = PRESENTATION_STYLE_ASSIGNMENT (( #3707 ) ) ;
#216 = PRESENTATION_LAYER_ASSIGNMENT (  '', '', ( #3899 ) ) ;
#217 = PRESENTATION_LAYER_ASSIGNMENT (  '', '', ( #332 ) ) ;
#218 = ORIENTED_EDGE ( 'NONE', *, *, #6226, .T. ) ;
#219 = CARTESIAN_POINT ( 'NONE',  ( 0.4803468689516631751, 6.525580246913603943, 2.499999999999999556 ) ) ;
#220 = EDGE_CURVE ( 'NONE', #2131, #1327, #2384, .T. ) ;
#221 = EDGE_LOOP ( 'NONE', ( #6271, #407, #3465, #2278 ) ) ;
#222 = CARTESIAN_POINT ( 'NONE',  ( 6.399999999999999467, 11.00000000000000000, 2.499999999999999112 ) ) ;
#223 = DIRECTION ( 'NONE',  ( 0.000000000000000000, 0.000000000000000000, 1.000000000000000000 ) ) ;
#224 = CIRCLE ( 'NONE', #2978, 0.2500000000000003886 ) ;
#225 = ORIENTED_EDGE ( 'NONE', *, *, #5750, .F. ) ;
#226 = DIRECTION ( 'NONE',  ( -1.000000000000000000, 0.000000000000000000, 0.000000000000000000 ) ) ;
#227 =( GEOMETRIC_REPRESENTATION_CONTEXT ( 3 ) GLOBAL_UNCERTAINTY_ASSIGNED_CONTEXT ( ( #3410 ) ) GLOBAL_UNIT_ASSIGNED_CONTEXT ( ( #3790, #1428, #365 ) ) REPRESENTATION_CONTEXT ( 'NONE', 'WORKASPACE' ) );
#228 = CARTESIAN_POINT ( 'NONE',  ( -2.052120663515870191, 4.322569035037184371, 2.500000000000000000 ) ) ;
#229 = SURFACE_STYLE_FILL_AREA ( #2751 ) ;
#230 = VECTOR ( 'NONE', #651, 1000.000000000000000 ) ;
#231 = COLOUR_RGB ( '',0.5882352941176470784, 0.5882352941176470784, 0.6313725490196078205 ) ;
#232 = EDGE_CURVE ( 'NONE', #2875, #568, #5418, .T. ) ;
#233 = UNCERTAINTY_MEASURE_WITH_UNIT (LENGTH_MEASURE( 1.000000000000000082E-05 ), #2090, 'distance_accuracy_value', 'NONE');
#234 = FACE_OUTER_BOUND ( 'NONE', #2070, .T. ) ;
#235 = ORIENTED_EDGE ( 'NONE', *, *, #4979, .F. ) ;
#236 = CARTESIAN_POINT ( 'NONE',  ( 0.6001540428657496928, 3.301076418539839796, -2.500000000000000888 ) ) ;
#237 = VECTOR ( 'NONE', #2667, 1000.000000000000000 ) ;
#238 = CARTESIAN_POINT ( 'NONE',  ( 3.069011360200687655, 4.089208645426794853, 2.499999999999999556 ) ) ;
#239 = EDGE_CURVE ( 'NONE', #3780, #2064, #941, .T. ) ;
#240 = EDGE_CURVE ( 'NONE', #2863, #4215, #6388, .T. ) ;
#241 = ORIENTED_EDGE ( 'NONE', *, *, #505, .T. ) ;
#242 = FILL_AREA_STYLE ('',( #5770 ) ) ;
#243 = DIRECTION ( 'NONE',  ( 1.000000000000000000, 0.000000000000000000, -1.016439536705160653E-16 ) ) ;
#244 = AXIS2_PLACEMENT_3D ( 'NONE', #2034, #6062, #3537 ) ;
#245 = VERTEX_POINT ( 'NONE', #2351 ) ;
#246 =( NAMED_UNIT ( * ) PLANE_ANGLE_UNIT ( ) SI_UNIT ( $, .RADIAN. ) );
#247 = CARTESIAN_POINT ( 'NONE',  ( 3.069011360200687655, 4.292333645426794853, 2.499999999999999556 ) ) ;
#248 = EDGE_CURVE ( 'NONE', #3162, #6000, #1918, .T. ) ;
#249 = B_SPLINE_CURVE_WITH_KNOTS ( 'NONE', 3,
 ( #5326, #3799, #2427, #1801, #6400, #4358, #5397, #5431, #1437, #1931, #3345, #5938, #3414, #1376, #1838, #5463, #6430, #1350, #2365 ),
 .UNSPECIFIED., .F., .F.,
 ( 4, 1, 1, 1, 1, 1, 1, 1, 1, 1, 1, 1, 1, 1, 1, 1, 4 ),
 ( 0.000000000000000000, 0.06172163679580128931, 0.1214279043536786729, 0.1802261680347869710, 0.2384304367157772109, 0.2968165258529190664, 0.3560150298603197982, 0.4171754598843108730, 0.4805445547655418648, 0.5441503388795512208, 0.6070860340341502903, 0.6699278589471190370, 0.7323691609998572716, 0.7964289476165603565, 0.8621674048915184407, 0.9295028825871286537, 1.000000000000000000 ),
 .UNSPECIFIED. ) ;
#250 = CARTESIAN_POINT ( 'NONE',  ( 4.750000000000001776, 0.01000000000000002970, 12.49999999999999645 ) ) ;
#251 = VERTEX_POINT ( 'NONE', #873 ) ;
#252 = VERTEX_POINT ( 'NONE', #3365 ) ;
#253 = CARTESIAN_POINT ( 'NONE',  ( -0.2539992384484313082, 3.238009304717835768, -2.500000000000000444 ) ) ;
#254 = VECTOR ( 'NONE', #2884, 1000.000000000000000 ) ;
#255 = CARTESIAN_POINT ( 'NONE',  ( -3.678439657022363640, 7.668538850809706986, 2.500000000000000000 ) ) ;
#256 = CARTESIAN_POINT ( 'NONE',  ( -6.399999999999999467, 0.000000000000000000, 2.500000000000000444 ) ) ;
#257 = DIRECTION ( 'NONE',  ( 0.000000000000000000, -1.000000000000000000, 0.000000000000000000 ) ) ;
#258 = CARTESIAN_POINT ( 'NONE',  ( 2.068197208091893557, 7.065080977114178928, 2.499999999999999556 ) ) ;
#259 = ORIENTED_EDGE ( 'NONE', *, *, #692, .F. ) ;
#260 = PRESENTATION_STYLE_ASSIGNMENT (( #5724 ) ) ;
#261 = SURFACE_STYLE_USAGE ( .BOTH. , #5759 ) ;
#262 = DIRECTION ( 'NONE',  ( 1.000000000000000000, 0.000000000000000000, -1.885568995626964040E-16 ) ) ;
#263 = SURFACE_STYLE_USAGE ( .BOTH. , #4249 ) ;
#264 = CARTESIAN_POINT ( 'NONE',  ( -1.363712408483931826, 5.174152548497198190, 2.500000000000000000 ) ) ;
#265 = UNCERTAINTY_MEASURE_WITH_UNIT (LENGTH_MEASURE( 1.000000000000000082E-05 ), #1711, 'distance_accuracy_value', 'NONE');
#266 = CARTESIAN_POINT ( 'NONE',  ( -0.2227817005111214776, 3.953189400954085997, 2.500000000000000000 ) ) ;
#267 = ORIENTED_EDGE ( 'NONE', *, *, #2848, .F. ) ;
#268 = FACE_OUTER_BOUND ( 'NONE', #4366, .T. ) ;
#269 =( LENGTH_UNIT ( ) NAMED_UNIT ( * ) SI_UNIT ( .MILLI., .METRE. ) );
#270 = ORIENTED_EDGE ( 'NONE', *, *, #704, .F. ) ;
#271 = DIRECTION ( 'NONE',  ( -1.000000000000000000, 0.000000000000000000, 1.016439536705160653E-16 ) ) ;
#272 = CARTESIAN_POINT ( 'NONE',  ( -6.300000000000002487, 0.2000000000000031197, 2.299999999999999822 ) ) ;
#273 = VERTEX_POINT ( 'NONE', #978 ) ;
#274 = MECHANICAL_DESIGN_GEOMETRIC_PRESENTATION_REPRESENTATION (  '', ( #5554 ), #2595 ) ;
#275 = CARTESIAN_POINT ( 'NONE',  ( -2.526349559619764928, 5.316075528543677819, 2.500000000000000000 ) ) ;
#276 = CARTESIAN_POINT ( 'NONE',  ( -6.400000000000000355, 10.49999999999999822, 2.400000000000000355 ) ) ;
#277 = VERTEX_POINT ( 'NONE', #2938 ) ;
#278 = AXIS2_PLACEMENT_3D ( 'NONE', #1966, #1469, #3935 ) ;
#279 = CARTESIAN_POINT ( 'NONE',  ( 6.260993393659474826, 10.94611338752707042, -2.208794714927566183 ) ) ;
#280 = EDGE_CURVE ( 'NONE', #755, #5486, #3487, .T. ) ;
#281 = DIRECTION ( 'NONE',  ( -0.000000000000000000, -1.000000000000000000, -0.000000000000000000 ) ) ;
#282 = SURFACE_STYLE_USAGE ( .BOTH. , #1676 ) ;
#283 = EDGE_CURVE ( 'NONE', #3556, #2433, #3571, .T. ) ;
#284 = VECTOR ( 'NONE', #3426, 1000.000000000000000 ) ;
#285 = LINE ( 'NONE', #2240, #3661 ) ;
#286 = VECTOR ( 'NONE', #3660, 1000.000000000000000 ) ;
#287 = FILL_AREA_STYLE ('',( #3708 ) ) ;
#289 = VECTOR ( 'NONE', #1585, 1000.000000000000000 ) ;
#288 = AXIS2_PLACEMENT_3D ( 'NONE', #4288, #312, #6366 ) ;
#290 = ORIENTED_EDGE ( 'NONE', *, *, #1170, .T. ) ;
#291 = EDGE_CURVE ( 'NONE', #5732, #3227, #3916, .T. ) ;
#292 = ORIENTED_EDGE ( 'NONE', *, *, #4484, .F. ) ;
#293 =( NAMED_UNIT ( * ) SI_UNIT ( $, .STERADIAN. ) SOLID_ANGLE_UNIT ( ) );
#294 = PLANE ( 'NONE',  #4452 ) ;
#295 = EDGE_CURVE ( 'NONE', #5802, #2419, #5381, .T. ) ;
#296 = SURFACE_STYLE_FILL_AREA ( #1686 ) ;
#297 = DIRECTION ( 'NONE',  ( 0.000000000000000000, -0.000000000000000000, 1.000000000000000000 ) ) ;
#298 = EDGE_CURVE ( 'NONE', #444, #2131, #4451, .T. ) ;
#299 = EDGE_LOOP ( 'NONE', ( #2629, #1551, #4111, #1014 ) ) ;
#300 = EDGE_CURVE ( 'NONE', #4535, #3496, #1984, .T. ) ;
#301 = CARTESIAN_POINT ( 'NONE',  ( -1.906964435001335278, 4.728166844928898271, 2.500000000000000000 ) ) ;
#302 = BREP_WITH_VOIDS ( 'NONE', #5697, ( #3430 ) );
#303 = LINE ( 'NONE', #4856, #1499 ) ;
#304 =( LENGTH_UNIT ( ) NAMED_UNIT ( * ) SI_UNIT ( .MILLI., .METRE. ) );
#305 = CARTESIAN_POINT ( 'NONE',  ( 1.953751619940947259, 4.042130723348872579, 2.499999999999999556 ) ) ;
#306 = PRESENTATION_LAYER_ASSIGNMENT (  '', '', ( #2729 ) ) ;
#307 = CARTESIAN_POINT ( 'NONE',  ( 6.399999999999999467, 0.000000000000000000, 2.399999999999999911 ) ) ;
#308 =( BOUNDED_CURVE ( )  B_SPLINE_CURVE ( 3, ( #2263, #6334, #347, #2300 ),
 .UNSPECIFIED., .F., .F. ) 
 B_SPLINE_CURVE_WITH_KNOTS ( ( 4, 4 ),
 ( 0.000000000000000000, 1.570796326794896558 ),
 .UNSPECIFIED. ) 
 CURVE ( )  GEOMETRIC_REPRESENTATION_ITEM ( )  RATIONAL_B_SPLINE_CURVE ( ( 1.000000000000000000, 0.8047378541243649375, 0.8047378541243649375, 1.000000000000000000 ) ) 
 REPRESENTATION_ITEM ( '' )  );
#309 = UNCERTAINTY_MEASURE_WITH_UNIT (LENGTH_MEASURE( 1.000000000000000082E-05 ), #320, 'distance_accuracy_value', 'NONE');
#310 = FILL_AREA_STYLE_COLOUR ( '', #1712 ) ;
#311 = VERTEX_POINT ( 'NONE', #2634 ) ;
#312 = DIRECTION ( 'NONE',  ( 0.000000000000000000, 1.000000000000000000, 0.000000000000000000 ) ) ;
#313 = FACE_BOUND ( 'NONE', #4161, .T. ) ;
#314 = VERTEX_POINT ( 'NONE', #2568 ) ;
#315 = CARTESIAN_POINT ( 'NONE',  ( -0.004995931733065858346, 4.062042510342796398, 2.500000000000000000 ) ) ;
#316 = ORIENTED_EDGE ( 'NONE', *, *, #3583, .F. ) ;
#317 =( NAMED_UNIT ( * ) SI_UNIT ( $, .STERADIAN. ) SOLID_ANGLE_UNIT ( ) );
#318 = CARTESIAN_POINT ( 'NONE',  ( 3.046534111915398135, 4.330888543809129132, 2.499999999999999556 ) ) ;
#319 = ORIENTED_EDGE ( 'NONE', *, *, #5260, .T. ) ;
#320 =( LENGTH_UNIT ( ) NAMED_UNIT ( * ) SI_UNIT ( .MILLI., .METRE. ) );
#321 = EDGE_CURVE ( 'NONE', #4394, #5546, #2478, .T. ) ;
#322 = FACE_OUTER_BOUND ( 'NONE', #6279, .T. ) ;
#323 =( LENGTH_UNIT ( ) NAMED_UNIT ( * ) SI_UNIT ( .MILLI., .METRE. ) );
#324 =( NAMED_UNIT ( * ) SI_UNIT ( $, .STERADIAN. ) SOLID_ANGLE_UNIT ( ) );
#325 = SURFACE_STYLE_FILL_AREA ( #287 ) ;
#326 = ORIENTED_EDGE ( 'NONE', *, *, #4404, .T. ) ;
#327 = VERTEX_POINT ( 'NONE', #3616 ) ;
#328 = FACE_OUTER_BOUND ( 'NONE', #4290, .T. ) ;
#329 = CARTESIAN_POINT ( 'NONE',  ( -1.465270014165220180, 4.591643710361859476, 2.500000000000000000 ) ) ;
#330 = CARTESIAN_POINT ( 'NONE',  ( 3.772807868833385037, 6.751635441718798702, 2.499999999999999556 ) ) ;
#331 = CARTESIAN_POINT ( 'NONE',  ( -1.435831571308858745, 6.814841139229731226, 2.500000000000000000 ) ) ;
#332 = STYLED_ITEM ( 'NONE', ( #5571 ), #4808 ) ;
#333 = ORIENTED_EDGE ( 'NONE', *, *, #5183, .F. ) ;
#334 = FILL_AREA_STYLE_COLOUR ( '', #1536 ) ;
#335 = CARTESIAN_POINT ( 'NONE',  ( -0.1138089752041809705, 7.869431707952564636, 2.500000000000000000 ) ) ;
#336 = COLOUR_RGB ( '',0.8313725490196077761, 0.8392156862745098200, 0.8313725490196077761 ) ;
#337 = UNCERTAINTY_MEASURE_WITH_UNIT (LENGTH_MEASURE( 1.000000000000000082E-05 ), #2026, 'distance_accuracy_value', 'NONE');
#338 = CARTESIAN_POINT ( 'NONE',  ( 2.749674751950268003, 7.252852974186331458, 2.499999999999999556 ) ) ;
#339 = CARTESIAN_POINT ( 'NONE',  ( 2.497582788772116036, 4.089208645426794853, 2.499999999999999556 ) ) ;
#340 = FILL_AREA_STYLE ('',( #1833 ) ) ;
#341 = STYLED_ITEM ( 'NONE', ( #1680 ), #5674 ) ;
#342 = VECTOR ( 'NONE', #1347, 1000.000000000000114 ) ;
#343 = DIRECTION ( 'NONE',  ( 1.000000000000000000, 0.000000000000000000, 0.000000000000000000 ) ) ;
#344 = EDGE_LOOP ( 'NONE', ( #6298, #3576, #3535, #6063, #3903, #4254, #1971, #2504, #4331, #3937, #3604, #5501, #3269, #3882, #4528 ) ) ;
#345 = DIRECTION ( 'NONE',  ( -0.000000000000000000, -0.000000000000000000, -1.000000000000000000 ) ) ;
#346 = ORIENTED_EDGE ( 'NONE', *, *, #806, .T. ) ;
#347 = CARTESIAN_POINT ( 'NONE',  ( 6.292893218813452982, 11.00000000000000178, -2.234314575050763363 ) ) ;
#348 = VECTOR ( 'NONE', #3791, 1000.000000000000000 ) ;
#349 = ORIENTED_EDGE ( 'NONE', *, *, #432, .T. ) ;
#350 = DIRECTION ( 'NONE',  ( -0.5057194997124211389, 0.8626979700976572518, 5.140332939904590317E-17 ) ) ;
#351 = CARTESIAN_POINT ( 'NONE',  ( 0.1054220706127102503, 4.763078823843657439, 2.499999999999999556 ) ) ;
#352 = ORIENTED_EDGE ( 'NONE', *, *, #6364, .T. ) ;
#353 = CARTESIAN_POINT ( 'NONE',  ( 5.999999999999998224, 10.99999999999999822, -2.000000000000000444 ) ) ;
#354 = SURFACE_SIDE_STYLE ('',( #3906 ) ) ;
#355 = CARTESIAN_POINT ( 'NONE',  ( -0.9806920920872987946, 7.800336740420097392, 2.500000000000000000 ) ) ;
#356 = UNCERTAINTY_MEASURE_WITH_UNIT (LENGTH_MEASURE( 1.000000000000000082E-05 ), #732, 'distance_accuracy_value', 'NONE');
#357 = DIRECTION ( 'NONE',  ( -0.5056996249503958873, 0.8627096205126201234, 5.140130924965538164E-17 ) ) ;
#358 = ORIENTED_EDGE ( 'NONE', *, *, #3165, .F. ) ;
#359 = VERTEX_POINT ( 'NONE', #6115 ) ;
#360 = CARTESIAN_POINT ( 'NONE',  ( -0.06257183780398835327, 3.335849960694567962, -2.500000000000000444 ) ) ;
#361 = PRESENTATION_LAYER_ASSIGNMENT (  '', '', ( #1325 ) ) ;
#362 = LINE ( 'NONE', #6487, #962 ) ;
#363 = SURFACE_STYLE_USAGE ( .BOTH. , #910 ) ;
#364 = ORIENTED_EDGE ( 'NONE', *, *, #5339, .T. ) ;
#365 =( NAMED_UNIT ( * ) SI_UNIT ( $, .STERADIAN. ) SOLID_ANGLE_UNIT ( ) );
#366 = DIRECTION ( 'NONE',  ( -9.637352644315546235E-15, 1.000000000000000000, 0.000000000000000000 ) ) ;
#367 = LINE ( 'NONE', #1955, #3839 ) ;
#368 = EDGE_CURVE ( 'NONE', #5546, #1563, #4586, .T. ) ;
#369 = CARTESIAN_POINT ( 'NONE',  ( 5.350000000000001421, 0.2000000000000004274, 12.49999999999999645 ) ) ;
#370 = UNCERTAINTY_MEASURE_WITH_UNIT (LENGTH_MEASURE( 1.000000000000000082E-05 ), #6231, 'distance_accuracy_value', 'NONE');
#371 = AXIS2_PLACEMENT_3D ( 'NONE', #5316, #2847, #4245 ) ;
#372 = CARTESIAN_POINT ( 'NONE',  ( -3.318354429749635237, 3.816075528543677375, 2.500000000000000000 ) ) ;
#373 = VERTEX_POINT ( 'NONE', #5609 ) ;
#374 = CARTESIAN_POINT ( 'NONE',  ( -0.05265694705473360909, 7.650672409656078088, 2.500000000000000000 ) ) ;
#375 = FACE_BOUND ( 'NONE', #344, .T. ) ;
#376 = VERTEX_POINT ( 'NONE', #1642 ) ;
#377 = CARTESIAN_POINT ( 'NONE',  ( 3.605389650226944465, 4.351877992519711746, 2.499999999999999556 ) ) ;
#378 = ADVANCED_FACE ( 'NONE', ( #3646 ), #3520, .F. ) ;
#379 = EDGE_CURVE ( 'NONE', #608, #376, #1577, .T. ) ;
#380 = VERTEX_POINT ( 'NONE', #594 ) ;
#381 = LINE ( 'NONE', #926, #4007 ) ;
#382 = CARTESIAN_POINT ( 'NONE',  ( 3.162683179113057630, 7.020599565337423797, 2.499999999999999556 ) ) ;
#383 = ORIENTED_EDGE ( 'NONE', *, *, #248, .T. ) ;
#384 = LINE ( 'NONE', #4943, #1043 ) ;
#385 = EDGE_CURVE ( 'NONE', #6041, #1299, #4166, .T. ) ;
#387 = LINE ( 'NONE', #900, #6421 ) ;
#386 = PRESENTATION_STYLE_ASSIGNMENT (( #4806 ) ) ;
#388 = CARTESIAN_POINT ( 'NONE',  ( 4.760000000000000675, 0.01000000000000002970, 2.499999999999998668 ) ) ;
#389 = SURFACE_STYLE_FILL_AREA ( #4444 ) ;
#390 = CIRCLE ( 'NONE', #6302, 0.009999999999999592548 ) ;
#391 = CIRCLE ( 'NONE', #4809, 0.1000000000000002554 ) ;
#392 = CARTESIAN_POINT ( 'NONE',  ( 0.07701868101057110505, 3.331322264272139400, -2.500000000000000888 ) ) ;
#393 = ORIENTED_EDGE ( 'NONE', *, *, #3447, .T. ) ;
#394 = VECTOR ( 'NONE', #6267, 1000.000000000000000 ) ;
#395 = ORIENTED_EDGE ( 'NONE', *, *, #1806, .F. ) ;
#396 = CARTESIAN_POINT ( 'NONE',  ( -0.2093852739054796741, 8.025580246913603943, 2.500000000000000000 ) ) ;
#397 = DIRECTION ( 'NONE',  ( 1.000000000000000000, 0.000000000000000000, -1.016439536705160653E-16 ) ) ;
#398 = FACE_OUTER_BOUND ( 'NONE', #6053, .T. ) ;
#399 = PRESENTATION_LAYER_ASSIGNMENT (  '', '', ( #5434 ) ) ;
#400 = ORIENTED_EDGE ( 'NONE', *, *, #5838, .T. ) ;
#401 = CARTESIAN_POINT ( 'NONE',  ( -6.500000000000000888, 10.49999999999999822, -2.399999999999999911 ) ) ;
#402 = CARTESIAN_POINT ( 'NONE',  ( -5.249999999999999112, 0.1000000000000004219, -2.300000000000001599 ) ) ;
#403 = VECTOR ( 'NONE', #2394, 1000.000000000000114 ) ;
#404 = CARTESIAN_POINT ( 'NONE',  ( -1.272899884295090489, 4.887504099972248994, 2.500000000000000000 ) ) ;
#405 = STYLED_ITEM ( 'NONE', ( #5068 ), #625 ) ;
#406 = CARTESIAN_POINT ( 'NONE',  ( 2.090583842859358832, 6.900174402757759395, 2.499999999999999556 ) ) ;
#407 = ORIENTED_EDGE ( 'NONE', *, *, #4912, .F. ) ;
#408 = CARTESIAN_POINT ( 'NONE',  ( 2.455031894807410797, 7.252852974186331458, 2.499999999999999556 ) ) ;
#409 = SURFACE_STYLE_USAGE ( .BOTH. , #4934 ) ;
#410 = VERTEX_POINT ( 'NONE', #3127 ) ;
#411 = CARTESIAN_POINT ( 'NONE',  ( 0.3374831851837644114, 2.353134519398629276, -2.500000000000000888 ) ) ;
#412 =( LENGTH_UNIT ( ) NAMED_UNIT ( * ) SI_UNIT ( .MILLI., .METRE. ) );
#413 = MECHANICAL_DESIGN_GEOMETRIC_PRESENTATION_REPRESENTATION (  '', ( #2729 ), #6005 ) ;
#414 = VERTEX_POINT ( 'NONE', #5016 ) ;
#415 = CARTESIAN_POINT ( 'NONE',  ( 0.2445312500000000611, 3.506151669274953697, -2.500000000000000888 ) ) ;
#416 = ADVANCED_FACE ( 'NONE', ( #121 ), #1011, .F. ) ;
#417 = LINE ( 'NONE', #2464, #2468 ) ;
#418 = EDGE_LOOP ( 'NONE', ( #5429, #6048, #3864, #1849 ) ) ;
#419 = CARTESIAN_POINT ( 'NONE',  ( -0.3800460954132657831, 5.069743874093740388, 2.500000000000000000 ) ) ;
#421 = SURFACE_SIDE_STYLE ('',( #4976 ) ) ;
#420 = CARTESIAN_POINT ( 'NONE',  ( -6.299999999999999822, 0.000000000000000000, -2.300000000000000711 ) ) ;
#422 = LINE ( 'NONE', #1976, #6415 ) ;
#423 = LINE ( 'NONE', #1388, #6108 ) ;
#424 = EDGE_CURVE ( 'NONE', #1150, #568, #3199, .T. ) ;
#425 = UNCERTAINTY_MEASURE_WITH_UNIT (LENGTH_MEASURE( 1.000000000000000082E-05 ), #2685, 'distance_accuracy_value', 'NONE');
#426 = ORIENTED_EDGE ( 'NONE', *, *, #4903, .F. ) ;
#427 = DIRECTION ( 'NONE',  ( 0.5056715232898540968, 0.8627260924150367272, -5.139845288577320541E-17 ) ) ;
#428 =( GEOMETRIC_REPRESENTATION_CONTEXT ( 3 ) GLOBAL_UNCERTAINTY_ASSIGNED_CONTEXT ( ( #4281 ) ) GLOBAL_UNIT_ASSIGNED_CONTEXT ( ( #6029, #1442, #1937 ) ) REPRESENTATION_CONTEXT ( 'NONE', 'WORKASPACE' ) );
#429 = VERTEX_POINT ( 'NONE', #5777 ) ;
#430 =( LENGTH_UNIT ( ) NAMED_UNIT ( * ) SI_UNIT ( .MILLI., .METRE. ) );
#431 = DIRECTION ( 'NONE',  ( 1.016439536705160653E-16, -0.000000000000000000, 1.000000000000000000 ) ) ;
#432 = EDGE_CURVE ( 'NONE', #3333, #380, #6542, .T. ) ;
#433 = ORIENTED_EDGE ( 'NONE', *, *, #6006, .F. ) ;
#434 = PRESENTATION_STYLE_ASSIGNMENT (( #4991 ) ) ;
#435 = CARTESIAN_POINT ( 'NONE',  ( 4.750000000000000888, 0.01000000000000002970, 2.499999999999998668 ) ) ;
#436 = CARTESIAN_POINT ( 'NONE',  ( -0.2023844622171683538, 3.796595009063159054, 2.500000000000000000 ) ) ;
#437 = CARTESIAN_POINT ( 'NONE',  ( -0.6461603791696310939, 4.120077505338866963, -2.500000000000000444 ) ) ;
#438 = CARTESIAN_POINT ( 'NONE',  ( 0.7771989206347589274, 8.466350291807936301, 2.499999999999999556 ) ) ;
#439 = CARTESIAN_POINT ( 'NONE',  ( -1.468423816133392679, 5.023733403624207838, 2.500000000000000000 ) ) ;
#440 = VECTOR ( 'NONE', #5338, 1000.000000000000114 ) ;
#441 = ORIENTED_EDGE ( 'NONE', *, *, #6536, .F. ) ;
#442 = CARTESIAN_POINT ( 'NONE',  ( 2.336119557145073244, 7.252852974186331458, 2.499999999999999556 ) ) ;
#443 = STYLED_ITEM ( 'NONE', ( #5256 ), #2763 ) ;
#444 = VERTEX_POINT ( 'NONE', #4807 ) ;
#445 = CARTESIAN_POINT ( 'NONE',  ( -0.1829941658931160953, 4.556103200129945741, 2.500000000000000000 ) ) ;
#446 =( LENGTH_UNIT ( ) NAMED_UNIT ( * ) SI_UNIT ( .MILLI., .METRE. ) );
#447 = AXIS2_PLACEMENT_3D ( 'NONE', #6083, #1078, #5143 ) ;
#448 = VERTEX_POINT ( 'NONE', #2181 ) ;
#449 = CARTESIAN_POINT ( 'NONE',  ( 1.953751619940947259, 4.042130723348872579, 2.499999999999999556 ) ) ;
#450 = CARTESIAN_POINT ( 'NONE',  ( 3.745210466235982416, 7.001838363796720976, 2.499999999999999556 ) ) ;
#451 = VECTOR ( 'NONE', #4018, 1000.000000000000000 ) ;
#452 = CARTESIAN_POINT ( 'NONE',  ( -0.3987724444517283251, 5.025710675406537931, 2.500000000000000000 ) ) ;
#453 = AXIS2_PLACEMENT_3D ( 'NONE', #6077, #3519, #4073 ) ;
#455 = PRESENTATION_STYLE_ASSIGNMENT (( #4005 ) ) ;
#454 = CARTESIAN_POINT ( 'NONE',  ( -3.630042741437947917, 4.673218385686534582, 2.500000000000000000 ) ) ;
#456 = FILL_AREA_STYLE_COLOUR ( '', #4499 ) ;
#457 = CARTESIAN_POINT ( 'NONE',  ( 2.191030271430787213, 6.525580246913603943, 2.499999999999999556 ) ) ;
#458 = ORIENTED_EDGE ( 'NONE', *, *, #2651, .F. ) ;
#459 = LINE ( 'NONE', #2873, #4115 ) ;
#460 = B_SPLINE_CURVE_WITH_KNOTS ( 'NONE', 3,
 ( #4526, #4459, #1925, #3957, #1991, #3926, #6424, #1864, #437, #882, #3990 ),
 .UNSPECIFIED., .F., .F.,
 ( 4, 1, 1, 1, 1, 1, 1, 1, 4 ),
 ( 0.000000000000000000, 0.1633466419797964808, 0.3066913266864557674, 0.4345989141071324169, 0.5476893777153181153, 0.6552956344685730850, 0.7615750495759839866, 0.8747651816497032939, 1.000000000000000000 ),
 .UNSPECIFIED. ) ;
#461 = VERTEX_POINT ( 'NONE', #4169 ) ;
#462 = DIRECTION ( 'NONE',  ( 0.000000000000000000, 0.000000000000000000, -1.000000000000000000 ) ) ;
#463 = SURFACE_STYLE_FILL_AREA ( #3486 ) ;
#464 = EDGE_CURVE ( 'NONE', #6060, #5768, #285, .T. ) ;
#465 = CARTESIAN_POINT ( 'NONE',  ( 6.299999999999998046, 6.299999999999999822, -2.300000000000000711 ) ) ;
#466 = AXIS2_PLACEMENT_3D ( 'NONE', #3895, #345, #4898 ) ;
#467 = VERTEX_POINT ( 'NONE', #1173 ) ;
#468 =( GEOMETRIC_REPRESENTATION_CONTEXT ( 3 ) GLOBAL_UNCERTAINTY_ASSIGNED_CONTEXT ( ( #4930 ) ) GLOBAL_UNIT_ASSIGNED_CONTEXT ( ( #6221, #1184, #2255 ) ) REPRESENTATION_CONTEXT ( 'NONE', 'WORKASPACE' ) );
#469 = CARTESIAN_POINT ( 'NONE',  ( -0.5241174167626224678, 6.525580246913603943, 2.500000000000000000 ) ) ;
#470 = SURFACE_SIDE_STYLE ('',( #2943 ) ) ;
#471 = ORIENTED_EDGE ( 'NONE', *, *, #1876, .F. ) ;
#472 = LINE ( 'NONE', #6498, #6207 ) ;
#473 = CARTESIAN_POINT ( 'NONE',  ( 0.1402641245586262186, 3.998817851810636981, 2.499999999999999556 ) ) ;
#474 = CARTESIAN_POINT ( 'NONE',  ( -1.233938845334051404, 4.233384781790430651, 2.500000000000000000 ) ) ;
#475 =( NAMED_UNIT ( * ) PLANE_ANGLE_UNIT ( ) SI_UNIT ( $, .RADIAN. ) );
#476 = VECTOR ( 'NONE', #3439, 1000.000000000000000 ) ;
#477 = ORIENTED_EDGE ( 'NONE', *, *, #385, .F. ) ;
#478 = DIRECTION ( 'NONE',  ( 1.000000000000000000, 0.000000000000000000, 0.000000000000000000 ) ) ;
#479 = CARTESIAN_POINT ( 'NONE',  ( -3.162510273905479341, 4.335961892180041133, 2.500000000000000000 ) ) ;
#480 = ORIENTED_EDGE ( 'NONE', *, *, #723, .F. ) ;
#481 = CARTESIAN_POINT ( 'NONE',  ( -4.759999999999998899, 0.000000000000000000, 2.299999999999999822 ) ) ;
#482 = STYLED_ITEM ( 'NONE', ( #2545 ), #6486 ) ;
#483 = CARTESIAN_POINT ( 'NONE',  ( 3.113248373187701201, 4.367414814257964295, 2.499999999999999556 ) ) ;
#484 = CARTESIAN_POINT ( 'NONE',  ( -0.3499999999999999223, 2.944042294274953342, -2.500000000000000444 ) ) ;
#485 =( NAMED_UNIT ( * ) PLANE_ANGLE_UNIT ( ) SI_UNIT ( $, .RADIAN. ) );
#486 = ORIENTED_EDGE ( 'NONE', *, *, #5797, .T. ) ;
#487 = EDGE_CURVE ( 'NONE', #4904, #3201, #2669, .T. ) ;
#488 =( LENGTH_UNIT ( ) NAMED_UNIT ( * ) SI_UNIT ( .MILLI., .METRE. ) );
#489 = ORIENTED_EDGE ( 'NONE', *, *, #4293, .T. ) ;
#490 = EDGE_CURVE ( 'NONE', #2337, #2012, #4265, .T. ) ;
#491 = DIRECTION ( 'NONE',  ( -1.000000000000000000, 0.000000000000000000, 1.016439536705160653E-16 ) ) ;
#492 = CARTESIAN_POINT ( 'NONE',  ( -6.399999999999999467, 11.00000000000000000, 2.500000000000000444 ) ) ;
#493 = SURFACE_STYLE_FILL_AREA ( #940 ) ;
#494 = SURFACE_STYLE_USAGE ( .BOTH. , #4106 ) ;
#495 = CARTESIAN_POINT ( 'NONE',  ( 4.750000000000000000, 0.01000000000000002970, -2.299999999999999822 ) ) ;
#496 = EDGE_CURVE ( 'NONE', #5325, #414, #1777, .T. ) ;
#497 = PRESENTATION_LAYER_ASSIGNMENT (  '', '', ( #5554 ) ) ;
#498 = ORIENTED_EDGE ( 'NONE', *, *, #5756, .F. ) ;
#499 = EDGE_CURVE ( 'NONE', #3210, #3333, #4305, .T. ) ;
#500 = LINE ( 'NONE', #665, #997 ) ;
#501 =( LENGTH_UNIT ( ) NAMED_UNIT ( * ) SI_UNIT ( .MILLI., .METRE. ) );
#502 = B_SPLINE_CURVE_WITH_KNOTS ( 'NONE', 3,
 ( #3473, #6025, #3041, #1527, #1328, #3809, #3014, #1439, #5000, #3323, #5334, #3533, #5058, #2548, #3445, #828, #5465, #445, #1501 ),
 .UNSPECIFIED., .F., .F.,
 ( 4, 1, 1, 1, 1, 1, 1, 1, 1, 1, 1, 1, 1, 1, 1, 1, 4 ),
 ( 0.000000000000000000, 0.07553170670764736139, 0.1470578195305899394, 0.2158553469488316834, 0.2825051018261510172, 0.3471197186959720793, 0.4107715378315267007, 0.4731813908398399549, 0.5355995226640031248, 0.5966025870578042234, 0.6562480021656957874, 0.7136688321210815644, 0.7699489930252698677, 0.8261510603738749792, 0.8828291921799029662, 0.9402680167549581913, 1.000000000000000000 ),
 .UNSPECIFIED. ) ;
#503 = CARTESIAN_POINT ( 'NONE',  ( -5.249999999999997335, 0.1000000000000004219, 12.49999999999999822 ) ) ;
#504 = STYLED_ITEM ( 'NONE', ( #4319 ), #2368 ) ;
#505 = EDGE_CURVE ( 'NONE', #654, #359, #5569, .T. ) ;
#506 = ADVANCED_FACE ( 'NONE', ( #6209 ), #6346, .T. ) ;
#507 = ORIENTED_EDGE ( 'NONE', *, *, #4004, .F. ) ;
#508 = DIRECTION ( 'NONE',  ( 0.2425356250363333577, 0.9701425001453317654, -2.465227983464272405E-17 ) ) ;
#509 = CARTESIAN_POINT ( 'NONE',  ( 0.2067383142859777478, 4.218003748594099100, 2.499999999999999556 ) ) ;
#510 = B_SPLINE_CURVE_WITH_KNOTS ( 'NONE', 3,
 ( #5283, #2780, #4785, #258, #5449 ),
 .UNSPECIFIED., .F., .F.,
 ( 4, 1, 4 ),
 ( 0.000000000000000000, 0.5271548120356771561, 1.000000000000000000 ),
 .UNSPECIFIED. ) ;
#512 = STYLED_ITEM ( 'NONE', ( #3508 ), #2163 ) ;
#511 = STYLED_ITEM ( 'NONE', ( #2824 ), #6327 ) ;
#513 = CARTESIAN_POINT ( 'NONE',  ( -1.235867095570150065, 4.293012617796861718, 2.500000000000000000 ) ) ;
#514 = ORIENTED_EDGE ( 'NONE', *, *, #4902, .T. ) ;
#515 = SURFACE_STYLE_USAGE ( .BOTH. , #2003 ) ;
#516 = LINE ( 'NONE', #3046, #6169 ) ;
#517 = MECHANICAL_DESIGN_GEOMETRIC_PRESENTATION_REPRESENTATION (  '', ( #2614 ), #6426 ) ;
#518 = EDGE_CURVE ( 'NONE', #3671, #2816, #6515, .T. ) ;
#519 = VERTEX_POINT ( 'NONE', #4947 ) ;
#520 = LINE ( 'NONE', #2988, #5550 ) ;
#522 = CYLINDRICAL_SURFACE ( 'NONE', #1149, 0.009999999999999592548 ) ;
#521 = FILL_AREA_STYLE_COLOUR ( '', #3912 ) ;
#523 = CARTESIAN_POINT ( 'NONE',  ( 2.475105540486826072, 4.330888543809129132, 2.499999999999999556 ) ) ;
#524 = DIRECTION ( 'NONE',  ( -1.239088197126290570E-16, -0.000000000000000000, -1.000000000000000000 ) ) ;
#525 = VECTOR ( 'NONE', #3828, 1000.000000000000000 ) ;
#526 =( BOUNDED_CURVE ( )  B_SPLINE_CURVE ( 3, ( #4910, #155, #4410, #769 ),
 .UNSPECIFIED., .F., .F. ) 
 B_SPLINE_CURVE_WITH_KNOTS ( ( 4, 4 ),
 ( 0.000000000000000000, 1.570796326794896558 ),
 .UNSPECIFIED. ) 
 CURVE ( )  GEOMETRIC_REPRESENTATION_ITEM ( )  RATIONAL_B_SPLINE_CURVE ( ( 1.000000000000000000, 0.8047378541243649375, 0.8047378541243649375, 1.000000000000000000 ) ) 
 REPRESENTATION_ITEM ( '' )  );
#527 = CARTESIAN_POINT ( 'NONE',  ( -0.007421875000000026541, 2.287401669274953697, -2.500000000000000444 ) ) ;
#528 = VERTEX_POINT ( 'NONE', #1851 ) ;
#529 = DIRECTION ( 'NONE',  ( 0.000000000000000000, 1.000000000000000000, 0.000000000000000000 ) ) ;
#530 = CARTESIAN_POINT ( 'NONE',  ( -4.750000000000105693, 11.00000000000001421, 2.500000000000000444 ) ) ;
#531 = CARTESIAN_POINT ( 'NONE',  ( 4.760000000000000675, 0.000000000000000000, -2.299999999999999822 ) ) ;
#532 = CARTESIAN_POINT ( 'NONE',  ( -5.349999999999997868, 0.1000000000000004080, 12.49999999999999822 ) ) ;
#533 = MECHANICAL_DESIGN_GEOMETRIC_PRESENTATION_REPRESENTATION (  '', ( #5590 ), #6128 ) ;
#534 = ORIENTED_EDGE ( 'NONE', *, *, #2322, .T. ) ;
#535 = PRESENTATION_STYLE_ASSIGNMENT (( #3065 ) ) ;
#536 = FILL_AREA_STYLE_COLOUR ( '', #2834 ) ;
#537 = B_SPLINE_CURVE_WITH_KNOTS ( 'NONE', 3,
 ( #3446, #4900, #377, #6432, #3897, #1407, #3416 ),
 .UNSPECIFIED., .F., .F.,
 ( 4, 1, 1, 1, 4 ),
 ( 0.000000000000000000, 0.2759400882070076610, 0.5327379385843445947, 0.7759418428336761764, 1.000000000000000000 ),
 .UNSPECIFIED. ) ;
#538 = ORIENTED_EDGE ( 'NONE', *, *, #5376, .F. ) ;
#539 = CARTESIAN_POINT ( 'NONE',  ( 0.05654854536056098946, 3.897627560214995235, 2.499999999999999556 ) ) ;
#540 =( GEOMETRIC_REPRESENTATION_CONTEXT ( 3 ) GLOBAL_UNCERTAINTY_ASSIGNED_CONTEXT ( ( #370 ) ) GLOBAL_UNIT_ASSIGNED_CONTEXT ( ( #6231, #1200, #617 ) ) REPRESENTATION_CONTEXT ( 'NONE', 'WORKASPACE' ) );
#541 = B_SPLINE_CURVE_WITH_KNOTS ( 'NONE', 3,
 ( #120, #4138, #4679, #1136, #6177, #5681, #1641, #5141, #3090, #1172, #1544, #5108, #2594, #5541, #6113, #3164, #2015, #5174, #4617 ),
 .UNSPECIFIED., .F., .F.,
 ( 4, 1, 1, 1, 1, 1, 1, 1, 1, 1, 1, 1, 1, 1, 1, 1, 4 ),
 ( 0.000000000000000000, 0.07812529689189318116, 0.1518301493922369072, 0.2221520613979016123, 0.2890233266244052190, 0.3525976224640652301, 0.4148420026739735866, 0.4749348900295486398, 0.5348433958080137662, 0.5934135167521016330, 0.6507869454438947043, 0.7072859995271781886, 0.7634577572775841370, 0.8197238077213154783, 0.8778515259498438361, 0.9374785251711038603, 1.000000000000000000 ),
 .UNSPECIFIED. ) ;
#542 = DIRECTION ( 'NONE',  ( 0.000000000000000000, 1.000000000000000000, 0.000000000000000000 ) ) ;
#543 = CARTESIAN_POINT ( 'NONE',  ( 3.335245126434454033, 4.543348255816405334, 2.499999999999999556 ) ) ;
#544 =( NAMED_UNIT ( * ) SI_UNIT ( $, .STERADIAN. ) SOLID_ANGLE_UNIT ( ) );
#545 = UNCERTAINTY_MEASURE_WITH_UNIT (LENGTH_MEASURE( 1.000000000000000082E-05 ), #2541, 'distance_accuracy_value', 'NONE');
#546 = VECTOR ( 'NONE', #2069, 1000.000000000000000 ) ;
#547 = ORIENTED_EDGE ( 'NONE', *, *, #1204, .T. ) ;
#548 = DIRECTION ( 'NONE',  ( -1.000000000000000000, 0.000000000000000000, 1.016439536705160653E-16 ) ) ;
#549 = SURFACE_STYLE_FILL_AREA ( #5596 ) ;
#550 = ORIENTED_EDGE ( 'NONE', *, *, #1970, .F. ) ;
#551 = CARTESIAN_POINT ( 'NONE',  ( -2.168623077464587823, 4.908264072363620834, 2.500000000000000000 ) ) ;
#552 = AXIS2_PLACEMENT_3D ( 'NONE', #4675, #6232, #146 ) ;
#553 = SURFACE_SIDE_STYLE ('',( #6003 ) ) ;
#554 = DIRECTION ( 'NONE',  ( 0.000000000000000000, 0.000000000000000000, -1.000000000000000000 ) ) ;
#555 = VECTOR ( 'NONE', #3271, 1000.000000000000000 ) ;
#556 = CARTESIAN_POINT ( 'NONE',  ( -0.2719623843886245229, 5.330325751157041658, 2.500000000000000000 ) ) ;
#557 = PRESENTATION_LAYER_ASSIGNMENT (  '', '', ( #2031 ) ) ;
#558 = VERTEX_POINT ( 'NONE', #1448 ) ;
#559 = CARTESIAN_POINT ( 'NONE',  ( 5.350000000000001421, 0.2000000000000004274, 12.49999999999999645 ) ) ;
#560 = ORIENTED_EDGE ( 'NONE', *, *, #6252, .T. ) ;
#561 = LINE ( 'NONE', #2668, #3602 ) ;
#562 =( NAMED_UNIT ( * ) PLANE_ANGLE_UNIT ( ) SI_UNIT ( $, .RADIAN. ) );
#563 = VECTOR ( 'NONE', #1704, 1000.000000000000000 ) ;
#564 = VECTOR ( 'NONE', #6317, 1000.000000000000000 ) ;
#565 = CARTESIAN_POINT ( 'NONE',  ( 0.4949218750000001221, 2.912401669274953253, -2.500000000000000888 ) ) ;
#566 = VERTEX_POINT ( 'NONE', #3846 ) ;
#567 = CARTESIAN_POINT ( 'NONE',  ( -5.249999999999999112, 6.299999999999999822, -2.300000000000000711 ) ) ;
#568 = VERTEX_POINT ( 'NONE', #3326 ) ;
#569 = FILL_AREA_STYLE_COLOUR ( '', #3804 ) ;
#570 = CARTESIAN_POINT ( 'NONE',  ( -0.1914266700093761597, 4.556335268803418437, 2.500000000000000000 ) ) ;
#571 = VECTOR ( 'NONE', #6227, 1000.000000000000000 ) ;
#572 = VERTEX_POINT ( 'NONE', #4978 ) ;
#573 = FACE_OUTER_BOUND ( 'NONE', #4963, .T. ) ;
#574 = CARTESIAN_POINT ( 'NONE',  ( 0.2073210902832814673, 4.251121226193364855, 2.499999999999999556 ) ) ;
#575 = EDGE_CURVE ( 'NONE', #1524, #3016, #5914, .T. ) ;
#576 = LINE ( 'NONE', #2684, #1764 ) ;
#577 = CARTESIAN_POINT ( 'NONE',  ( -4.750000000000000000, 0.1000000000000004913, 2.500000000000000444 ) ) ;
#578 = CARTESIAN_POINT ( 'NONE',  ( 2.192387983577310795, 4.543348255816405334, 2.499999999999999556 ) ) ;
#579 = EDGE_LOOP ( 'NONE', ( #4633, #1037, #1248, #3087, #5748, #1772, #1746, #5975, #3655, #6175, #5137, #2552, #6241, #2097, #433 ) ) ;
#580 = CARTESIAN_POINT ( 'NONE',  ( -6.299999999999998934, 5.599999999999998757, 2.299999999999999822 ) ) ;
#581 = SURFACE_STYLE_FILL_AREA ( #1505 ) ;
#582 = EDGE_CURVE ( 'NONE', #68, #2801, #3489, .T. ) ;
#583 = EDGE_LOOP ( 'NONE', ( #3755, #6084, #652, #3838 ) ) ;
#584 = VECTOR ( 'NONE', #4435, 1000.000000000000114 ) ;
#585 = CARTESIAN_POINT ( 'NONE',  ( 3.585104946755463207, 6.525580246913603943, 2.499999999999999556 ) ) ;
#586 = LINE ( 'NONE', #3574, #5558 ) ;
#587 = EDGE_CURVE ( 'NONE', #3123, #124, #1889, .T. ) ;
#588 = VERTEX_POINT ( 'NONE', #4371 ) ;
#589 = ORIENTED_EDGE ( 'NONE', *, *, #4690, .T. ) ;
#590 =( NAMED_UNIT ( * ) PLANE_ANGLE_UNIT ( ) SI_UNIT ( $, .RADIAN. ) );
#591 = VECTOR ( 'NONE', #2620, 1000.000000000000000 ) ;
#592 = CARTESIAN_POINT ( 'NONE',  ( -0.006666118061324216061, 4.953859619452768648, 2.500000000000000000 ) ) ;
#593 = CARTESIAN_POINT ( 'NONE',  ( 0.1695312499999999944, 3.937401669274953164, -2.500000000000000888 ) ) ;
#594 = CARTESIAN_POINT ( 'NONE',  ( -6.399999999999999467, 0.2000000000000015932, -2.500000000000000000 ) ) ;
#595 = FILL_AREA_STYLE ('',( #1643 ) ) ;
#596 = ORIENTED_EDGE ( 'NONE', *, *, #4903, .T. ) ;
#597 = EDGE_CURVE ( 'NONE', #618, #2448, #5947, .T. ) ;
#598 = VERTEX_POINT ( 'NONE', #3876 ) ;
#599 = PRESENTATION_LAYER_ASSIGNMENT (  '', '', ( #930 ) ) ;
#600 =( LENGTH_UNIT ( ) NAMED_UNIT ( * ) SI_UNIT ( .MILLI., .METRE. ) );
#601 = ORIENTED_EDGE ( 'NONE', *, *, #2360, .F. ) ;
#602 = CARTESIAN_POINT ( 'NONE',  ( -0.1612967682244734469, 3.797862666285533706, 2.500000000000000000 ) ) ;
#603 = SURFACE_STYLE_USAGE ( .BOTH. , #4599 ) ;
#604 = DIRECTION ( 'NONE',  ( 0.2103351802298316087, 0.9776293325988558713, -2.137929931456064680E-17 ) ) ;
#605 = VECTOR ( 'NONE', #3875, 1000.000000000000000 ) ;
#606 =( LENGTH_UNIT ( ) NAMED_UNIT ( * ) SI_UNIT ( .MILLI., .METRE. ) );
#607 = EDGE_CURVE ( 'NONE', #5538, #3236, #2961, .T. ) ;
#608 = VERTEX_POINT ( 'NONE', #4339 ) ;
#609 = MECHANICAL_DESIGN_GEOMETRIC_PRESENTATION_REPRESENTATION (  '', ( #945 ), #3144 ) ;
#610 = CARTESIAN_POINT ( 'NONE',  ( -5.240000000000000213, 0.009999999999999970718, -2.300000000000001599 ) ) ;
#611 = LINE ( 'NONE', #6099, #3617 ) ;
#612 = VERTEX_POINT ( 'NONE', #2440 ) ;
#613 = DIRECTION ( 'NONE',  ( 0.000000000000000000, 0.000000000000000000, -1.000000000000000000 ) ) ;
#614 = CARTESIAN_POINT ( 'NONE',  ( -5.000000000000000000, -1.900000000000000133, -0.2500000000000007216 ) ) ;
#615 = CARTESIAN_POINT ( 'NONE',  ( -0.6999999999999999556, 2.983104794274953786, -2.500000000000000444 ) ) ;
#616 = EDGE_CURVE ( 'NONE', #5486, #6547, #423, .T. ) ;
#617 =( NAMED_UNIT ( * ) SI_UNIT ( $, .STERADIAN. ) SOLID_ANGLE_UNIT ( ) );
#618 = VERTEX_POINT ( 'NONE', #355 ) ;
#619 = CARTESIAN_POINT ( 'NONE',  ( -0.2048543299802388362, 2.310461240915470782, -2.500000000000000444 ) ) ;
#620 = ORIENTED_EDGE ( 'NONE', *, *, #2918, .T. ) ;
#621 = FACE_OUTER_BOUND ( 'NONE', #2858, .T. ) ;
#622 = CARTESIAN_POINT ( 'NONE',  ( 0.1248089619158633534, 4.545703429206436219, 2.499999999999999556 ) ) ;
#623 = STYLED_ITEM ( 'NONE', ( #4961 ), #798 ) ;
#624 = DIRECTION ( 'NONE',  ( 0.5056715232898536527, 0.8627260924150369492, -5.139845288577316227E-17 ) ) ;
#625 = ADVANCED_FACE ( 'NONE', ( #3390 ), #2900, .T. ) ;
#626 = EDGE_CURVE ( 'NONE', #3431, #3563, #5226, .T. ) ;
#627 = PRESENTATION_STYLE_ASSIGNMENT (( #4047 ) ) ;
#628 = VECTOR ( 'NONE', #397, 1000.000000000000000 ) ;
#629 = ORIENTED_EDGE ( 'NONE', *, *, #2282, .F. ) ;
#630 = SURFACE_STYLE_FILL_AREA ( #3620 ) ;
#631 = ORIENTED_EDGE ( 'NONE', *, *, #4618, .F. ) ;
#632 = LINE ( 'NONE', #2640, #3495 ) ;
#633 = DIRECTION ( 'NONE',  ( -1.000000000000000000, 0.000000000000000000, 1.016439536705160653E-16 ) ) ;
#634 = DIRECTION ( 'NONE',  ( 0.5061170637016741969, -0.8624647922263234401, -5.144373937475060500E-17 ) ) ;
#635 = EDGE_CURVE ( 'NONE', #4159, #2618, #3401, .T. ) ;
#636 = ORIENTED_EDGE ( 'NONE', *, *, #3920, .T. ) ;
#637 = SURFACE_STYLE_FILL_AREA ( #2578 ) ;
#638 = CARTESIAN_POINT ( 'NONE',  ( 6.499999999999998224, 10.49999999999999822, 2.399999999999999911 ) ) ;
#639 = STYLED_ITEM ( 'NONE', ( #137 ), #6163 ) ;
#640 = FILL_AREA_STYLE_COLOUR ( '', #4295 ) ;
#641 = DIRECTION ( 'NONE',  ( -1.000000000000000000, 0.000000000000000000, 1.016439536705160653E-16 ) ) ;
#642 = FILL_AREA_STYLE_COLOUR ( '', #5347 ) ;
#643 = FACE_OUTER_BOUND ( 'NONE', #2926, .T. ) ;
#644 = LINE ( 'NONE', #2165, #3716 ) ;
#645 = ORIENTED_EDGE ( 'NONE', *, *, #2114, .F. ) ;
#646 = CARTESIAN_POINT ( 'NONE',  ( -5.000000000000000000, -1.900000000000000133, 0.2500000000000000555 ) ) ;
#647 = CARTESIAN_POINT ( 'NONE',  ( -5.349999999999999645, 0.2000000000000004274, -2.500000000000000000 ) ) ;
#648 = CARTESIAN_POINT ( 'NONE',  ( -0.1246593345360247213, 5.165484996628793901, 2.500000000000000000 ) ) ;
#649 = AXIS2_PLACEMENT_3D ( 'NONE', #2355, #5452, #1398 ) ;
#650 = COLOUR_RGB ( '',0.6941176470588235059, 0.09803921568627450844, 0.09803921568627450844 ) ;
#651 = DIRECTION ( 'NONE',  ( -1.000000000000000000, 0.000000000000000000, 3.388131789017202589E-17 ) ) ;
#652 = ORIENTED_EDGE ( 'NONE', *, *, #2999, .T. ) ;
#653 = CARTESIAN_POINT ( 'NONE',  ( -0.2504251327041183695, 2.323045205442493266, -2.500000000000000444 ) ) ;
#654 = VERTEX_POINT ( 'NONE', #1226 ) ;
#655 = VECTOR ( 'NONE', #4185, 1000.000000000000000 ) ;
#656 = DIRECTION ( 'NONE',  ( 0.000000000000000000, 1.000000000000000000, 0.000000000000000000 ) ) ;
#657 = LINE ( 'NONE', #1909, #6257 ) ;
#658 = CARTESIAN_POINT ( 'NONE',  ( 4.760000000000000675, 0.01000000000000002970, 2.299999999999999822 ) ) ;
#659 =( NAMED_UNIT ( * ) SI_UNIT ( $, .STERADIAN. ) SOLID_ANGLE_UNIT ( ) );
#660 = B_SPLINE_CURVE_WITH_KNOTS ( 'NONE', 3,
 ( #2730, #2695, #3673, #1635, #5672 ),
 .UNSPECIFIED., .F., .F.,
 ( 4, 1, 4 ),
 ( 0.000000000000000000, 0.4973064989486192800, 1.000000000000000000 ),
 .UNSPECIFIED. ) ;
#661 =( GEOMETRIC_REPRESENTATION_CONTEXT ( 3 ) GLOBAL_UNCERTAINTY_ASSIGNED_CONTEXT ( ( #918 ) ) GLOBAL_UNIT_ASSIGNED_CONTEXT ( ( #3094, #3710, #4685 ) ) REPRESENTATION_CONTEXT ( 'NONE', 'WORKASPACE' ) );
#662 = VECTOR ( 'NONE', #6377, 1000.000000000000114 ) ;
#663 = LINE ( 'NONE', #4962, #1304 ) ;
#664 = ORIENTED_EDGE ( 'NONE', *, *, #3692, .F. ) ;
#665 = CARTESIAN_POINT ( 'NONE',  ( 2.908905840720168445, 3.816075528543677819, 2.499999999999999556 ) ) ;
#666 = ADVANCED_FACE ( 'NONE', ( #3510 ), #4578, .F. ) ;
#667 = ORIENTED_EDGE ( 'NONE', *, *, #965, .T. ) ;
#668 = CIRCLE ( 'NONE', #6135, 0.09999999999999939493 ) ;
#669 = LINE ( 'NONE', #5785, #2607 ) ;
#670 = STYLED_ITEM ( 'NONE', ( #535 ), #2862 ) ;
#671 = FILL_AREA_STYLE ('',( #1084 ) ) ;
#672 = FILL_AREA_STYLE_COLOUR ( '', #2316 ) ;
#673 = ADVANCED_FACE ( 'NONE', ( #4543 ), #883, .F. ) ;
#674 = ORIENTED_EDGE ( 'NONE', *, *, #4146, .T. ) ;
#675 = SURFACE_SIDE_STYLE ('',( #637 ) ) ;
#676 = CARTESIAN_POINT ( 'NONE',  ( 5.999999999999997335, 11.00000000000000000, 1.999999999999998224 ) ) ;
#677 = DIRECTION ( 'NONE',  ( 0.000000000000000000, -0.000000000000000000, 1.000000000000000000 ) ) ;
#678 = CARTESIAN_POINT ( 'NONE',  ( 4.750000000000002665, 0.1000000000000004913, 12.49999999999999645 ) ) ;
#679 = DIRECTION ( 'NONE',  ( -1.000000000000000000, 0.000000000000000000, 1.016439536705160653E-16 ) ) ;
#680 =( NAMED_UNIT ( * ) SI_UNIT ( $, .STERADIAN. ) SOLID_ANGLE_UNIT ( ) );
#681 = PRESENTATION_LAYER_ASSIGNMENT (  '', '', ( #3506 ) ) ;
#682 = SURFACE_SIDE_STYLE ('',( #5062 ) ) ;
#683 = UNCERTAINTY_MEASURE_WITH_UNIT (LENGTH_MEASURE( 1.000000000000000082E-05 ), #2038, 'distance_accuracy_value', 'NONE');
#684 = CARTESIAN_POINT ( 'NONE',  ( -2.950659624554829552, 4.584642898673547684, 2.500000000000000000 ) ) ;
#685 = VERTEX_POINT ( 'NONE', #2361 ) ;
#686 = CARTESIAN_POINT ( 'NONE',  ( -2.048621184465698519, 4.639309948559432684, 2.500000000000000000 ) ) ;
#687 = PRESENTATION_STYLE_ASSIGNMENT (( #3187 ) ) ;
#688 = DIRECTION ( 'NONE',  ( 1.000000000000000000, 0.000000000000000000, 1.224646799147353207E-16 ) ) ;
#689 = ORIENTED_EDGE ( 'NONE', *, *, #1204, .F. ) ;
#690 = ORIENTED_EDGE ( 'NONE', *, *, #3638, .F. ) ;
#691 = FILL_AREA_STYLE_COLOUR ( '', #1985 ) ;
#692 = EDGE_CURVE ( 'NONE', #2479, #958, #2259, .T. ) ;
#693 = FACE_OUTER_BOUND ( 'NONE', #4957, .T. ) ;
#694 = CARTESIAN_POINT ( 'NONE',  ( 0.1601358299906242011, 6.973632194965551534, 2.499999999999999556 ) ) ;
#695 = ORIENTED_EDGE ( 'NONE', *, *, #1333, .F. ) ;
#696 = COLOUR_RGB ( '',0.6941176470588235059, 0.09803921568627450844, 0.09803921568627450844 ) ;
#697 = CARTESIAN_POINT ( 'NONE',  ( 6.399999999999999467, 10.49999999999999822, 2.499999999999999112 ) ) ;
#698 = VERTEX_POINT ( 'NONE', #1345 ) ;
#699 =( BOUNDED_CURVE ( )  B_SPLINE_CURVE ( 3, ( #1057, #1655, #5158, #5195 ),
 .UNSPECIFIED., .F., .F. ) 
 B_SPLINE_CURVE_WITH_KNOTS ( ( 4, 4 ),
 ( 4.712388980384689674, 6.283185307179586232 ),
 .UNSPECIFIED. ) 
 CURVE ( )  GEOMETRIC_REPRESENTATION_ITEM ( )  RATIONAL_B_SPLINE_CURVE ( ( 1.000000000000000000, 0.8047378541243649375, 0.8047378541243649375, 1.000000000000000000 ) ) 
 REPRESENTATION_ITEM ( '' )  );
#700 = CARTESIAN_POINT ( 'NONE',  ( -0.4932067909122284655, 3.942981560016447951, 2.500000000000000000 ) ) ;
#701 = CARTESIAN_POINT ( 'NONE',  ( -1.725821962217168437, 4.668957022050171268, 2.500000000000000000 ) ) ;
#702 = LINE ( 'NONE', #843, #2735 ) ;
#703 = DIRECTION ( 'NONE',  ( 1.000000000000000000, 0.000000000000000000, 0.000000000000000000 ) ) ;
#704 = EDGE_CURVE ( 'NONE', #5472, #3720, #2885, .T. ) ;
#705 = EDGE_CURVE ( 'NONE', #1130, #2533, #2702, .T. ) ;
#706 = ORIENTED_EDGE ( 'NONE', *, *, #6006, .T. ) ;
#707 = FILL_AREA_STYLE_COLOUR ( '', #1848 ) ;
#708 = EDGE_CURVE ( 'NONE', #5517, #6287, #4284, .T. ) ;
#709 =( LENGTH_UNIT ( ) NAMED_UNIT ( * ) SI_UNIT ( .MILLI., .METRE. ) );
#710 = FACE_OUTER_BOUND ( 'NONE', #221, .T. ) ;
#711 = VECTOR ( 'NONE', #2415, 1000.000000000000000 ) ;
#712 =( GEOMETRIC_REPRESENTATION_CONTEXT ( 3 ) GLOBAL_UNCERTAINTY_ASSIGNED_CONTEXT ( ( #4700 ) ) GLOBAL_UNIT_ASSIGNED_CONTEXT ( ( #2439, #1942, #3540 ) ) REPRESENTATION_CONTEXT ( 'NONE', 'WORKASPACE' ) );
#713 = EDGE_CURVE ( 'NONE', #1121, #568, #852, .T. ) ;
#714 = PRESENTATION_STYLE_ASSIGNMENT (( #1349 ) ) ;
#715 = VECTOR ( 'NONE', #1509, 1000.000000000000114 ) ;
#716 = ORIENTED_EDGE ( 'NONE', *, *, #6443, .T. ) ;
#717 = STYLED_ITEM ( 'NONE', ( #1344 ), #2352 ) ;
#718 = CARTESIAN_POINT ( 'NONE',  ( -0.2559558907885969292, 4.710048742829392232, 2.500000000000000000 ) ) ;
#719 = CARTESIAN_POINT ( 'NONE',  ( -6.117559101153633883, 10.99995381843858056, 2.117559101153698276 ) ) ;
#720 = CARTESIAN_POINT ( 'NONE',  ( -0.1505801813386666299, 3.957620812425643564, 2.500000000000000000 ) ) ;
#721 = STYLED_ITEM ( 'NONE', ( #131 ), #2035 ) ;
#722 = ORIENTED_EDGE ( 'NONE', *, *, #1196, .F. ) ;
#723 = EDGE_CURVE ( 'NONE', #5613, #2479, #6495, .T. ) ;
#724 = SURFACE_STYLE_USAGE ( .BOTH. , #4802 ) ;
#725 = VERTEX_POINT ( 'NONE', #1728 ) ;
#726 = CARTESIAN_POINT ( 'NONE',  ( 6.319866711248132596, 10.80727339212636551, -2.399833389060181954 ) ) ;
#727 =( LENGTH_UNIT ( ) NAMED_UNIT ( * ) SI_UNIT ( .MILLI., .METRE. ) );
#728 = CARTESIAN_POINT ( 'NONE',  ( -0.2034509861478994708, 4.714050266086556640, 2.500000000000000000 ) ) ;
#729 = CARTESIAN_POINT ( 'NONE',  ( 4.759999999999999787, 0.01000000000000002970, -2.299999999999999822 ) ) ;
#730 = CARTESIAN_POINT ( 'NONE',  ( 4.750000000000001776, -4.577742506049883909E-14, 12.49999999999999645 ) ) ;
#731 = PRESENTATION_LAYER_ASSIGNMENT (  '', '', ( #4942 ) ) ;
#732 =( LENGTH_UNIT ( ) NAMED_UNIT ( * ) SI_UNIT ( .MILLI., .METRE. ) );
#733 = ORIENTED_EDGE ( 'NONE', *, *, #4695, .F. ) ;
#734 = CARTESIAN_POINT ( 'NONE',  ( -1.233938845334051404, 4.233384781790430651, 2.500000000000000000 ) ) ;
#735 = PRESENTATION_LAYER_ASSIGNMENT (  '', '', ( #3037 ) ) ;
#736 = ORIENTED_EDGE ( 'NONE', *, *, #4491, .F. ) ;
#737 = SURFACE_STYLE_USAGE ( .BOTH. , #3713 ) ;
#738 = FACE_OUTER_BOUND ( 'NONE', #3095, .T. ) ;
#739 = EDGE_CURVE ( 'NONE', #145, #1421, #3727, .T. ) ;
#740 = PLANE ( 'NONE',  #3258 ) ;
#741 = CARTESIAN_POINT ( 'NONE',  ( -2.950659624554829552, 4.584642898673547684, 2.500000000000000000 ) ) ;
#742 = ORIENTED_EDGE ( 'NONE', *, *, #3991, .T. ) ;
#743 = CARTESIAN_POINT ( 'NONE',  ( -5.349999999999998757, 0.1000000000000004080, 2.500000000000000444 ) ) ;
#744 = DIRECTION ( 'NONE',  ( -1.000000000000000000, 0.000000000000000000, -1.807003620809174139E-16 ) ) ;
#745 = CARTESIAN_POINT ( 'NONE',  ( -0.4104675625105979053, 3.861636098506686654, 2.500000000000000000 ) ) ;
#746 = FACE_OUTER_BOUND ( 'NONE', #1261, .T. ) ;
#747 = VECTOR ( 'NONE', #4956, 1000.000000000000000 ) ;
#748 = EDGE_CURVE ( 'NONE', #4463, #1799, #1992, .T. ) ;
#749 =( GEOMETRIC_REPRESENTATION_CONTEXT ( 3 ) GLOBAL_UNCERTAINTY_ASSIGNED_CONTEXT ( ( #1342 ) ) GLOBAL_UNIT_ASSIGNED_CONTEXT ( ( #5633, #5595, #1095 ) ) REPRESENTATION_CONTEXT ( 'NONE', 'WORKASPACE' ) );
#750 = SURFACE_STYLE_USAGE ( .BOTH. , #2227 ) ;
#751 = ORIENTED_EDGE ( 'NONE', *, *, #4814, .F. ) ;
#752 = PRESENTATION_STYLE_ASSIGNMENT (( #5264 ) ) ;
#753 = CARTESIAN_POINT ( 'NONE',  ( -0.2002537803989865306, 5.179711892180042909, 2.500000000000000000 ) ) ;
#754 = EDGE_LOOP ( 'NONE', ( #772, #6428, #6164, #893 ) ) ;
#755 = VERTEX_POINT ( 'NONE', #2390 ) ;
#756 = SURFACE_STYLE_USAGE ( .BOTH. , #1292 ) ;
#757 = PRODUCT_DEFINITION_FORMATION_WITH_SPECIFIED_SOURCE ( 'ANY', '', #3301, .NOT_KNOWN. ) ;
#758 =( NAMED_UNIT ( * ) PLANE_ANGLE_UNIT ( ) SI_UNIT ( $, .RADIAN. ) );
#759 = AXIS2_PLACEMENT_3D ( 'NONE', #209, #4016, #5018 ) ;
#760 = CYLINDRICAL_SURFACE ( 'NONE', #1503, 0.2500000000000003886 ) ;
#761 = CARTESIAN_POINT ( 'NONE',  ( 0.1915368347005264871, 4.403900965572075776, 2.499999999999999556 ) ) ;
#762 = SURFACE_STYLE_FILL_AREA ( #181 ) ;
#763 = COLOUR_RGB ( '',0.6941176470588235059, 0.09803921568627450844, 0.09803921568627450844 ) ;
#764 = CARTESIAN_POINT ( 'NONE',  ( 3.173781894807410797, 7.001838363796720976, 2.499999999999999556 ) ) ;
#765 = EDGE_LOOP ( 'NONE', ( #3461, #1094, #4296, #5598 ) ) ;
#766 = ORIENTED_EDGE ( 'NONE', *, *, #815, .F. ) ;
#767 = CARTESIAN_POINT ( 'NONE',  ( 0.5724618150331687305, 3.214214340702225670, -2.500000000000000888 ) ) ;
#768 = LINE ( 'NONE', #6386, #1112 ) ;
#769 = CARTESIAN_POINT ( 'NONE',  ( 5.999999999999999112, 11.00000000000000000, -2.000000000000001332 ) ) ;
#770 = CARTESIAN_POINT ( 'NONE',  ( -3.185918367790273820, 6.975292850259663169, 2.500000000000000000 ) ) ;
#771 = CARTESIAN_POINT ( 'NONE',  ( -1.451417998214425964, 6.764058200411882105, 2.500000000000000000 ) ) ;
#772 = ORIENTED_EDGE ( 'NONE', *, *, #2172, .T. ) ;
#773 = FILL_AREA_STYLE ('',( #334 ) ) ;
#774 = VECTOR ( 'NONE', #1515, 1000.000000000000000 ) ;
#775 = CARTESIAN_POINT ( 'NONE',  ( 6.486986315576742435, 10.63087399712089542, 2.389589052461386753 ) ) ;
#776 = FILL_AREA_STYLE_COLOUR ( '', #4869 ) ;
#777 = DIRECTION ( 'NONE',  ( 1.000000000000000000, 0.000000000000000000, 0.000000000000000000 ) ) ;
#778 = DIRECTION ( 'NONE',  ( -1.239088197126290570E-16, -0.000000000000000000, -1.000000000000000000 ) ) ;
#779 =( LENGTH_UNIT ( ) NAMED_UNIT ( * ) SI_UNIT ( .MILLI., .METRE. ) );
#780 =( GEOMETRIC_REPRESENTATION_CONTEXT ( 3 ) GLOBAL_UNCERTAINTY_ASSIGNED_CONTEXT ( ( #2870 ) ) GLOBAL_UNIT_ASSIGNED_CONTEXT ( ( #430, #1948, #1982 ) ) REPRESENTATION_CONTEXT ( 'NONE', 'WORKASPACE' ) );
#781 = CARTESIAN_POINT ( 'NONE',  ( -0.3218783232453484855, 3.993372542326734997, 2.500000000000000000 ) ) ;
#782 = ORIENTED_EDGE ( 'NONE', *, *, #5376, .T. ) ;
#783 = FILL_AREA_STYLE_COLOUR ( '', #5566 ) ;
#784 = CARTESIAN_POINT ( 'NONE',  ( -6.319866711248161018, 10.80727339212636551, -2.399833389060181510 ) ) ;
#785 = ORIENTED_EDGE ( 'NONE', *, *, #3892, .T. ) ;
#786 = CARTESIAN_POINT ( 'NONE',  ( 3.684676944616273708, 4.367414814257965183, 2.499999999999999556 ) ) ;
#787 = CARTESIAN_POINT ( 'NONE',  ( -6.399999999999999467, 11.00000000000000000, -2.500000000000000444 ) ) ;
#788 = EDGE_LOOP ( 'NONE', ( #3321, #2206, #4423, #2774, #1213, #1377, #1996, #4070, #3441, #6523, #2717, #1504, #736, #3685, #3680, #5201, #477, #1406, #722 ) ) ;
#789 = EDGE_CURVE ( 'NONE', #1980, #5395, #6425, .T. ) ;
#790 = DIRECTION ( 'NONE',  ( -0.2290393337255499373, 0.9734171683335752778, 2.328046342592566555E-17 ) ) ;
#791 = PRESENTATION_STYLE_ASSIGNMENT (( #724 ) ) ;
#792 = AXIS2_PLACEMENT_3D ( 'NONE', #4095, #5097, #2554 ) ;
#793 = ORIENTED_EDGE ( 'NONE', *, *, #5329, .F. ) ;
#794 = CARTESIAN_POINT ( 'NONE',  ( 6.379450001790328173, 10.83410893347784665, -2.379450001790330393 ) ) ;
#795 = PRESENTATION_STYLE_ASSIGNMENT (( #6343 ) ) ;
#796 = CARTESIAN_POINT ( 'NONE',  ( 6.399999999999999467, 11.00000000000000000, -2.400000000000000799 ) ) ;
#797 = SURFACE_STYLE_FILL_AREA ( #3197 ) ;
#798 = ADVANCED_FACE ( 'NONE', ( #1957 ), #952, .F. ) ;
#799 = LINE ( 'NONE', #4810, #440 ) ;
#800 = ORIENTED_EDGE ( 'NONE', *, *, #518, .T. ) ;
#801 = ORIENTED_EDGE ( 'NONE', *, *, #6462, .F. ) ;
#802 = PRESENTATION_STYLE_ASSIGNMENT (( #2279 ) ) ;
#803 = VECTOR ( 'NONE', #6358, 1000.000000000000000 ) ;
#804 = CARTESIAN_POINT ( 'NONE',  ( -2.964356864814571502, 8.025580246913603943, 2.500000000000000000 ) ) ;
#805 =( LENGTH_UNIT ( ) NAMED_UNIT ( * ) SI_UNIT ( .MILLI., .METRE. ) );
#806 = EDGE_CURVE ( 'NONE', #5821, #1799, #3992, .T. ) ;
#807 = EDGE_LOOP ( 'NONE', ( #2068, #3344, #3444, #6139 ) ) ;
#808 =( NAMED_UNIT ( * ) PLANE_ANGLE_UNIT ( ) SI_UNIT ( $, .RADIAN. ) );
#809 = FILL_AREA_STYLE ('',( #6323 ) ) ;
#810 = FILL_AREA_STYLE ('',( #776 ) ) ;
#811 = DIRECTION ( 'NONE',  ( -1.239088197126290570E-16, -0.000000000000000000, -1.000000000000000000 ) ) ;
#812 = CARTESIAN_POINT ( 'NONE',  ( -6.399999999999999467, 0.2000000000000005107, 2.500000000000000444 ) ) ;
#813 = UNCERTAINTY_MEASURE_WITH_UNIT (LENGTH_MEASURE( 1.000000000000000082E-05 ), #3409, 'distance_accuracy_value', 'NONE');
#814 = CARTESIAN_POINT ( 'NONE',  ( -0.4352375466327527698, 4.244646957115106645, 2.500000000000000000 ) ) ;
#815 = EDGE_CURVE ( 'NONE', #4684, #1081, #6052, .T. ) ;
#816 = ORIENTED_EDGE ( 'NONE', *, *, #5996, .T. ) ;
#817 = PLANE ( 'NONE',  #3865 ) ;
#818 = FACE_BOUND ( 'NONE', #2591, .T. ) ;
#819 = VERTEX_POINT ( 'NONE', #5934 ) ;
#820 = CARTESIAN_POINT ( 'NONE',  ( 6.399999999999998579, 0.2000000000000008438, 2.499999999999999112 ) ) ;
#821 = CARTESIAN_POINT ( 'NONE',  ( 0.02303606081090887187, 4.112626941695419980, 2.499999999999999556 ) ) ;
#822 = B_SPLINE_CURVE_WITH_KNOTS ( 'NONE', 3,
 ( #3383, #1847, #4941, #318, #4405, #1443, #895 ),
 .UNSPECIFIED., .F., .F.,
 ( 4, 1, 1, 1, 4 ),
 ( 0.000000000000000000, 0.2759400882070076610, 0.5327379385843445947, 0.7759418428336761764, 1.000000000000000000 ),
 .UNSPECIFIED. ) ;
#823 = ORIENTED_EDGE ( 'NONE', *, *, #1021, .F. ) ;
#824 = DIRECTION ( 'NONE',  ( -1.000000000000000000, 0.000000000000000000, 0.000000000000000000 ) ) ;
#825 = VERTEX_POINT ( 'NONE', #5961 ) ;
#826 = AXIS2_PLACEMENT_3D ( 'NONE', #5562, #3667, #3049 ) ;
#827 = PRESENTATION_STYLE_ASSIGNMENT (( #756 ) ) ;
#828 = CARTESIAN_POINT ( 'NONE',  ( -0.1421027048457188524, 4.551996167071641786, 2.500000000000000000 ) ) ;
#829 = DIRECTION ( 'NONE',  ( 0.000000000000000000, 0.000000000000000000, -1.000000000000000000 ) ) ;
#830 =( GEOMETRIC_REPRESENTATION_CONTEXT ( 3 ) GLOBAL_UNCERTAINTY_ASSIGNED_CONTEXT ( ( #3043 ) ) GLOBAL_UNIT_ASSIGNED_CONTEXT ( ( #2230, #4704, #3280 ) ) REPRESENTATION_CONTEXT ( 'NONE', 'WORKASPACE' ) );
#831 = COLOUR_RGB ( '',0.6941176470588235059, 0.09803921568627450844, 0.09803921568627450844 ) ;
#832 = CARTESIAN_POINT ( 'NONE',  ( -1.706341442736648784, 3.796595009063158610, 2.500000000000000000 ) ) ;
#833 = UNCERTAINTY_MEASURE_WITH_UNIT (LENGTH_MEASURE( 1.000000000000000082E-05 ), #4302, 'distance_accuracy_value', 'NONE');
#834 = CARTESIAN_POINT ( 'NONE',  ( 2.868587089612605556, 7.252852974186331458, 2.499999999999999556 ) ) ;
#835 = COLOUR_RGB ( '',1.000000000000000000, 0.9372549019607843146, 0.1372549019607843257 ) ;
#837 = AXIS2_PLACEMENT_3D ( 'NONE', #2515, #5022, #4114 ) ;
#836 = COLOUR_RGB ( '',0.8313725490196077761, 0.8392156862745098200, 0.8313725490196077761 ) ;
#838 = EDGE_LOOP ( 'NONE', ( #6469, #6136, #733, #105 ) ) ;
#839 = ORIENTED_EDGE ( 'NONE', *, *, #2120, .F. ) ;
#840 = LINE ( 'NONE', #5817, #5028 ) ;
#841 = CARTESIAN_POINT ( 'NONE',  ( 6.499999999999999112, 10.49999999999999822, 2.399999999999999911 ) ) ;
#842 = ADVANCED_FACE ( 'NONE', ( #3469 ), #4428, .T. ) ;
#843 = CARTESIAN_POINT ( 'NONE',  ( -2.845951832347037413, 4.707613677894326720, 2.500000000000000000 ) ) ;
#844 = CARTESIAN_POINT ( 'NONE',  ( -1.455853532965687647, 6.748698836525398370, 2.500000000000000000 ) ) ;
#845 =( GEOMETRIC_REPRESENTATION_CONTEXT ( 3 ) GLOBAL_UNCERTAINTY_ASSIGNED_CONTEXT ( ( #2753 ) ) GLOBAL_UNIT_ASSIGNED_CONTEXT ( ( #4022, #132, #65 ) ) REPRESENTATION_CONTEXT ( 'NONE', 'WORKASPACE' ) );
#846 = ORIENTED_EDGE ( 'NONE', *, *, #4312, .T. ) ;
#847 = FACE_OUTER_BOUND ( 'NONE', #4096, .T. ) ;
#848 = DIRECTION ( 'NONE',  ( -1.239088197126290570E-16, -0.000000000000000000, -1.000000000000000000 ) ) ;
#849 = VECTOR ( 'NONE', #1048, 1000.000000000000114 ) ;
#850 = LINE ( 'NONE', #5424, #254 ) ;
#851 = SURFACE_STYLE_USAGE ( .BOTH. , #4792 ) ;
#852 = CIRCLE ( 'NONE', #1564, 0.009999999999999592548 ) ;
#853 = CARTESIAN_POINT ( 'NONE',  ( -1.733735923256129574, 5.335556048024198361, 2.500000000000000000 ) ) ;
#854 = DIRECTION ( 'NONE',  ( 0.000000000000000000, -1.000000000000000000, 0.000000000000000000 ) ) ;
#855 = VERTEX_POINT ( 'NONE', #438 ) ;
#856 = SURFACE_SIDE_STYLE ('',( #4324 ) ) ;
#857 = FACE_BOUND ( 'NONE', #299, .T. ) ;
#858 = ORIENTED_EDGE ( 'NONE', *, *, #5977, .F. ) ;
#859 = CARTESIAN_POINT ( 'NONE',  ( 3.125892284417800759, 7.083413039121395194, 2.499999999999999556 ) ) ;
#860 = ORIENTED_EDGE ( 'NONE', *, *, #957, .T. ) ;
#861 = CARTESIAN_POINT ( 'NONE',  ( 2.629950725976242243, 6.751635441718798702, 2.499999999999999556 ) ) ;
#862 = CARTESIAN_POINT ( 'NONE',  ( 3.592550321239649680, 4.373908320751469958, 2.499999999999999556 ) ) ;
#863 = ORIENTED_EDGE ( 'NONE', *, *, #4191, .T. ) ;
#864 = SURFACE_STYLE_USAGE ( .BOTH. , #6004 ) ;
#865 = DIRECTION ( 'NONE',  ( 1.239088197126290570E-16, -0.000000000000000000, 1.000000000000000000 ) ) ;
#866 = CARTESIAN_POINT ( 'NONE',  ( 0.4355468750000000000, 3.143651669274953431, -2.500000000000000888 ) ) ;
#867 = PRESENTATION_LAYER_ASSIGNMENT (  '', '', ( #2967 ) ) ;
#868 = EDGE_LOOP ( 'NONE', ( #2094, #2183, #3216, #5557 ) ) ;
#869 = ADVANCED_FACE ( 'NONE', ( #3099 ), #2190, .T. ) ;
#870 = ORIENTED_EDGE ( 'NONE', *, *, #4362, .T. ) ;
#871 = CARTESIAN_POINT ( 'NONE',  ( -0.3495536107011922855, 2.964389582317503269, -2.500000000000000444 ) ) ;
#872 = SURFACE_STYLE_USAGE ( .BOTH. , #3364 ) ;
#873 = CARTESIAN_POINT ( 'NONE',  ( -5.000000000000000000, 0.5000000000000000000, 0.2500000000000000555 ) ) ;
#874 =( NAMED_UNIT ( * ) PLANE_ANGLE_UNIT ( ) SI_UNIT ( $, .RADIAN. ) );
#875 = EDGE_CURVE ( 'NONE', #1132, #4771, #1649, .T. ) ;
#876 = ORIENTED_EDGE ( 'NONE', *, *, #5484, .F. ) ;
#877 = VECTOR ( 'NONE', #5970, 1000.000000000000000 ) ;
#878 = FILL_AREA_STYLE_COLOUR ( '', #2973 ) ;
#879 = PLANE ( 'NONE',  #4615 ) ;
#880 = VECTOR ( 'NONE', #4621, 1000.000000000000114 ) ;
#881 = EDGE_CURVE ( 'NONE', #3079, #6473, #2053, .T. ) ;
#882 = CARTESIAN_POINT ( 'NONE',  ( -0.6471411115992133922, 4.097373843746806799, -2.500000000000000444 ) ) ;
#883 = PLANE ( 'NONE',  #2617 ) ;
#884 = AXIS2_PLACEMENT_3D ( 'NONE', #1171, #5642, #2631 ) ;
#885 = CARTESIAN_POINT ( 'NONE',  ( -0.2657449438129064756, 3.962446528252888900, 2.500000000000000000 ) ) ;
#886 = ORIENTED_EDGE ( 'NONE', *, *, #4077, .F. ) ;
#887 = CARTESIAN_POINT ( 'NONE',  ( 3.216332788772116480, 4.543348255816405334, 2.499999999999999556 ) ) ;
#888 = PLANE ( 'NONE',  #2993 ) ;
#889 = ORIENTED_EDGE ( 'NONE', *, *, #2624, .F. ) ;
#890 = SURFACE_STYLE_FILL_AREA ( #6539 ) ;
#891 = VECTOR ( 'NONE', #2776, 1000.000000000000000 ) ;
#892 = CIRCLE ( 'NONE', #2455, 0.1000000000000002554 ) ;
#893 = ORIENTED_EDGE ( 'NONE', *, *, #283, .F. ) ;
#894 =( NAMED_UNIT ( * ) PLANE_ANGLE_UNIT ( ) SI_UNIT ( $, .RADIAN. ) );
#895 = CARTESIAN_POINT ( 'NONE',  ( 3.069011360200687655, 4.292333645426794853, 2.499999999999999556 ) ) ;
#896 = COLOUR_RGB ( '',0.5882352941176470784, 0.5882352941176470784, 0.6313725490196078205 ) ;
#897 = ORIENTED_EDGE ( 'NONE', *, *, #1844, .T. ) ;
#898 = CARTESIAN_POINT ( 'NONE',  ( 3.722733217950692008, 7.040393262179054368, 2.499999999999999556 ) ) ;
#900 = CARTESIAN_POINT ( 'NONE',  ( 6.399999999999999467, 11.00000000000000000, 1.999999999999999112 ) ) ;
#899 = CARTESIAN_POINT ( 'NONE',  ( 3.668037334226662782, 4.042130723348872579, 2.499999999999999556 ) ) ;
#901 = CARTESIAN_POINT ( 'NONE',  ( -4.750000000000000000, 0.1000000000000004913, 2.299999999999999822 ) ) ;
#902 = DIRECTION ( 'NONE',  ( -0.3018503258113505727, -0.9533553276756686623, 3.068126053219909450E-17 ) ) ;
#903 = MECHANICAL_DESIGN_GEOMETRIC_PRESENTATION_REPRESENTATION (  '', ( #3506 ), #6059 ) ;
#904 = UNCERTAINTY_MEASURE_WITH_UNIT (LENGTH_MEASURE( 1.000000000000000082E-05 ), #3066, 'distance_accuracy_value', 'NONE');
#905 = VERTEX_POINT ( 'NONE', #4181 ) ;
#906 = EDGE_LOOP ( 'NONE', ( #3781, #3470, #5270, #2425, #5912, #5570, #4087, #5385, #1734, #5113, #55, #5751, #5836, #2585, #235 ) ) ;
#907 = DIRECTION ( 'NONE',  ( -1.239088197126290570E-16, -0.000000000000000000, -1.000000000000000000 ) ) ;
#908 = VECTOR ( 'NONE', #3757, 1000.000000000000114 ) ;
#909 = LINE ( 'NONE', #4886, #5801 ) ;
#910 = SURFACE_SIDE_STYLE ('',( #3398 ) ) ;
#911 = VERTEX_POINT ( 'NONE', #2606 ) ;
#912 = PRESENTATION_LAYER_ASSIGNMENT (  '', '', ( #3728 ) ) ;
#913 = CARTESIAN_POINT ( 'NONE',  ( -6.399999999999999467, 10.49999999999999822, 2.500000000000000444 ) ) ;
#914 = CARTESIAN_POINT ( 'NONE',  ( 0.4683271893387692675, 2.911335016918539242, -2.500000000000000888 ) ) ;
#915 = DIRECTION ( 'NONE',  ( -0.5057030506726042374, -0.8627076124275370184, 5.140165745360481418E-17 ) ) ;
#916 = CARTESIAN_POINT ( 'NONE',  ( 0.1695312499999999944, 3.937401669274953164, -2.500000000000000888 ) ) ;
#917 =( NAMED_UNIT ( * ) PLANE_ANGLE_UNIT ( ) SI_UNIT ( $, .RADIAN. ) );
#918 = UNCERTAINTY_MEASURE_WITH_UNIT (LENGTH_MEASURE( 1.000000000000000082E-05 ), #3094, 'distance_accuracy_value', 'NONE');
#919 = STYLED_ITEM ( 'NONE', ( #5981 ), #1031 ) ;
#920 = CARTESIAN_POINT ( 'NONE',  ( 5.349999999999999645, 0.2000000000000004274, -2.299999999999999822 ) ) ;
#921 = ORIENTED_EDGE ( 'NONE', *, *, #4815, .T. ) ;
#922 = LINE ( 'NONE', #3011, #2828 ) ;
#923 = FACE_BOUND ( 'NONE', #5432, .T. ) ;
#924 = ORIENTED_EDGE ( 'NONE', *, *, #5337, .T. ) ;
#925 = ORIENTED_EDGE ( 'NONE', *, *, #2796, .F. ) ;
#926 = CARTESIAN_POINT ( 'NONE',  ( -1.383999721957428708, 6.981850539121396082, 2.500000000000000000 ) ) ;
#927 = VERTEX_POINT ( 'NONE', #6089 ) ;
#928 = CARTESIAN_POINT ( 'NONE',  ( -0.3687867734291772615, 5.088903026002228103, 2.500000000000000000 ) ) ;
#929 = CARTESIAN_POINT ( 'NONE',  ( -0.6476562500000000444, 4.085448544274953520, -2.500000000000000444 ) ) ;
#930 = STYLED_ITEM ( 'NONE', ( #13 ), #1102 ) ;
#931 = DIRECTION ( 'NONE',  ( -1.000000000000000000, 8.470329472543348517E-16, 0.000000000000000000 ) ) ;
#932 = EDGE_CURVE ( 'NONE', #5965, #1638, #4623, .T. ) ;
#933 = PRESENTATION_LAYER_ASSIGNMENT (  '', '', ( #5029 ) ) ;
#934 = APPLICATION_CONTEXT ( 'automotive_design' ) ;
#935 = EDGE_LOOP ( 'NONE', ( #5420, #2005, #5082, #4708 ) ) ;
#936 = FACE_OUTER_BOUND ( 'NONE', #5205, .T. ) ;
#937 = ORIENTED_EDGE ( 'NONE', *, *, #2962, .F. ) ;
#938 = VECTOR ( 'NONE', #679, 1000.000000000000000 ) ;
#939 =( LENGTH_UNIT ( ) NAMED_UNIT ( * ) SI_UNIT ( .MILLI., .METRE. ) );
#940 = FILL_AREA_STYLE ('',( #5015 ) ) ;
#941 = LINE ( 'NONE', #1949, #2625 ) ;
#942 = PRESENTATION_STYLE_ASSIGNMENT (( #363 ) ) ;
#943 = AXIS2_PLACEMENT_3D ( 'NONE', #6470, #542, #2030 ) ;
#944 = AXIS2_PLACEMENT_3D ( 'NONE', #6526, #6017, #1371 ) ;
#945 = STYLED_ITEM ( 'NONE', ( #5391 ), #2397 ) ;
#946 = VERTEX_POINT ( 'NONE', #5691 ) ;
#947 = DIRECTION ( 'NONE',  ( -1.000000000000000000, -0.000000000000000000, -0.000000000000000000 ) ) ;
#948 = EDGE_CURVE ( 'NONE', #4082, #1524, #6155, .T. ) ;
#949 = CARTESIAN_POINT ( 'NONE',  ( 1.983035141560657522, 7.083413039121395194, 2.499999999999999556 ) ) ;
#950 = DIRECTION ( 'NONE',  ( -1.885568995626964040E-16, 1.592990650464986339E-32, -1.000000000000000000 ) ) ;
#951 = CARTESIAN_POINT ( 'NONE',  ( 4.011444232469749238, 7.252852974186331458, 2.499999999999999556 ) ) ;
#952 = PLANE ( 'NONE',  #4521 ) ;
#953 =( LENGTH_UNIT ( ) NAMED_UNIT ( * ) SI_UNIT ( .MILLI., .METRE. ) );
#954 = EDGE_LOOP ( 'NONE', ( #4002, #4853, #5740, #886 ) ) ;
#955 = CARTESIAN_POINT ( 'NONE',  ( 4.750000000000001776, 0.1000000000000004913, 2.299999999999999822 ) ) ;
#956 = FACE_BOUND ( 'NONE', #184, .T. ) ;
#957 = EDGE_CURVE ( 'NONE', #3740, #3914, #4116, .T. ) ;
#958 = VERTEX_POINT ( 'NONE', #3068 ) ;
#959 = CARTESIAN_POINT ( 'NONE',  ( -1.465270014165220180, 4.591643710361859476, 2.500000000000000000 ) ) ;
#960 = PRESENTATION_LAYER_ASSIGNMENT (  '', '', ( #623 ) ) ;
#961 = ORIENTED_EDGE ( 'NONE', *, *, #5400, .T. ) ;
#962 = VECTOR ( 'NONE', #4346, 1000.000000000000114 ) ;
#963 = FILL_AREA_STYLE_COLOUR ( '', #213 ) ;
#964 = LINE ( 'NONE', #3902, #1706 ) ;
#965 = EDGE_CURVE ( 'NONE', #4674, #4463, #151, .T. ) ;
#966 = ORIENTED_EDGE ( 'NONE', *, *, #2482, .T. ) ;
#967 = DIRECTION ( 'NONE',  ( -1.000000000000000000, 0.000000000000000000, 1.016439536705160653E-16 ) ) ;
#969 = CARTESIAN_POINT ( 'NONE',  ( -6.500000000000000000, 10.56546160611506657, 2.399999999795414674 ) ) ;
#968 = CARTESIAN_POINT ( 'NONE',  ( 3.113248373187701201, 4.367414814257964295, 2.499999999999999556 ) ) ;
#970 = DIRECTION ( 'NONE',  ( -1.239088197126290570E-16, -0.000000000000000000, -1.000000000000000000 ) ) ;
#971 = CARTESIAN_POINT ( 'NONE',  ( -2.207145896239014693, 4.284092527362452607, 2.500000000000000000 ) ) ;
#972 = EDGE_CURVE ( 'NONE', #2811, #5128, #6218, .T. ) ;
#973 = VERTEX_POINT ( 'NONE', #1687 ) ;
#974 = VECTOR ( 'NONE', #4094, 1000.000000000000000 ) ;
#975 = VERTEX_POINT ( 'NONE', #2644 ) ;
#976 = DIRECTION ( 'NONE',  ( -1.000000000000000000, 0.000000000000000000, 1.016439536705160653E-16 ) ) ;
#977 = CARTESIAN_POINT ( 'NONE',  ( 3.684676944616273264, 4.367414814257964295, 2.499999999999999556 ) ) ;
#978 = CARTESIAN_POINT ( 'NONE',  ( 5.999999999999998224, 11.00000000000000000, 1.999999999999999112 ) ) ;
#979 = ORIENTED_EDGE ( 'NONE', *, *, #6557, .T. ) ;
#980 = FILL_AREA_STYLE_COLOUR ( '', #1103 ) ;
#981 = CARTESIAN_POINT ( 'NONE',  ( 2.921689931629259274, 4.543348255816405334, 2.499999999999999556 ) ) ;
#982 = LINE ( 'NONE', #3925, #5111 ) ;
#983 = AXIS2_PLACEMENT_3D ( 'NONE', #2232, #5302, #3737 ) ;
#984 = DIRECTION ( 'NONE',  ( -0.000000000000000000, 1.000000000000000000, -0.000000000000000000 ) ) ;
#985 = VECTOR ( 'NONE', #2840, 1000.000000000000000 ) ;
#986 = ORIENTED_EDGE ( 'NONE', *, *, #2056, .F. ) ;
#987 = PRESENTATION_LAYER_ASSIGNMENT (  '', '', ( #4553 ) ) ;
#988 = FACE_OUTER_BOUND ( 'NONE', #6109, .T. ) ;
#989 = CARTESIAN_POINT ( 'NONE',  ( -1.234593517213440572, 4.253629388393577848, 2.500000000000000000 ) ) ;
#990 = FILL_AREA_STYLE_COLOUR ( '', #3532 ) ;
#991 = CIRCLE ( 'NONE', #884, 0.1000000000000002554 ) ;
#992 = EDGE_CURVE ( 'NONE', #2465, #2728, #5585, .T. ) ;
#993 = ORIENTED_EDGE ( 'NONE', *, *, #248, .F. ) ;
#994 = CARTESIAN_POINT ( 'NONE',  ( 6.399999999999999467, 10.49999999999999822, -2.000000000000001332 ) ) ;
#995 = CARTESIAN_POINT ( 'NONE',  ( 1.915055501649192360, 4.311094846967500338, 2.499999999999999556 ) ) ;
#996 = ORIENTED_EDGE ( 'NONE', *, *, #5766, .F. ) ;
#997 = VECTOR ( 'NONE', #4174, 1000.000000000000000 ) ;
#998 = CARTESIAN_POINT ( 'NONE',  ( -0.4570312500000000555, 3.937401669274953164, -2.500000000000000444 ) ) ;
#999 = CARTESIAN_POINT ( 'NONE',  ( -6.349514573547642371, 10.75180943524419597, 2.436893216934542306 ) ) ;
#1000 = CARTESIAN_POINT ( 'NONE',  ( -6.500000000000000888, 0.2000000000000022593, -2.400000000000000799 ) ) ;
#1001 = CARTESIAN_POINT ( 'NONE',  ( -0.4688030751340745983, 5.217735708825880003, 2.500000000000000000 ) ) ;
#1002 = EDGE_CURVE ( 'NONE', #2608, #4812, #1602, .T. ) ;
#1003 = ADVANCED_FACE ( 'NONE', ( #3591 ), #5621, .T. ) ;
#1004 =( BOUNDED_SURFACE ( )  B_SPLINE_SURFACE ( 3, 2, ( 
 ( #5563, #1066, #1508 ),
 ( #5066, #5475, #969 ),
 ( #2959, #3973, #5504 ),
 ( #999, #5165, #2169 ),
 ( #5734, #3156, #6197 ),
 ( #4158, #1600, #4606 ),
 ( #1099, #719, #1567 ),
 ( #5203, #4576, #2621 ) ),
 .UNSPECIFIED., .F., .F., .T. ) 
 B_SPLINE_SURFACE_WITH_KNOTS ( ( 4, 2, 2, 4 ),
 ( 3, 3 ),
 ( 6.283185307179586232, 6.675884388878310816, 7.068583470577034511, 7.853981633974482790 ),
 ( 0.000000000000000000, 1.000000000000000000 ),
 .UNSPECIFIED. ) 
 GEOMETRIC_REPRESENTATION_ITEM ( )  RATIONAL_B_SPLINE_SURFACE ( (
 ( 1.000000000000000000, 0.7071067811865475727, 1.000000000000000000),
 ( 1.000000000000000000, 0.7066756583514992585, 1.000000000000000000),
 ( 1.000000000000000000, 0.7265518703623941033, 1.000000000000000000),
 ( 1.000000000000000000, 0.7876783693348118343, 1.000000000000000000),
 ( 1.000000000000000000, 0.8282380132478318613, 1.000000000000000000),
 ( 1.000000000000000000, 0.9416001848576458499, 1.000000000000000000),
 ( 1.000000000000000000, 1.002675625929060566, 1.000000000000000000),
 ( 1.000000000000000000, 1.000000000000000000, 1.000000000000000000) ) ) 
 REPRESENTATION_ITEM ( '' )  SURFACE ( )  );
#1005 = VERTEX_POINT ( 'NONE', #741 ) ;
#1006 = CARTESIAN_POINT ( 'NONE',  ( -0.0003669217002069990238, 3.337250121931302438, -2.500000000000000444 ) ) ;
#1007 = EDGE_CURVE ( 'NONE', #1731, #4082, #1303, .T. ) ;
#1008 = ORIENTED_EDGE ( 'NONE', *, *, #3608, .T. ) ;
#1009 = FACE_BOUND ( 'NONE', #5736, .T. ) ;
#1010 = CARTESIAN_POINT ( 'NONE',  ( -6.399999999999999467, 11.00000000000000000, 2.500000000000000444 ) ) ;
#1011 = PLANE ( 'NONE',  #3983 ) ;
#1012 = ADVANCED_FACE ( 'NONE', ( #3207 ), #6285, .F. ) ;
#1013 = EDGE_CURVE ( 'NONE', #373, #4108, #5874, .T. ) ;
#1014 = ORIENTED_EDGE ( 'NONE', *, *, #4902, .F. ) ;
#1015 =( LENGTH_UNIT ( ) NAMED_UNIT ( * ) SI_UNIT ( .MILLI., .METRE. ) );
#1016 =( GEOMETRIC_REPRESENTATION_CONTEXT ( 3 ) GLOBAL_UNCERTAINTY_ASSIGNED_CONTEXT ( ( #1897 ) ) GLOBAL_UNIT_ASSIGNED_CONTEXT ( ( #4530, #4027, #3722 ) ) REPRESENTATION_CONTEXT ( 'NONE', 'WORKASPACE' ) );
#1017 =( NAMED_UNIT ( * ) PLANE_ANGLE_UNIT ( ) SI_UNIT ( $, .RADIAN. ) );
#1018 = CARTESIAN_POINT ( 'NONE',  ( 3.211054350949036351, 7.065080977114178928, 2.499999999999999556 ) ) ;
#1019 = FACE_OUTER_BOUND ( 'NONE', #3295, .T. ) ;
#1020 = CARTESIAN_POINT ( 'NONE',  ( 5.250000000000000888, 0.1000000000000004219, 12.49999999999999645 ) ) ;
#1021 = EDGE_CURVE ( 'NONE', #4620, #5647, #510, .T. ) ;
#1022 = ORIENTED_EDGE ( 'NONE', *, *, #2633, .T. ) ;
#1023 = PRESENTATION_STYLE_ASSIGNMENT (( #6092 ) ) ;
#1024 = CARTESIAN_POINT ( 'NONE',  ( 0.6425971185726068180, 2.723823009749628987, -2.500000000000000888 ) ) ;
#1025 = VECTOR ( 'NONE', #915, 1000.000000000000114 ) ;
#1026 = ORIENTED_EDGE ( 'NONE', *, *, #1206, .F. ) ;
#1027 = FILL_AREA_STYLE_COLOUR ( '', #2951 ) ;
#1028 = FACE_OUTER_BOUND ( 'NONE', #765, .T. ) ;
#1029 = VERTEX_POINT ( 'NONE', #6453 ) ;
#1030 = DIRECTION ( 'NONE',  ( 0.5055407125233157828, 0.8628027514915665996, -5.138515676227958969E-17 ) ) ;
#1031 = ADVANCED_FACE ( 'NONE', ( #398 ), #2939, .T. ) ;
#1032 = TOROIDAL_SURFACE ( 'NONE', #60, 0.1500000000000003830, 0.1000000000000000056 ) ;
#1034 = CARTESIAN_POINT ( 'NONE',  ( 3.069011360200687655, 4.292333645426794853, 2.499999999999999556 ) ) ;
#1033 = CARTESIAN_POINT ( 'NONE',  ( -0.6459017894134858606, 4.054258510743521171, -2.500000000000000444 ) ) ;
#1035 = CARTESIAN_POINT ( 'NONE',  ( 2.454074261404299406, 4.366391051190404937, 2.499999999999999556 ) ) ;
#1036 = CARTESIAN_POINT ( 'NONE',  ( -0.2386220662596000852, 5.334632414918385024, 2.500000000000000000 ) ) ;
#1037 = ORIENTED_EDGE ( 'NONE', *, *, #4312, .F. ) ;
#1038 = SURFACE_SIDE_STYLE ('',( #1106 ) ) ;
#1039 = ORIENTED_EDGE ( 'NONE', *, *, #575, .F. ) ;
#1040 = FILL_AREA_STYLE_COLOUR ( '', #896 ) ;
#1041 = CARTESIAN_POINT ( 'NONE',  ( 1.778832788772116036, 4.543348255816405334, 2.499999999999999556 ) ) ;
#1042 = ADVANCED_FACE ( 'NONE', ( #5383 ), #6179, .T. ) ;
#1043 = VECTOR ( 'NONE', #1030, 1000.000000000000227 ) ;
#1044 = CARTESIAN_POINT ( 'NONE',  ( 3.013676375326892032, 6.525580246913603943, 2.499999999999999556 ) ) ;
#1045 = ORIENTED_EDGE ( 'NONE', *, *, #1863, .T. ) ;
#1046 = DIRECTION ( 'NONE',  ( -0.000000000000000000, -1.000000000000000000, -0.000000000000000000 ) ) ;
#1047 = FACE_OUTER_BOUND ( 'NONE', #2463, .T. ) ;
#1048 = DIRECTION ( 'NONE',  ( 0.5056715232898540968, 0.8627260924150367272, -5.139845288577320541E-17 ) ) ;
#1049 =( GEOMETRIC_REPRESENTATION_CONTEXT ( 3 ) GLOBAL_UNCERTAINTY_ASSIGNED_CONTEXT ( ( #6095 ) ) GLOBAL_UNIT_ASSIGNED_CONTEXT ( ( #323, #4338, #2960 ) ) REPRESENTATION_CONTEXT ( 'NONE', 'WORKASPACE' ) );
#1050 = DIRECTION ( 'NONE',  ( -1.000000000000000000, 2.464095846557965385E-16, 0.000000000000000000 ) ) ;
#1051 = ORIENTED_EDGE ( 'NONE', *, *, #2928, .T. ) ;
#1052 = SURFACE_STYLE_FILL_AREA ( #1525 ) ;
#1053 = CARTESIAN_POINT ( 'NONE',  ( 0.02416450197981842574, 3.870444122400981346, 2.499999999999999556 ) ) ;
#1054 = VECTOR ( 'NONE', #3089, 1000.000000000000114 ) ;
#1055 = STYLED_ITEM ( 'NONE', ( #3413 ), #6340 ) ;
#1056 = CARTESIAN_POINT ( 'NONE',  ( 0.5485810038521585774, 2.516311178122084158, -2.500000000000000888 ) ) ;
#1057 = CARTESIAN_POINT ( 'NONE',  ( -6.000000000000000000, 11.00000000000000000, 2.000000000000000444 ) ) ;
#1058 = CARTESIAN_POINT ( 'NONE',  ( 0.2316566879648109811, 2.637328851414072695, -2.500000000000000888 ) ) ;
#1059 = AXIS2_PLACEMENT_3D ( 'NONE', #2701, #3678, #3259 ) ;
#1060 = ORIENTED_EDGE ( 'NONE', *, *, #5870, .T. ) ;
#1061 = LINE ( 'NONE', #3017, #1189 ) ;
#1062 = SURFACE_SIDE_STYLE ('',( #549 ) ) ;
#1063 = VECTOR ( 'NONE', #5354, 1000.000000000000114 ) ;
#1064 = VERTEX_POINT ( 'NONE', #2375 ) ;
#1065 = CARTESIAN_POINT ( 'NONE',  ( -2.167875854098804123, 4.876124553450114085, 2.500000000000000000 ) ) ;
#1066 = CARTESIAN_POINT ( 'NONE',  ( -6.499999999999999112, 10.49999999999999822, 2.500000000000000444 ) ) ;
#1067 = CARTESIAN_POINT ( 'NONE',  ( -0.6553635586138887303, 3.231974524221645328, -2.500000000000000444 ) ) ;
#1068 = DIRECTION ( 'NONE',  ( 0.000000000000000000, 0.000000000000000000, -1.000000000000000000 ) ) ;
#1069 = CIRCLE ( 'NONE', #3468, 0.1000000000000000056 ) ;
#1070 = EDGE_LOOP ( 'NONE', ( #860, #2832, #5876, #3504, #1351, #5493, #127, #6186, #3285, #1484, #2781, #4833, #5952, #5925, #4800 ) ) ;
#1071 = CARTESIAN_POINT ( 'NONE',  ( -0.6248473799042241206, 2.644689670825263406, -2.500000000000000444 ) ) ;
#1072 = ORIENTED_EDGE ( 'NONE', *, *, #5535, .F. ) ;
#1073 = CARTESIAN_POINT ( 'NONE',  ( 0.05177544038023419032, 4.266258158413807067, 2.499999999999999556 ) ) ;
#1074 = CARTESIAN_POINT ( 'NONE',  ( -3.162510273905479341, 4.568814976595625410, 2.500000000000000000 ) ) ;
#1075 =( NAMED_UNIT ( * ) SI_UNIT ( $, .STERADIAN. ) SOLID_ANGLE_UNIT ( ) );
#1076 = AXIS2_PLACEMENT_3D ( 'NONE', #2225, #5910, #5359 ) ;
#1077 = EDGE_CURVE ( 'NONE', #2600, #5889, #2867, .T. ) ;
#1078 = DIRECTION ( 'NONE',  ( 1.000000000000000000, -9.637352644315546235E-15, -1.239088197126290570E-16 ) ) ;
#1079 = ORIENTED_EDGE ( 'NONE', *, *, #4117, .T. ) ;
#1080 = LINE ( 'NONE', #6085, #4124 ) ;
#1081 = VERTEX_POINT ( 'NONE', #4772 ) ;
#1082 = LINE ( 'NONE', #4113, #2652 ) ;
#1083 = CARTESIAN_POINT ( 'NONE',  ( 3.181563600312352413, 7.015026516159117875, 2.499999999999999556 ) ) ;
#1084 = FILL_AREA_STYLE_COLOUR ( '', #3866 ) ;
#1085 = EDGE_CURVE ( 'NONE', #6449, #5253, #391, .T. ) ;
#1086 = ORIENTED_EDGE ( 'NONE', *, *, #4453, .T. ) ;
#1087 = CARTESIAN_POINT ( 'NONE',  ( -1.455902256434524755, 4.391538764368635661, 2.500000000000000000 ) ) ;
#1088 = ADVANCED_FACE ( 'NONE', ( #5845 ), #2340, .F. ) ;
#1089 = CARTESIAN_POINT ( 'NONE',  ( -1.871606538091758809, 5.320210119747811994, 2.500000000000000000 ) ) ;
#1090 = UNCERTAINTY_MEASURE_WITH_UNIT (LENGTH_MEASURE( 1.000000000000000082E-05 ), #148, 'distance_accuracy_value', 'NONE');
#1091 = EDGE_CURVE ( 'NONE', #2570, #5003, #2270, .T. ) ;
#1092 = PRESENTATION_LAYER_ASSIGNMENT (  '', '', ( #2542 ) ) ;
#1093 = VECTOR ( 'NONE', #4219, 1000.000000000000114 ) ;
#1094 = ORIENTED_EDGE ( 'NONE', *, *, #4065, .F. ) ;
#1095 =( NAMED_UNIT ( * ) SI_UNIT ( $, .STERADIAN. ) SOLID_ANGLE_UNIT ( ) );
#1096 = ORIENTED_EDGE ( 'NONE', *, *, #5838, .F. ) ;
#1097 = CARTESIAN_POINT ( 'NONE',  ( -1.805824569414779202, 4.524169867169905324, 2.500000000000000000 ) ) ;
#1098 = PRESENTATION_LAYER_ASSIGNMENT (  '', '', ( #5292 ) ) ;
#1099 = CARTESIAN_POINT ( 'NONE',  ( -6.105013847167723995, 11.00000000000000000, 2.131267308959672313 ) ) ;
#1100 = CARTESIAN_POINT ( 'NONE',  ( -4.214458325853531306, 4.497893710361859476, 2.500000000000000000 ) ) ;
#1101 = VECTOR ( 'NONE', #3375, 1000.000000000000000 ) ;
#1102 = ADVANCED_FACE ( 'NONE', ( #1773 ), #4804, .T. ) ;
#1103 = COLOUR_RGB ( '',0.6941176470588235059, 0.09803921568627450844, 0.09803921568627450844 ) ;
#1104 = VERTEX_POINT ( 'NONE', #2437 ) ;
#1105 = COLOUR_RGB ( '',0.5882352941176470784, 0.5882352941176470784, 0.6313725490196078205 ) ;
#1106 = SURFACE_STYLE_FILL_AREA ( #4545 ) ;
#1107 = ORIENTED_EDGE ( 'NONE', *, *, #1663, .T. ) ;
#1108 = CARTESIAN_POINT ( 'NONE',  ( 1.970391230330557297, 4.367414814257964295, 2.499999999999999556 ) ) ;
#1109 =( LENGTH_UNIT ( ) NAMED_UNIT ( * ) SI_UNIT ( .MILLI., .METRE. ) );
#1110 = DIRECTION ( 'NONE',  ( 0.5061170637016726426, -0.8624647922263244393, -5.144373937475044476E-17 ) ) ;
#1111 = AXIS2_PLACEMENT_3D ( 'NONE', #6151, #3622, #5148 ) ;
#1112 = VECTOR ( 'NONE', #2350, 1000.000000000000000 ) ;
#1113 = CARTESIAN_POINT ( 'NONE',  ( 0.6453125000000002887, 2.769432919274954052, -2.500000000000000888 ) ) ;
#1114 = ORIENTED_EDGE ( 'NONE', *, *, #1875, .F. ) ;
#1115 = VECTOR ( 'NONE', #1238, 1000.000000000000114 ) ;
#1116 = VERTEX_POINT ( 'NONE', #3941 ) ;
#1117 = DIRECTION ( 'NONE',  ( 0.1096791224046419627, 0.9939670467920692642, -1.114821963632028840E-17 ) ) ;
#1118 = FILL_AREA_STYLE_COLOUR ( '', #3457 ) ;
#1119 = CARTESIAN_POINT ( 'NONE',  ( 2.455031894807410797, 7.252852974186331458, 2.499999999999999556 ) ) ;
#1120 = DIRECTION ( 'NONE',  ( 0.5055407125233157828, 0.8628027514915665996, -5.138515676227958969E-17 ) ) ;
#1121 = VERTEX_POINT ( 'NONE', #6511 ) ;
#1122 = LINE ( 'NONE', #4123, #3945 ) ;
#1123 = DIRECTION ( 'NONE',  ( -0.2923505754165978687, 0.9563112155849602392, 2.971566834319339443E-17 ) ) ;
#1124 = LINE ( 'NONE', #3764, #4952 ) ;
#1125 =( NAMED_UNIT ( * ) SI_UNIT ( $, .STERADIAN. ) SOLID_ANGLE_UNIT ( ) );
#1126 = ORIENTED_EDGE ( 'NONE', *, *, #2636, .T. ) ;
#1127 = STYLED_ITEM ( 'NONE', ( #5863 ), #1797 ) ;
#1128 = CARTESIAN_POINT ( 'NONE',  ( 5.999999999999999112, 11.00000000000000000, -2.400000000000000799 ) ) ;
#1129 = CARTESIAN_POINT ( 'NONE',  ( -0.3908688076990909921, 3.539172375350837729, -2.500000000000000444 ) ) ;
#1130 = VERTEX_POINT ( 'NONE', #1972 ) ;
#1131 = CARTESIAN_POINT ( 'NONE',  ( -0.5159274562939533126, 2.489753901610149533, -2.500000000000000444 ) ) ;
#1132 = VERTEX_POINT ( 'NONE', #3505 ) ;
#1133 =( LENGTH_UNIT ( ) NAMED_UNIT ( * ) SI_UNIT ( .MILLI., .METRE. ) );
#1134 = CIRCLE ( 'NONE', #826, 0.2500000000000003886 ) ;
#1135 = FILL_AREA_STYLE ('',( #179 ) ) ;
#1136 = CARTESIAN_POINT ( 'NONE',  ( -1.625530381104312694, 3.976087027785788930, 2.500000000000000000 ) ) ;
#1137 = EDGE_CURVE ( 'NONE', #5647, #3674, #384, .T. ) ;
#1138 = CARTESIAN_POINT ( 'NONE',  ( -0.08748308917675207130, 3.612124191983064225, -2.500000000000000444 ) ) ;
#1139 = STYLED_ITEM ( 'NONE', ( #942 ), #1042 ) ;
#1140 = CARTESIAN_POINT ( 'NONE',  ( 0.5807320804625867305, 2.887190181573522807, -2.500000000000000888 ) ) ;
#1141 = ORIENTED_EDGE ( 'NONE', *, *, #5078, .T. ) ;
#1142 = ORIENTED_EDGE ( 'NONE', *, *, #4987, .T. ) ;
#1143 = CARTESIAN_POINT ( 'NONE',  ( 0.5509490046643099603, 3.190271412062351875, -2.500000000000000888 ) ) ;
#1144 = DIRECTION ( 'NONE',  ( 3.388131789017202589E-17, -0.000000000000000000, 1.000000000000000000 ) ) ;
#1145 = CARTESIAN_POINT ( 'NONE',  ( -3.532640144035350538, 5.316075528543677819, 2.500000000000000000 ) ) ;
#1146 = CARTESIAN_POINT ( 'NONE',  ( -3.273062625746972820, 6.996274757136434097, 2.500000000000000000 ) ) ;
#1147 = CARTESIAN_POINT ( 'NONE',  ( 5.349999999999999645, 0.1000000000000004080, -2.299999999999999822 ) ) ;
#1148 = AXIS2_PLACEMENT_3D ( 'NONE', #6551, #5074, #462 ) ;
#1149 = AXIS2_PLACEMENT_3D ( 'NONE', #2559, #5008, #2929 ) ;
#1150 = VERTEX_POINT ( 'NONE', #481 ) ;
#1151 = CARTESIAN_POINT ( 'NONE',  ( 5.249999999999999112, 0.1000000000000004219, -2.500000000000001332 ) ) ;
#1152 = CARTESIAN_POINT ( 'NONE',  ( 6.399833389060214373, 10.80727339212633176, 2.319866711248147251 ) ) ;
#1153 = CARTESIAN_POINT ( 'NONE',  ( 0.1062600183023124784, 7.148956870290226639, 2.499999999999999556 ) ) ;
#1154 = CARTESIAN_POINT ( 'NONE',  ( -1.781673536817111048, 5.334603527575435322, 2.500000000000000000 ) ) ;
#1155 = AXIS2_PLACEMENT_3D ( 'NONE', #2376, #1911, #1417 ) ;
#1156 = LINE ( 'NONE', #4663, #286 ) ;
#1157 = COLOUR_RGB ( '',0.5882352941176470784, 0.5882352941176470784, 0.6313725490196078205 ) ;
#1158 = B_SPLINE_CURVE_WITH_KNOTS ( 'NONE', 3,
 ( #4532, #4434, #5966, #5525, #1933, #4937, #3934, #2917, #411, #2492, #1468, #3996, #1056, #4028, #5846, #1810, #1024, #2430, #2983 ),
 .UNSPECIFIED., .F., .F.,
 ( 4, 1, 1, 1, 1, 1, 1, 1, 1, 1, 1, 1, 1, 1, 1, 1, 4 ),
 ( 0.000000000000000000, 0.06450765856360599071, 0.1257039107635782582, 0.1845655419324810642, 0.2405432987829511648, 0.2941309813457227418, 0.3456702404399923378, 0.3950512292683021620, 0.4433965118437674380, 0.5342852302314555768, 0.6178105436834716579, 0.6955493275127478947, 0.7681876088154393489, 0.8358125087125914954, 0.8963536027161809194, 0.9509992640520725793, 1.000000000000000000 ),
 .UNSPECIFIED. ) ;
#1159 = CARTESIAN_POINT ( 'NONE',  ( 5.000000000000000000, -2.000000000000000000, -0.1499999999999994948 ) ) ;
#1160 = CARTESIAN_POINT ( 'NONE',  ( -6.105013847167739094, 11.00000000000000000, -2.131267308959658102 ) ) ;
#1161 = VERTEX_POINT ( 'NONE', #6544 ) ;
#1162 = DIRECTION ( 'NONE',  ( -0.000000000000000000, -1.000000000000000000, -0.000000000000000000 ) ) ;
#1163 = VECTOR ( 'NONE', #6238, 1000.000000000000000 ) ;
#1164 = EDGE_CURVE ( 'NONE', #1413, #2866, #1445, .T. ) ;
#1165 = CARTESIAN_POINT ( 'NONE',  ( 0.7771989206347589274, 2.860673538515058123, 2.499999999999999556 ) ) ;
#1166 = ORIENTED_EDGE ( 'NONE', *, *, #1669, .T. ) ;
#1167 = CARTESIAN_POINT ( 'NONE',  ( -0.1092666826796904050, 2.292807436967376322, -2.500000000000000444 ) ) ;
#1168 = ORIENTED_EDGE ( 'NONE', *, *, #6536, .T. ) ;
#1169 = CYLINDRICAL_SURFACE ( 'NONE', #2408, 0.1000000000000002554 ) ;
#1170 = EDGE_CURVE ( 'NONE', #4702, #1232, #2028, .T. ) ;
#1171 = CARTESIAN_POINT ( 'NONE',  ( -4.649999999999999467, 0.1000000000000004913, -2.300000000000001599 ) ) ;
#1172 = CARTESIAN_POINT ( 'NONE',  ( -1.469316845013528328, 4.042620491176924347, 2.500000000000000000 ) ) ;
#1173 = CARTESIAN_POINT ( 'NONE',  ( 2.907548128573644863, 7.252852974186331458, 2.499999999999999556 ) ) ;
#1174 = CARTESIAN_POINT ( 'NONE',  ( -2.110562221957428708, 6.525580246913603943, 2.500000000000000000 ) ) ;
#1175 = ORIENTED_EDGE ( 'NONE', *, *, #2155, .F. ) ;
#1176 = VERTEX_POINT ( 'NONE', #4973 ) ;
#1177 = DIRECTION ( 'NONE',  ( 0.9922778767136679612, 0.1240347345892057196, -1.008590465289621211E-16 ) ) ;
#1178 = SURFACE_STYLE_FILL_AREA ( #3587 ) ;
#1179 = SURFACE_STYLE_USAGE ( .BOTH. , #2187 ) ;
#1180 = LINE ( 'NONE', #5548, #849 ) ;
#1181 = FILL_AREA_STYLE ('',( #672 ) ) ;
#1182 = VERTEX_POINT ( 'NONE', #2927 ) ;
#1183 = CARTESIAN_POINT ( 'NONE',  ( 4.760000000000000675, 0.000000000000000000, -2.500000000000001332 ) ) ;
#1184 =( NAMED_UNIT ( * ) PLANE_ANGLE_UNIT ( ) SI_UNIT ( $, .RADIAN. ) );
#1185 = PLANE ( 'NONE',  #1995 ) ;
#1186 = DIRECTION ( 'NONE',  ( -1.171416970435733203E-16, 0.000000000000000000, -1.000000000000000000 ) ) ;
#1187 = CARTESIAN_POINT ( 'NONE',  ( 3.789447479222995518, 7.076919532627889531, 2.499999999999999556 ) ) ;
#1188 = CARTESIAN_POINT ( 'NONE',  ( -0.5640714490316982577, 5.009247726494024278, 2.500000000000000000 ) ) ;
#1189 = VECTOR ( 'NONE', #5969, 1000.000000000000000 ) ;
#1190 = FILL_AREA_STYLE_COLOUR ( '', #3675 ) ;
#1191 = CARTESIAN_POINT ( 'NONE',  ( -6.500000000000000000, 10.49999999999999822, -2.400000000000000355 ) ) ;
#1192 = ORIENTED_EDGE ( 'NONE', *, *, #6146, .T. ) ;
#1193 = CARTESIAN_POINT ( 'NONE',  ( -1.880817527717866922, 4.548392783101737002, 2.500000000000000000 ) ) ;
#1194 = SURFACE_STYLE_FILL_AREA ( #5704 ) ;
#1195 = CARTESIAN_POINT ( 'NONE',  ( 1.970391230330557297, 4.367414814257964295, 2.499999999999999556 ) ) ;
#1196 = EDGE_CURVE ( 'NONE', #30, #3062, #2498, .T. ) ;
#1197 = AXIS2_PLACEMENT_3D ( 'NONE', #3642, #3577, #6073 ) ;
#1198 = EDGE_CURVE ( 'NONE', #3053, #618, #520, .T. ) ;
#1199 = VERTEX_POINT ( 'NONE', #1940 ) ;
#1200 =( NAMED_UNIT ( * ) PLANE_ANGLE_UNIT ( ) SI_UNIT ( $, .RADIAN. ) );
#1201 = TOROIDAL_SURFACE ( 'NONE', #4552, 0.1500000000000003830, 0.1000000000000000056 ) ;
#1202 = VERTEX_POINT ( 'NONE', #3904 ) ;
#1203 = CARTESIAN_POINT ( 'NONE',  ( -0.02352371179662371414, 4.854056016194311596, 2.500000000000000000 ) ) ;
#1204 = EDGE_CURVE ( 'NONE', #113, #1947, #4712, .T. ) ;
#1205 = DIRECTION ( 'NONE',  ( 9.637352644315546235E-15, 1.000000000000000000, 0.000000000000000000 ) ) ;
#1206 = EDGE_CURVE ( 'NONE', #5178, #1799, #66, .T. ) ;
#1207 = PRESENTATION_LAYER_ASSIGNMENT (  '', '', ( #341 ) ) ;
#1208 = VECTOR ( 'NONE', #4337, 1000.000000000000114 ) ;
#1209 = EDGE_CURVE ( 'NONE', #4142, #3850, #48, .T. ) ;
#1210 = DIRECTION ( 'NONE',  ( -1.000000000000000000, 0.000000000000000000, -1.885568995626964040E-16 ) ) ;
#1211 = VERTEX_POINT ( 'NONE', #646 ) ;
#1212 = FILL_AREA_STYLE_COLOUR ( '', #4664 ) ;
#1213 = ORIENTED_EDGE ( 'NONE', *, *, #4731, .F. ) ;
#1214 = CARTESIAN_POINT ( 'NONE',  ( 0.4461558419290676536, 3.144278050396612123, -2.500000000000000888 ) ) ;
#1215 = DIRECTION ( 'NONE',  ( -0.000000000000000000, -0.000000000000000000, -1.000000000000000000 ) ) ;
#1216 = EDGE_CURVE ( 'NONE', #1211, #2228, #3541, .T. ) ;
#1217 = CIRCLE ( 'NONE', #2037, 0.009999999999999592548 ) ;
#1218 = DIRECTION ( 'NONE',  ( -0.5054136732061085269, 0.8628771748842988254, 5.137224398380704460E-17 ) ) ;
#1219 = CARTESIAN_POINT ( 'NONE',  ( -1.426970214875377341, 6.843746963283414253, 2.500000000000000000 ) ) ;
#1220 = EDGE_LOOP ( 'NONE', ( #2266, #4056, #173, #1465, #1824, #2697, #2392, #4778, #4192, #4592, #4060, #3695, #937, #4572, #1375 ) ) ;
#1221 = PRESENTATION_STYLE_ASSIGNMENT (( #5822 ) ) ;
#1222 = CARTESIAN_POINT ( 'NONE',  ( 6.208794714927535985, 10.94611338752714147, 2.260993393659405992 ) ) ;
#1223 = DIRECTION ( 'NONE',  ( 0.000000000000000000, -1.000000000000000000, 0.000000000000000000 ) ) ;
#1224 = DIRECTION ( 'NONE',  ( -0.000000000000000000, 1.000000000000000000, 0.000000000000000000 ) ) ;
#1225 = CARTESIAN_POINT ( 'NONE',  ( -1.682861414680216550, 3.797174783173913326, 2.500000000000000000 ) ) ;
#1226 = CARTESIAN_POINT ( 'NONE',  ( -5.239999999999999325, -3.108558907404501873E-17, -2.500000000000000444 ) ) ;
#1227 =( LENGTH_UNIT ( ) NAMED_UNIT ( * ) SI_UNIT ( .MILLI., .METRE. ) );
#1228 = CARTESIAN_POINT ( 'NONE',  ( -6.486986315576744211, 10.63087399712089720, -2.389589052461387642 ) ) ;
#1229 = EDGE_LOOP ( 'NONE', ( #5715, #2185, #4267, #1672, #2790, #4298, #1492, #1114, #2380, #1904, #267, #2269, #1550, #631, #1557 ) ) ;
#1230 = CARTESIAN_POINT ( 'NONE',  ( 0.5993956285120817240, 3.309851253286480777, -2.500000000000000888 ) ) ;
#1231 = LINE ( 'NONE', #3188, #4066 ) ;
#1232 = VERTEX_POINT ( 'NONE', #1566 ) ;
#1233 = MECHANICAL_DESIGN_GEOMETRIC_PRESENTATION_REPRESENTATION (  '', ( #3728 ), #6178 ) ;
#1234 = CARTESIAN_POINT ( 'NONE',  ( 6.399999999999999467, 0.2000000000000005107, 2.399999999999999911 ) ) ;
#1235 =( NAMED_UNIT ( * ) SI_UNIT ( $, .STERADIAN. ) SOLID_ANGLE_UNIT ( ) );
#1236 = ORIENTED_EDGE ( 'NONE', *, *, #4987, .F. ) ;
#1237 = PRESENTATION_STYLE_ASSIGNMENT (( #4202 ) ) ;
#1238 = DIRECTION ( 'NONE',  ( 0.5061170637016741969, -0.8624647922263234401, -5.144373937475060500E-17 ) ) ;
#1239 =( NAMED_UNIT ( * ) PLANE_ANGLE_UNIT ( ) SI_UNIT ( $, .RADIAN. ) );
#1240 = SURFACE_SIDE_STYLE ('',( #325 ) ) ;
#1241 = EDGE_LOOP ( 'NONE', ( #1079, #2690, #6475, #3314, #6305, #5080, #6007, #4990, #2054, #6330 ) ) ;
#1242 = DIRECTION ( 'NONE',  ( -1.000000000000000000, 0.000000000000000000, 0.000000000000000000 ) ) ;
#1243 = VERTEX_POINT ( 'NONE', #2203 ) ;
#1244 = DIRECTION ( 'NONE',  ( -1.239088197126290570E-16, -0.000000000000000000, -1.000000000000000000 ) ) ;
#1245 =( NAMED_UNIT ( * ) SI_UNIT ( $, .STERADIAN. ) SOLID_ANGLE_UNIT ( ) );
#1246 =( NAMED_UNIT ( * ) SI_UNIT ( $, .STERADIAN. ) SOLID_ANGLE_UNIT ( ) );
#1247 = EDGE_CURVE ( 'NONE', #1617, #5472, #3952, .T. ) ;
#1248 = ORIENTED_EDGE ( 'NONE', *, *, #6144, .F. ) ;
#1249 = DIRECTION ( 'NONE',  ( 1.000000000000000000, 0.000000000000000000, -0.000000000000000000 ) ) ;
#1250 = SURFACE_STYLE_USAGE ( .BOTH. , #100 ) ;
#1251 = DIRECTION ( 'NONE',  ( 1.000000000000000000, 0.000000000000000000, -1.016439536705160653E-16 ) ) ;
#1252 = LINE ( 'NONE', #678, #3317 ) ;
#1253 =( LENGTH_UNIT ( ) NAMED_UNIT ( * ) SI_UNIT ( .MILLI., .METRE. ) );
#1254 = STYLED_ITEM ( 'NONE', ( #2045 ), #4074 ) ;
#1255 = CARTESIAN_POINT ( 'NONE',  ( 0.3773933214357681476, 4.211456417205686087, -2.500000000000000888 ) ) ;
#1256 = CARTESIAN_POINT ( 'NONE',  ( -6.389589052461387197, 10.63087399712089187, -2.486986315576746431 ) ) ;
#1257 = CIRCLE ( 'NONE', #2506, 0.1000000000000000194 ) ;
#1258 = ORIENTED_EDGE ( 'NONE', *, *, #2313, .T. ) ;
#1259 = AXIS2_PLACEMENT_3D ( 'NONE', #1312, #778, #3792 ) ;
#1260 = VECTOR ( 'NONE', #2666, 1000.000000000000000 ) ;
#1261 = EDGE_LOOP ( 'NONE', ( #4163, #4033, #751, #270 ) ) ;
#1262 =( LENGTH_UNIT ( ) NAMED_UNIT ( * ) SI_UNIT ( .MILLI., .METRE. ) );
#1263 = VERTEX_POINT ( 'NONE', #6195 ) ;
#1264 = CARTESIAN_POINT ( 'NONE',  ( 5.999999999999998224, 10.99999999999999822, -2.000000000000000444 ) ) ;
#1265 = LINE ( 'NONE', #899, #1208 ) ;
#1266 = CARTESIAN_POINT ( 'NONE',  ( 0.2076195962243901072, 4.268084457115107533, 2.499999999999999556 ) ) ;
#1267 = MECHANICAL_DESIGN_GEOMETRIC_PRESENTATION_REPRESENTATION (  '', ( #405 ), #5916 ) ;
#1268 = FACE_OUTER_BOUND ( 'NONE', #6132, .T. ) ;
#1269 = EDGE_LOOP ( 'NONE', ( #3115, #5024, #4374, #4795, #158, #6554, #2532, #1921, #966, #4485, #1765, #1596, #4972, #6506, #2739, #2339, #5327, #4544, #3449, #2080 ) ) ;
#1270 = AXIS2_PLACEMENT_3D ( 'NONE', #1020, #6460, #1926 ) ;
#1271 = ORIENTED_EDGE ( 'NONE', *, *, #616, .T. ) ;
#1272 = DIRECTION ( 'NONE',  ( -0.5056996249503958873, 0.8627096205126201234, 5.140130924965538164E-17 ) ) ;
#1273 = CARTESIAN_POINT ( 'NONE',  ( -5.349999999999997868, 0.2000000000000004274, 12.49999999999999822 ) ) ;
#1274 = DIRECTION ( 'NONE',  ( 1.016439536705160653E-16, -0.000000000000000000, 1.000000000000000000 ) ) ;
#1275 = EDGE_CURVE ( 'NONE', #461, #3418, #6168, .T. ) ;
#1276 = CARTESIAN_POINT ( 'NONE',  ( -1.395608181125641334, 6.944291444499594235, 2.500000000000000000 ) ) ;
#1277 = EDGE_CURVE ( 'NONE', #4674, #911, #1633, .T. ) ;
#1278 = ORIENTED_EDGE ( 'NONE', *, *, #3105, .T. ) ;
#1279 = DIRECTION ( 'NONE',  ( -1.000000000000000000, 0.000000000000000000, 1.016439536705160653E-16 ) ) ;
#1280 = CARTESIAN_POINT ( 'NONE',  ( 4.650000000000001243, 0.2000000000000005107, 12.49999999999999645 ) ) ;
#1281 = EDGE_CURVE ( 'NONE', #1980, #5602, #4605, .T. ) ;
#1282 = CARTESIAN_POINT ( 'NONE',  ( 0.2938112302354994321, 4.236001884575790299, -2.500000000000000888 ) ) ;
#1283 = VERTEX_POINT ( 'NONE', #3082 ) ;
#1284 = CARTESIAN_POINT ( 'NONE',  ( 5.250000000000000888, 0.1000000000000004219, 12.49999999999999645 ) ) ;
#1285 =( NAMED_UNIT ( * ) PLANE_ANGLE_UNIT ( ) SI_UNIT ( $, .RADIAN. ) );
#1286 = EDGE_LOOP ( 'NONE', ( #534, #1444, #5361, #5446 ) ) ;
#1287 = CARTESIAN_POINT ( 'NONE',  ( -1.384304105074311675, 6.525580246913603943, 2.500000000000000000 ) ) ;
#1288 = EDGE_LOOP ( 'NONE', ( #5978, #1845, #471, #3771 ) ) ;
#1289 = CARTESIAN_POINT ( 'NONE',  ( -5.239999999999998437, 0.009999999999999970718, 12.49999999999999822 ) ) ;
#1290 = FILL_AREA_STYLE ('',( #4742 ) ) ;
#1291 = ORIENTED_EDGE ( 'NONE', *, *, #587, .F. ) ;
#1292 = SURFACE_SIDE_STYLE ('',( #3355 ) ) ;
#1293 = CARTESIAN_POINT ( 'NONE',  ( 5.350000000000000533, 0.2000000000000004274, 2.299999999999999822 ) ) ;
#1294 = STYLED_ITEM ( 'NONE', ( #3318 ), #5957 ) ;
#1295 = CARTESIAN_POINT ( 'NONE',  ( 3.091554773893195662, 4.330539405636626427, 2.499999999999999556 ) ) ;
#1296 = SURFACE_SIDE_STYLE ('',( #3779 ) ) ;
#1297 = PRESENTATION_LAYER_ASSIGNMENT (  '', '', ( #3182 ) ) ;
#1298 = VERTEX_POINT ( 'NONE', #3606 ) ;
#1299 = VERTEX_POINT ( 'NONE', #5599 ) ;
#1300 = LINE ( 'NONE', #6450, #5236 ) ;
#1301 = LINE ( 'NONE', #804, #5199 ) ;
#1302 = CARTESIAN_POINT ( 'NONE',  ( -5.000000000000000000, -1.900000000000000133, -0.1500000000000007438 ) ) ;
#1303 = LINE ( 'NONE', #3300, #2383 ) ;
#1304 = VECTOR ( 'NONE', #6180, 1000.000000000000114 ) ;
#1305 = B_SPLINE_CURVE_WITH_KNOTS ( 'NONE', 3,
 ( #3024, #1541, #3546, #1606, #5170, #1071, #3611, #4612, #5639, #1131, #5070, #3121, #6174, #3515, #5136, #114, #653, #619, #2138, #1167, #4133, #3161, #527 ),
 .UNSPECIFIED., .F., .F.,
 ( 4, 1, 1, 1, 1, 1, 1, 1, 1, 1, 1, 1, 1, 1, 1, 1, 1, 1, 1, 1, 4 ),
 ( 0.000000000000000000, 0.08554989985389335749, 0.1686494846073918197, 0.2497256046122589557, 0.3304880767384164586, 0.3708050879761582985, 0.4104242157892610821, 0.4498446386773707895, 0.4892602803380812215, 0.5288651347023564098, 0.5691213300537579789, 0.6096729477418409981, 0.6507784908636873311, 0.6923354644947729009, 0.7339045300657757176, 0.7761808988983766033, 0.8189301394124920419, 0.8625291518412125935, 0.9069433030544737928, 0.9528350361198958396, 1.000000000000000000 ),
 .UNSPECIFIED. ) ;
#1306 = ORIENTED_EDGE ( 'NONE', *, *, #6491, .T. ) ;
#1307 = DIRECTION ( 'NONE',  ( 0.000000000000000000, -0.000000000000000000, -1.000000000000000000 ) ) ;
#1308 =( GEOMETRIC_REPRESENTATION_CONTEXT ( 3 ) GLOBAL_UNCERTAINTY_ASSIGNED_CONTEXT ( ( #4569 ) ) GLOBAL_UNIT_ASSIGNED_CONTEXT ( ( #5513, #2509, #2477 ) ) REPRESENTATION_CONTEXT ( 'NONE', 'WORKASPACE' ) );
#1309 = DIRECTION ( 'NONE',  ( 0.000000000000000000, 0.000000000000000000, -1.000000000000000000 ) ) ;
#1310 = DIRECTION ( 'NONE',  ( -1.239088197126290570E-16, -0.000000000000000000, -1.000000000000000000 ) ) ;
#1311 = PLANE ( 'NONE',  #4251 ) ;
#1312 = CARTESIAN_POINT ( 'NONE',  ( 5.240000000000001990, 0.009999999999999970718, 12.49999999999999645 ) ) ;
#1313 = SURFACE_STYLE_USAGE ( .BOTH. , #1865 ) ;
#1314 = VECTOR ( 'NONE', #3580, 1000.000000000000000 ) ;
#1315 = ORIENTED_EDGE ( 'NONE', *, *, #2660, .T. ) ;
#1316 =( LENGTH_UNIT ( ) NAMED_UNIT ( * ) SI_UNIT ( .MILLI., .METRE. ) );
#1317 = DIRECTION ( 'NONE',  ( -1.239088197126290570E-16, -0.000000000000000000, -1.000000000000000000 ) ) ;
#1318 = ORIENTED_EDGE ( 'NONE', *, *, #4117, .F. ) ;
#1319 = EDGE_CURVE ( 'NONE', #62, #612, #1665, .T. ) ;
#1320 = CARTESIAN_POINT ( 'NONE',  ( -0.04177811799824555222, 4.019510607845920624, 2.500000000000000000 ) ) ;
#1321 = ORIENTED_EDGE ( 'NONE', *, *, #5881, .T. ) ;
#1322 = LINE ( 'NONE', #3806, #4542 ) ;
#1323 = EDGE_CURVE ( 'NONE', #2638, #608, #5164, .T. ) ;
#1324 = LINE ( 'NONE', #4297, #6248 ) ;
#1325 = STYLED_ITEM ( 'NONE', ( #1023 ), #5384 ) ;
#1326 = EDGE_CURVE ( 'NONE', #4197, #5247, #1134, .T. ) ;
#1327 = VERTEX_POINT ( 'NONE', #585 ) ;
#1328 = CARTESIAN_POINT ( 'NONE',  ( 0.04259041198306184189, 4.356790742051036780, 2.499999999999999556 ) ) ;
#1329 = CARTESIAN_POINT ( 'NONE',  ( 0.2072755613709036104, 4.284027927882636533, 2.499999999999999556 ) ) ;
#1330 = CARTESIAN_POINT ( 'NONE',  ( -4.759999999999999787, 0.01000000000000002970, -2.500000000000000444 ) ) ;
#1331 = LINE ( 'NONE', #183, #6465 ) ;
#1332 = VERTEX_POINT ( 'NONE', #5703 ) ;
#1333 = EDGE_CURVE ( 'NONE', #519, #1580, #2747, .T. ) ;
#1334 = ORIENTED_EDGE ( 'NONE', *, *, #6479, .T. ) ;
#1335 = CARTESIAN_POINT ( 'NONE',  ( -0.03297653073260942147, 3.336879559634525094, -2.500000000000000444 ) ) ;
#1336 = CARTESIAN_POINT ( 'NONE',  ( 0.05177544038023419032, 4.266258158413807067, 2.499999999999999556 ) ) ;
#1337 = DIRECTION ( 'NONE',  ( -1.000000000000000000, 0.000000000000000000, 1.016439536705160653E-16 ) ) ;
#1338 = FILL_AREA_STYLE ('',( #4273 ) ) ;
#1339 = ORIENTED_EDGE ( 'NONE', *, *, #4191, .F. ) ;
#1340 =( LENGTH_UNIT ( ) NAMED_UNIT ( * ) SI_UNIT ( .MILLI., .METRE. ) );
#1341 = DIRECTION ( 'NONE',  ( -0.000000000000000000, -1.000000000000000000, -0.000000000000000000 ) ) ;
#1342 = UNCERTAINTY_MEASURE_WITH_UNIT (LENGTH_MEASURE( 1.000000000000000082E-05 ), #5633, 'distance_accuracy_value', 'NONE');
#1343 = LINE ( 'NONE', #6258, #2345 ) ;
#1344 = PRESENTATION_STYLE_ASSIGNMENT (( #263 ) ) ;
#1345 = CARTESIAN_POINT ( 'NONE',  ( 2.497582788772116036, 4.292333645426794853, 2.499999999999999556 ) ) ;
#1346 = UNCERTAINTY_MEASURE_WITH_UNIT (LENGTH_MEASURE( 1.000000000000000082E-05 ), #600, 'distance_accuracy_value', 'NONE');
#1347 = DIRECTION ( 'NONE',  ( -0.5057030506726042374, -0.8627076124275370184, 5.140165745360481418E-17 ) ) ;
#1348 = ORIENTED_EDGE ( 'NONE', *, *, #2040, .T. ) ;
#1349 = SURFACE_STYLE_USAGE ( .BOTH. , #856 ) ;
#1350 = CARTESIAN_POINT ( 'NONE',  ( 0.1489241215558537446, 4.958846335349051060, 2.499999999999999556 ) ) ;
#1351 = ORIENTED_EDGE ( 'NONE', *, *, #3999, .T. ) ;
#1352 = VERTEX_POINT ( 'NONE', #3116 ) ;
#1353 = CARTESIAN_POINT ( 'NONE',  ( 3.767753879928489535, 7.040044124006550774, 2.499999999999999556 ) ) ;
#1354 = ORIENTED_EDGE ( 'NONE', *, *, #2636, .F. ) ;
#1355 = DIRECTION ( 'NONE',  ( 1.171416970435733203E-16, -0.000000000000000000, 1.000000000000000000 ) ) ;
#1356 = FACE_OUTER_BOUND ( 'NONE', #3169, .T. ) ;
#1357 = CARTESIAN_POINT ( 'NONE',  ( 4.760000000000002451, 0.000000000000000000, 12.49999999999999645 ) ) ;
#1358 = COLOUR_RGB ( '',1.000000000000000000, 0.9372549019607843146, 0.1372549019607843257 ) ;
#1359 = CARTESIAN_POINT ( 'NONE',  ( -1.813467207528169256, 3.804252044206812400, 2.500000000000000000 ) ) ;
#1360 = UNCERTAINTY_MEASURE_WITH_UNIT (LENGTH_MEASURE( 1.000000000000000082E-05 ), #4876, 'distance_accuracy_value', 'NONE');
#1361 = VECTOR ( 'NONE', #4496, 1000.000000000000000 ) ;
#1362 = VECTOR ( 'NONE', #1496, 1000.000000000000000 ) ;
#1363 = ORIENTED_EDGE ( 'NONE', *, *, #1562, .F. ) ;
#1364 = ORIENTED_EDGE ( 'NONE', *, *, #3407, .F. ) ;
#1365 = SURFACE_STYLE_FILL_AREA ( #1916 ) ;
#1366 = SURFACE_SIDE_STYLE ('',( #463 ) ) ;
#1367 =( LENGTH_UNIT ( ) NAMED_UNIT ( * ) SI_UNIT ( .MILLI., .METRE. ) );
#1368 = VERTEX_POINT ( 'NONE', #2098 ) ;
#1369 = DIRECTION ( 'NONE',  ( -0.3026806327303795952, 0.9530920388765908857, 3.076565621020919468E-17 ) ) ;
#1370 = FACE_OUTER_BOUND ( 'NONE', #1867, .T. ) ;
#1371 = DIRECTION ( 'NONE',  ( 1.000000000000000000, 0.000000000000000000, 0.000000000000000000 ) ) ;
#1372 = CARTESIAN_POINT ( 'NONE',  ( 3.789447479222995963, 7.076919532627890419, 2.499999999999999556 ) ) ;
#1373 = COLOUR_RGB ( '',0.6941176470588235059, 0.09803921568627450844, 0.09803921568627450844 ) ;
#1374 = DIRECTION ( 'NONE',  ( 0.000000000000000000, 0.000000000000000000, -1.000000000000000000 ) ) ;
#1375 = ORIENTED_EDGE ( 'NONE', *, *, #6, .F. ) ;
#1376 = CARTESIAN_POINT ( 'NONE',  ( 0.1239665117914114517, 5.099254150401661079, 2.499999999999999556 ) ) ;
#1377 = ORIENTED_EDGE ( 'NONE', *, *, #1433, .F. ) ;
#1378 = COLOUR_RGB ( '',0.6941176470588235059, 0.09803921568627450844, 0.09803921568627450844 ) ;
#1379 = EDGE_CURVE ( 'NONE', #273, #975, #4061, .T. ) ;
#1380 = ORIENTED_EDGE ( 'NONE', *, *, #4436, .F. ) ;
#1381 = CYLINDRICAL_SURFACE ( 'NONE', #983, 0.009999999999999592548 ) ;
#1382 = CARTESIAN_POINT ( 'NONE',  ( 3.138731613405095544, 7.061382710889638759, 2.499999999999999556 ) ) ;
#1383 = VERTEX_POINT ( 'NONE', #786 ) ;
#1384 = CARTESIAN_POINT ( 'NONE',  ( 4.750000000000059508, 6.299999999999893241, -2.300000000000000711 ) ) ;
#1386 = CARTESIAN_POINT ( 'NONE',  ( 2.505364494277058096, 4.305521797789191751, 2.499999999999999556 ) ) ;
#1385 = PRESENTATION_STYLE_ASSIGNMENT (( #5408 ) ) ;
#1387 = LINE ( 'NONE', #5974, #5776 ) ;
#1388 = CARTESIAN_POINT ( 'NONE',  ( -6.399999999999999467, 11.00000000000000000, 2.500000000000000444 ) ) ;
#1389 = VERTEX_POINT ( 'NONE', #6369 ) ;
#1390 = ORIENTED_EDGE ( 'NONE', *, *, #5885, .F. ) ;
#1391 =( NAMED_UNIT ( * ) PLANE_ANGLE_UNIT ( ) SI_UNIT ( $, .RADIAN. ) );
#1392 = LINE ( 'NONE', #977, #2557 ) ;
#1393 = EDGE_CURVE ( 'NONE', #3362, #975, #308, .T. ) ;
#1394 = DIRECTION ( 'NONE',  ( -0.000000000000000000, -1.000000000000000000, -0.000000000000000000 ) ) ;
#1395 = DIRECTION ( 'NONE',  ( 0.000000000000000000, -1.000000000000000000, 0.000000000000000000 ) ) ;
#1396 = VECTOR ( 'NONE', #4069, 1000.000000000000114 ) ;
#1397 = ORIENTED_EDGE ( 'NONE', *, *, #5260, .F. ) ;
#1398 = DIRECTION ( 'NONE',  ( 1.000000000000000000, 0.000000000000000000, 0.000000000000000000 ) ) ;
#1399 = EDGE_CURVE ( 'NONE', #685, #3432, #4291, .T. ) ;
#1400 = CARTESIAN_POINT ( 'NONE',  ( -0.1272113439529100609, 7.797781794950465084, 2.500000000000000000 ) ) ;
#1401 = CARTESIAN_POINT ( 'NONE',  ( 5.249999999999998224, 6.299999999999999822, 2.299999999999999822 ) ) ;
#1402 =( NAMED_UNIT ( * ) SI_UNIT ( $, .STERADIAN. ) SOLID_ANGLE_UNIT ( ) );
#1403 = ORIENTED_EDGE ( 'NONE', *, *, #499, .T. ) ;
#1404 = CARTESIAN_POINT ( 'NONE',  ( 2.073475645914972798, 4.543348255816405334, 2.499999999999999556 ) ) ;
#1405 = CARTESIAN_POINT ( 'NONE',  ( -4.749999999999998224, 0.01000000000000002970, 12.49999999999999822 ) ) ;
#1406 = ORIENTED_EDGE ( 'NONE', *, *, #2467, .F. ) ;
#1407 = CARTESIAN_POINT ( 'NONE',  ( 3.636842817414243090, 4.298414185429023426, 2.499999999999999556 ) ) ;
#1408 = VECTOR ( 'NONE', #3191, 1000.000000000000000 ) ;
#1409 = MECHANICAL_DESIGN_GEOMETRIC_PRESENTATION_REPRESENTATION (  '', ( #1927 ), #2770 ) ;
#1410 = VECTOR ( 'NONE', #3056, 1000.000000000000000 ) ;
#1411 = VERTEX_POINT ( 'NONE', #1699 ) ;
#1412 = CARTESIAN_POINT ( 'NONE',  ( -3.532640144035350538, 5.316075528543677819, 2.500000000000000000 ) ) ;
#1413 = VERTEX_POINT ( 'NONE', #4798 ) ;
#1414 = CARTESIAN_POINT ( 'NONE',  ( -0.2002537803989865306, 5.179711892180042909, 2.500000000000000000 ) ) ;
#1416 = FACE_OUTER_BOUND ( 'NONE', #6020, .T. ) ;
#1415 = PLANE ( 'NONE',  #5077 ) ;
#1417 = DIRECTION ( 'NONE',  ( -1.000000000000000000, 0.000000000000000000, 0.000000000000000000 ) ) ;
#1418 = SURFACE_SIDE_STYLE ('',( #389 ) ) ;
#1419 = ORIENTED_EDGE ( 'NONE', *, *, #4352, .T. ) ;
#1420 = DIRECTION ( 'NONE',  ( -0.1704514661610546655, 0.9853660729310436128, 5.775120309848594196E-18 ) ) ;
#1421 = VERTEX_POINT ( 'NONE', #2758 ) ;
#1422 = ORIENTED_EDGE ( 'NONE', *, *, #6276, .F. ) ;
#1423 =( NAMED_UNIT ( * ) SI_UNIT ( $, .STERADIAN. ) SOLID_ANGLE_UNIT ( ) );
#1424 = DIRECTION ( 'NONE',  ( 0.000000000000000000, 1.000000000000000000, 0.000000000000000000 ) ) ;
#1425 = CARTESIAN_POINT ( 'NONE',  ( 5.000000000000000000, 1.500000000000000000, 8.839610526981747557E-16 ) ) ;
#1426 = ORIENTED_EDGE ( 'NONE', *, *, #4774, .F. ) ;
#1427 = VECTOR ( 'NONE', #5, 1000.000000000000114 ) ;
#1428 =( NAMED_UNIT ( * ) PLANE_ANGLE_UNIT ( ) SI_UNIT ( $, .RADIAN. ) );
#1429 = FILL_AREA_STYLE_COLOUR ( '', #2546 ) ;
#1430 = CARTESIAN_POINT ( 'NONE',  ( 3.585104946755463207, 6.525580246913603943, 2.499999999999999556 ) ) ;
#1431 =( NAMED_UNIT ( * ) SI_UNIT ( $, .STERADIAN. ) SOLID_ANGLE_UNIT ( ) );
#1432 = UNCERTAINTY_MEASURE_WITH_UNIT (LENGTH_MEASURE( 1.000000000000000082E-05 ), #269, 'distance_accuracy_value', 'NONE');
#1433 = EDGE_CURVE ( 'NONE', #6193, #2033, #1485, .T. ) ;
#1434 = LINE ( 'NONE', #2293, #342 ) ;
#1435 = ORIENTED_EDGE ( 'NONE', *, *, #3023, .F. ) ;
#1436 = CARTESIAN_POINT ( 'NONE',  ( -0.08770706287454338446, 7.769673678129795924, 2.500000000000000000 ) ) ;
#1437 = CARTESIAN_POINT ( 'NONE',  ( 0.02025920226226474510, 5.250813007486208051, 2.499999999999999556 ) ) ;
#1438 = ORIENTED_EDGE ( 'NONE', *, *, #81, .T. ) ;
#1439 = CARTESIAN_POINT ( 'NONE',  ( 0.01268487041323956843, 4.433746031859068459, 2.499999999999999556 ) ) ;
#1440 = CARTESIAN_POINT ( 'NONE',  ( 2.657688308252635689, 3.816075528543677819, 2.499999999999999556 ) ) ;
#1441 = VERTEX_POINT ( 'NONE', #820 ) ;
#1442 =( NAMED_UNIT ( * ) PLANE_ANGLE_UNIT ( ) SI_UNIT ( $, .RADIAN. ) );
#1443 = CARTESIAN_POINT ( 'NONE',  ( 3.065414245985671471, 4.298414185429023426, 2.499999999999999556 ) ) ;
#1444 = ORIENTED_EDGE ( 'NONE', *, *, #280, .F. ) ;
#1445 = LINE ( 'NONE', #3971, #4709 ) ;
#1446 = DIRECTION ( 'NONE',  ( -1.000000000000000000, 2.464095846557965385E-16, 1.016439536705160653E-16 ) ) ;
#1447 = LINE ( 'NONE', #3907, #72 ) ;
#1448 = CARTESIAN_POINT ( 'NONE',  ( 3.374206165395493784, 4.543348255816405334, 2.499999999999999556 ) ) ;
#1449 = MECHANICAL_DESIGN_GEOMETRIC_PRESENTATION_REPRESENTATION (  '', ( #5984 ), #3128 ) ;
#1450 = ORIENTED_EDGE ( 'NONE', *, *, #5953, .F. ) ;
#1451 = B_SPLINE_CURVE_WITH_KNOTS ( 'NONE', 3,
 ( #2622, #5009, #80, #4639, #2133, #4130, #1601, #4577, #6170, #3022, #50, #4063, #4508, #3051, #484 ),
 .UNSPECIFIED., .F., .F.,
 ( 4, 1, 1, 1, 1, 1, 1, 1, 1, 1, 1, 1, 4 ),
 ( 0.000000000000000000, 0.08328048791202277701, 0.1629836460762007500, 0.2398012881620829595, 0.3175283129819834183, 0.3954091282702697496, 0.4737911481146753756, 0.5533905154116767200, 0.6368927545650830968, 0.7231326554433618048, 0.8116039970831548933, 0.9035836801005863173, 0.9999999999999998890 ),
 .UNSPECIFIED. ) ;
#1452 = CARTESIAN_POINT ( 'NONE',  ( 0.3258943457895770446, 3.183307846510176731, -2.500000000000000888 ) ) ;
#1453 = ORIENTED_EDGE ( 'NONE', *, *, #3632, .T. ) ;
#1454 = AXIS2_PLACEMENT_3D ( 'NONE', #3542, #5067, #554 ) ;
#1455 = STYLED_ITEM ( 'NONE', ( #4632 ), #2275 ) ;
#1456 = DIRECTION ( 'NONE',  ( 0.5055407125233173371, 0.8628027514915657115, -5.138515676227975609E-17 ) ) ;
#1457 = DIRECTION ( 'NONE',  ( -0.5057194997124211389, 0.8626979700976572518, 5.140332939904590317E-17 ) ) ;
#1458 = ORIENTED_EDGE ( 'NONE', *, *, #5587, .F. ) ;
#1459 = CARTESIAN_POINT ( 'NONE',  ( 2.008447503664977152, 7.040393262179054368, 2.499999999999999556 ) ) ;
#1460 = LINE ( 'NONE', #5960, #6280 ) ;
#1461 =( NAMED_UNIT ( * ) SI_UNIT ( $, .STERADIAN. ) SOLID_ANGLE_UNIT ( ) );
#1462 = PRESENTATION_LAYER_ASSIGNMENT (  '', '', ( #4078 ) ) ;
#1463 =( GEOMETRIC_REPRESENTATION_CONTEXT ( 3 ) GLOBAL_UNCERTAINTY_ASSIGNED_CONTEXT ( ( #2787 ) ) GLOBAL_UNIT_ASSIGNED_CONTEXT ( ( #2075, #562, #3058 ) ) REPRESENTATION_CONTEXT ( 'NONE', 'WORKASPACE' ) );
#1464 = STYLED_ITEM ( 'NONE', ( #2648 ), #2623 ) ;
#1465 = ORIENTED_EDGE ( 'NONE', *, *, #5153, .F. ) ;
#1466 = DIRECTION ( 'NONE',  ( 1.000000000000000000, 0.000000000000000000, -1.016439536705160653E-16 ) ) ;
#1467 = DIRECTION ( 'NONE',  ( 1.000000000000000000, 0.000000000000000000, -1.016439536705160653E-16 ) ) ;
#1468 = CARTESIAN_POINT ( 'NONE',  ( 0.4427770714827454213, 2.416664686985738442, -2.500000000000000888 ) ) ;
#1469 = DIRECTION ( 'NONE',  ( -1.016439536705160653E-16, 0.000000000000000000, -1.000000000000000000 ) ) ;
#1470 =( GEOMETRIC_REPRESENTATION_CONTEXT ( 3 ) GLOBAL_UNCERTAINTY_ASSIGNED_CONTEXT ( ( #1795 ) ) GLOBAL_UNIT_ASSIGNED_CONTEXT ( ( #4023, #6529, #5425 ) ) REPRESENTATION_CONTEXT ( 'NONE', 'WORKASPACE' ) );
#1471 = EDGE_CURVE ( 'NONE', #4498, #3431, #3801, .T. ) ;
#1472 = EDGE_CURVE ( 'NONE', #2448, #63, #5837, .T. ) ;
#1473 = ORIENTED_EDGE ( 'NONE', *, *, #3158, .T. ) ;
#1474 = DIRECTION ( 'NONE',  ( 0.000000000000000000, 0.000000000000000000, -1.000000000000000000 ) ) ;
#1475 = CARTESIAN_POINT ( 'NONE',  ( -6.300000000000000711, 6.299999999999999822, 2.299999999999999822 ) ) ;
#1476 = ORIENTED_EDGE ( 'NONE', *, *, #3476, .T. ) ;
#1477 = DIRECTION ( 'NONE',  ( -1.239088197126290570E-16, -0.000000000000000000, -1.000000000000000000 ) ) ;
#1478 = ADVANCED_FACE ( 'NONE', ( #4765 ), #4327, .T. ) ;
#1479 = DIRECTION ( 'NONE',  ( 0.000000000000000000, -1.000000000000000000, 0.000000000000000000 ) ) ;
#1480 = DIRECTION ( 'NONE',  ( 0.000000000000000000, 0.000000000000000000, 1.000000000000000000 ) ) ;
#1481 = CARTESIAN_POINT ( 'NONE',  ( -0.5536714761065533175, 5.050934416704440544, 2.500000000000000000 ) ) ;
#1482 = ORIENTED_EDGE ( 'NONE', *, *, #1945, .T. ) ;
#1483 = CARTESIAN_POINT ( 'NONE',  ( -0.01796874999999995004, 3.337401669274953520, -2.500000000000000444 ) ) ;
#1484 = ORIENTED_EDGE ( 'NONE', *, *, #5977, .T. ) ;
#1485 = B_SPLINE_CURVE_WITH_KNOTS ( 'NONE', 3,
 ( #4834, #236, #1230, #1840, #3348, #2794, #206 ),
 .UNSPECIFIED., .F., .F.,
 ( 4, 1, 1, 1, 4 ),
 ( 0.000000000000000000, 0.08977230009609338257, 0.2877842030224849745, 0.5900227732035071559, 1.000000000000000000 ),
 .UNSPECIFIED. ) ;
#1486 = SURFACE_STYLE_USAGE ( .BOTH. , #6076 ) ;
#1487 = LINE ( 'NONE', #4449, #3814 ) ;
#1488 = SURFACE_SIDE_STYLE ('',( #6521 ) ) ;
#1489 = VECTOR ( 'NONE', #3352, 1000.000000000000114 ) ;
#1490 = B_SPLINE_CURVE_WITH_KNOTS ( 'NONE', 3,
 ( #2020, #6049, #914, #4425, #1494, #4925, #6457, #6492, #1954, #4992, #1923 ),
 .UNSPECIFIED., .F., .F.,
 ( 4, 1, 1, 1, 1, 1, 1, 1, 4 ),
 ( 0.000000000000000000, 0.1214975217877455466, 0.2369420107628965877, 0.3501745078323838523, 0.4656189968075349905, 0.5862375210488388610, 0.7135126164354662626, 0.8499683097631474116, 1.000000000000000000 ),
 .UNSPECIFIED. ) ;
#1491 = CARTESIAN_POINT ( 'NONE',  ( 1.985813308252635023, 4.190669684387834160, 2.499999999999999556 ) ) ;
#1492 = ORIENTED_EDGE ( 'NONE', *, *, #4625, .F. ) ;
#1493 = PLANE ( 'NONE',  #1821 ) ;
#1494 = CARTESIAN_POINT ( 'NONE',  ( 0.4194433876660028093, 2.894955442678592838, -2.500000000000000888 ) ) ;
#1495 = DIRECTION ( 'NONE',  ( -1.000000000000000000, 0.000000000000000000, 3.388131789017202589E-17 ) ) ;
#1496 = DIRECTION ( 'NONE',  ( -0.000000000000000000, 1.000000000000000000, 0.000000000000000000 ) ) ;
#1497 = DIRECTION ( 'NONE',  ( 0.5056715232898540968, -0.8627260924150367272, -5.139845288577320541E-17 ) ) ;
#1498 = ORIENTED_EDGE ( 'NONE', *, *, #6071, .F. ) ;
#1499 = VECTOR ( 'NONE', #4757, 1000.000000000000000 ) ;
#1500 = CARTESIAN_POINT ( 'NONE',  ( -0.2023844622171683538, 3.796595009063159054, 2.500000000000000000 ) ) ;
#1501 = CARTESIAN_POINT ( 'NONE',  ( -0.1914266700093761597, 4.556335268803418437, 2.500000000000000000 ) ) ;
#1502 = AXIS2_PLACEMENT_3D ( 'NONE', #2707, #5246, #1242 ) ;
#1503 = AXIS2_PLACEMENT_3D ( 'NONE', #5847, #3356, #4841 ) ;
#1504 = ORIENTED_EDGE ( 'NONE', *, *, #2837, .F. ) ;
#1505 = FILL_AREA_STYLE ('',( #106 ) ) ;
#1506 = ORIENTED_EDGE ( 'NONE', *, *, #6103, .T. ) ;
#1508 = CARTESIAN_POINT ( 'NONE',  ( -6.500000000000000000, 10.49999999999999822, 2.400000000000000355 ) ) ;
#1507 = CARTESIAN_POINT ( 'NONE',  ( -0.4996284119748516939, 3.938997485318237679, -2.500000000000000444 ) ) ;
#1509 = DIRECTION ( 'NONE',  ( -0.2923505754165977022, -0.9563112155849601281, 2.971566834319337594E-17 ) ) ;
#1510 = ORIENTED_EDGE ( 'NONE', *, *, #6447, .T. ) ;
#1511 = LINE ( 'NONE', #2042, #546 ) ;
#1512 = VERTEX_POINT ( 'NONE', #859 ) ;
#1513 = CARTESIAN_POINT ( 'NONE',  ( -1.935237546632753158, 7.873084305355162016, 2.500000000000000000 ) ) ;
#1514 = CARTESIAN_POINT ( 'NONE',  ( 3.580780840720169333, 4.190669684387834160, 2.499999999999999556 ) ) ;
#1515 = DIRECTION ( 'NONE',  ( 0.000000000000000000, -1.000000000000000000, 0.000000000000000000 ) ) ;
#1516 = CARTESIAN_POINT ( 'NONE',  ( 1.751703972729488745, 6.525580246913603943, 2.499999999999999556 ) ) ;
#1517 = ORIENTED_EDGE ( 'NONE', *, *, #3038, .T. ) ;
#1518 = SURFACE_STYLE_USAGE ( .BOTH. , #2976 ) ;
#1519 = PRESENTATION_LAYER_ASSIGNMENT (  '', '', ( #5856 ) ) ;
#1520 = FILL_AREA_STYLE ('',( #1429 ) ) ;
#1521 = CARTESIAN_POINT ( 'NONE',  ( -2.013159624554831328, 4.920986242829393120, 2.500000000000000000 ) ) ;
#1522 = DIRECTION ( 'NONE',  ( -1.016439536705160653E-16, 0.000000000000000000, -1.000000000000000000 ) ) ;
#1523 = FILL_AREA_STYLE ('',( #4996 ) ) ;
#1524 = VERTEX_POINT ( 'NONE', #2861 ) ;
#1525 = FILL_AREA_STYLE ('',( #2609 ) ) ;
#1526 =( NAMED_UNIT ( * ) PLANE_ANGLE_UNIT ( ) SI_UNIT ( $, .RADIAN. ) );
#1527 = CARTESIAN_POINT ( 'NONE',  ( 0.04800618692774550472, 4.328029798919041049, 2.499999999999999556 ) ) ;
#1528 = CARTESIAN_POINT ( 'NONE',  ( 1.870819232469748350, 6.525580246913603943, 2.499999999999999556 ) ) ;
#1529 = UNCERTAINTY_MEASURE_WITH_UNIT (LENGTH_MEASURE( 1.000000000000000082E-05 ), #939, 'distance_accuracy_value', 'NONE');
#1530 = AXIS2_PLACEMENT_3D ( 'NONE', #2288, #4283, #777 ) ;
#1531 = VERTEX_POINT ( 'NONE', #718 ) ;
#1532 = MECHANICAL_DESIGN_GEOMETRIC_PRESENTATION_REPRESENTATION (  '', ( #3109 ), #5540 ) ;
#1533 = LINE ( 'NONE', #449, #1578 ) ;
#1534 = ORIENTED_EDGE ( 'NONE', *, *, #5897, .T. ) ;
#1535 = CARTESIAN_POINT ( 'NONE',  ( -1.913474938891679633, 4.561122140179310946, 2.500000000000000000 ) ) ;
#1536 = COLOUR_RGB ( '',0.6941176470588235059, 0.09803921568627450844, 0.09803921568627450844 ) ;
#1537 = LINE ( 'NONE', #483, #3597 ) ;
#1538 = CARTESIAN_POINT ( 'NONE',  ( 3.009352269291597270, 4.190669684387834160, 2.499999999999999556 ) ) ;
#1539 = ADVANCED_FACE ( 'NONE', ( #4737 ), #2229, .F. ) ;
#1540 = EDGE_LOOP ( 'NONE', ( #4914, #1192 ) ) ;
#1541 = CARTESIAN_POINT ( 'NONE',  ( -0.6990915823522710904, 2.951655661347019510, -2.500000000000000444 ) ) ;
#1542 = ORIENTED_EDGE ( 'NONE', *, *, #6, .T. ) ;
#1543 = DIRECTION ( 'NONE',  ( 0.000000000000000000, -0.000000000000000000, 1.000000000000000000 ) ) ;
#1544 = CARTESIAN_POINT ( 'NONE',  ( -1.450854661700679005, 4.061363624221119295, 2.500000000000000000 ) ) ;
#1545 = EDGE_CURVE ( 'NONE', #4727, #2570, #5913, .T. ) ;
#1546 = CARTESIAN_POINT ( 'NONE',  ( -0.06040171836708713854, 3.611559116441205308, -2.500000000000000444 ) ) ;
#1547 = ADVANCED_FACE ( 'NONE', ( #6502 ), #3499, .F. ) ;
#1548 = CARTESIAN_POINT ( 'NONE',  ( 0.6030479370484849166, 2.867062715975539966, -2.500000000000000888 ) ) ;
#1549 = MECHANICAL_DESIGN_GEOMETRIC_PRESENTATION_REPRESENTATION (  '', ( #1455 ), #2507 ) ;
#1550 = ORIENTED_EDGE ( 'NONE', *, *, #6454, .F. ) ;
#1551 = ORIENTED_EDGE ( 'NONE', *, *, #5858, .F. ) ;
#1552 = CARTESIAN_POINT ( 'NONE',  ( -4.370302481697687647, 3.816075528543677819, 2.500000000000000444 ) ) ;
#1553 = CARTESIAN_POINT ( 'NONE',  ( 6.299999999999998046, 6.299999999999999822, -2.300000000000000711 ) ) ;
#1554 = EDGE_CURVE ( 'NONE', #2298, #2564, #4400, .T. ) ;
#1555 = DIRECTION ( 'NONE',  ( -1.239088197126290570E-16, -0.000000000000000000, -1.000000000000000000 ) ) ;
#1556 = MECHANICAL_DESIGN_GEOMETRIC_PRESENTATION_REPRESENTATION (  '', ( #5346 ), #172 ) ;
#1557 = ORIENTED_EDGE ( 'NONE', *, *, #4692, .F. ) ;
#1558 = CARTESIAN_POINT ( 'NONE',  ( 2.881574102599619103, 6.525580246913603943, 2.499999999999999556 ) ) ;
#1559 = CARTESIAN_POINT ( 'NONE',  ( 3.440015661041177175, 7.252852974186331458, 2.499999999999999556 ) ) ;
#1560 = CARTESIAN_POINT ( 'NONE',  ( -4.307295176502882406, 8.025580246913603943, 2.500000000000000444 ) ) ;
#1561 = VECTOR ( 'NONE', #5244, 1000.000000000000000 ) ;
#1562 = EDGE_CURVE ( 'NONE', #1283, #2987, #6403, .T. ) ;
#1563 = VERTEX_POINT ( 'NONE', #1871 ) ;
#1564 = AXIS2_PLACEMENT_3D ( 'NONE', #6294, #3374, #2330 ) ;
#1565 = VERTEX_POINT ( 'NONE', #1440 ) ;
#1566 = CARTESIAN_POINT ( 'NONE',  ( 3.745210466235982416, 7.001838363796720976, 2.499999999999999556 ) ) ;
#1567 = CARTESIAN_POINT ( 'NONE',  ( -6.131267308959662543, 11.00000000000000000, 2.105013847167717778 ) ) ;
#1568 = CARTESIAN_POINT ( 'NONE',  ( -0.6985635973757783335, 3.048207281806625701, -2.500000000000000444 ) ) ;
#1569 = EDGE_CURVE ( 'NONE', #5103, #4582, #537, .T. ) ;
#1570 = ORIENTED_EDGE ( 'NONE', *, *, #3279, .T. ) ;
#1571 = EDGE_CURVE ( 'NONE', #414, #1064, #5433, .T. ) ;
#1572 = SURFACE_STYLE_USAGE ( .BOTH. , #1038 ) ;
#1573 = ORIENTED_EDGE ( 'NONE', *, *, #3841, .T. ) ;
#1574 = COLOUR_RGB ( '',0.7921568627450980005, 0.8196078431372548767, 0.9333333333333333481 ) ;
#1575 = DIRECTION ( 'NONE',  ( -0.000000000000000000, -0.000000000000000000, 1.000000000000000000 ) ) ;
#1576 = CARTESIAN_POINT ( 'NONE',  ( 0.1790231148682790707, 4.444529566195359216, 2.499999999999999556 ) ) ;
#1577 = LINE ( 'NONE', #3028, #4292 ) ;
#1578 = VECTOR ( 'NONE', #2495, 1000.000000000000114 ) ;
#1579 = DIRECTION ( 'NONE',  ( 0.5056715232898540968, 0.8627260924150367272, -5.139845288577320541E-17 ) ) ;
#1580 = VERTEX_POINT ( 'NONE', #6129 ) ;
#1581 = EDGE_CURVE ( 'NONE', #1161, #1182, #2612, .T. ) ;
#1582 = CARTESIAN_POINT ( 'NONE',  ( 2.639625779520464732, 7.065080977114178928, 2.499999999999999556 ) ) ;
#1583 = ORIENTED_EDGE ( 'NONE', *, *, #3315, .T. ) ;
#1584 =( NAMED_UNIT ( * ) SI_UNIT ( $, .STERADIAN. ) SOLID_ANGLE_UNIT ( ) );
#1585 = DIRECTION ( 'NONE',  ( 0.000000000000000000, -1.000000000000000000, 0.000000000000000000 ) ) ;
#1586 = DIRECTION ( 'NONE',  ( -1.000000000000000000, 0.000000000000000000, 0.000000000000000000 ) ) ;
#1587 = PRESENTATION_STYLE_ASSIGNMENT (( #157 ) ) ;
#1588 = EDGE_CURVE ( 'NONE', #4467, #4604, #3600, .T. ) ;
#1589 = VERTEX_POINT ( 'NONE', #5124 ) ;
#1590 =( NAMED_UNIT ( * ) PLANE_ANGLE_UNIT ( ) SI_UNIT ( $, .RADIAN. ) );
#1591 = CARTESIAN_POINT ( 'NONE',  ( 0.1782629252378106210, 4.079334706271279920, 2.499999999999999556 ) ) ;
#1592 = MECHANICAL_DESIGN_GEOMETRIC_PRESENTATION_REPRESENTATION (  '', ( #1294 ), #6024 ) ;
#1593 =( NAMED_UNIT ( * ) SI_UNIT ( $, .STERADIAN. ) SOLID_ANGLE_UNIT ( ) );
#1594 = DIRECTION ( 'NONE',  ( -0.000000000000000000, -1.000000000000000000, -0.000000000000000000 ) ) ;
#1595 = DIRECTION ( 'NONE',  ( 0.5055407125233173371, 0.8628027514915657115, -5.138515676227975609E-17 ) ) ;
#1596 = ORIENTED_EDGE ( 'NONE', *, *, #6156, .T. ) ;
#1597 = ORIENTED_EDGE ( 'NONE', *, *, #3898, .T. ) ;
#1598 = CARTESIAN_POINT ( 'NONE',  ( 5.249999999999999112, 6.299999999999999822, -2.300000000000000711 ) ) ;
#1599 = COLOUR_RGB ( '',0.5882352941176470784, 0.5882352941176470784, 0.6313725490196078205 ) ;
#1600 = CARTESIAN_POINT ( 'NONE',  ( -6.242960422516522279, 10.95279564025747554, 2.242960422516572905 ) ) ;
#1601 = CARTESIAN_POINT ( 'NONE',  ( -0.2268428700609402271, 2.618050272570190184, -2.500000000000000444 ) ) ;
#1602 = B_SPLINE_CURVE_WITH_KNOTS ( 'NONE', 3,
 ( #570, #4595, #4655, #67, #2153, #4086, #6124 ),
 .UNSPECIFIED., .F., .F.,
 ( 4, 1, 1, 1, 4 ),
 ( 0.000000000000000000, 0.2081614228391166221, 0.4437428907768915520, 0.7079862851435061444, 1.000000000000000000 ),
 .UNSPECIFIED. ) ;
#1603 = VECTOR ( 'NONE', #1446, 1000.000000000000000 ) ;
#1604 = STYLED_ITEM ( 'NONE', ( #434 ), #5597 ) ;
#1605 = ORIENTED_EDGE ( 'NONE', *, *, #4491, .T. ) ;
#1606 = CARTESIAN_POINT ( 'NONE',  ( -0.6811093883623435818, 2.799046022106702836, -2.500000000000000444 ) ) ;
#1607 = ORIENTED_EDGE ( 'NONE', *, *, #3795, .T. ) ;
#1608 = CARTESIAN_POINT ( 'NONE',  ( -0.3499999999999999223, 2.944042294274953342, -2.500000000000000444 ) ) ;
#1609 = CARTESIAN_POINT ( 'NONE',  ( -0.006944572650866011679, 4.944822954143987204, 2.500000000000000000 ) ) ;
#1610 = LINE ( 'NONE', #1041, #5730 ) ;
#1611 = CARTESIAN_POINT ( 'NONE',  ( 0.06521155773015724355, 3.585983755075214940, -2.500000000000000888 ) ) ;
#1612 = MECHANICAL_DESIGN_GEOMETRIC_PRESENTATION_REPRESENTATION (  '', ( #3298 ), #2462 ) ;
#1613 = VECTOR ( 'NONE', #3743, 1000.000000000000227 ) ;
#1614 = CARTESIAN_POINT ( 'NONE',  ( -1.456020493692769202, 4.997360959237658662, 2.500000000000000000 ) ) ;
#1615 = ORIENTED_EDGE ( 'NONE', *, *, #5053, .T. ) ;
#1616 = CARTESIAN_POINT ( 'NONE',  ( 4.760000000000001563, 0.01000000000000002970, 12.49999999999999645 ) ) ;
#1617 = VERTEX_POINT ( 'NONE', #577 ) ;
#1618 = CARTESIAN_POINT ( 'NONE',  ( 2.591254607684486899, 7.020599565337423797, 2.499999999999999556 ) ) ;
#1619 =( NAMED_UNIT ( * ) SI_UNIT ( $, .STERADIAN. ) SOLID_ANGLE_UNIT ( ) );
#1620 = FACE_OUTER_BOUND ( 'NONE', #2475, .T. ) ;
#1621 = SURFACE_SIDE_STYLE ('',( #5188 ) ) ;
#1622 = ORIENTED_EDGE ( 'NONE', *, *, #607, .T. ) ;
#1623 = CARTESIAN_POINT ( 'NONE',  ( -1.396324879402722319, 4.291148884714718115, 2.500000000000000000 ) ) ;
#1624 =( NAMED_UNIT ( * ) PLANE_ANGLE_UNIT ( ) SI_UNIT ( $, .RADIAN. ) );
#1625 = CARTESIAN_POINT ( 'NONE',  ( -2.169003780398986780, 4.924638840231989612, 2.500000000000000000 ) ) ;
#1626 = EDGE_CURVE ( 'NONE', #311, #2956, #2167, .T. ) ;
#1627 = VERTEX_POINT ( 'NONE', #5696 ) ;
#1628 = EDGE_CURVE ( 'NONE', #1176, #277, #1122, .T. ) ;
#1629 = CARTESIAN_POINT ( 'NONE',  ( 0.6003906250000000666, 3.298339169274953520, -2.500000000000000888 ) ) ;
#1630 = FACE_OUTER_BOUND ( 'NONE', #4333, .T. ) ;
#1631 = ORIENTED_EDGE ( 'NONE', *, *, #5798, .T. ) ;
#1632 = VECTOR ( 'NONE', #6291, 1000.000000000000000 ) ;
#1633 = LINE ( 'NONE', #1598, #4607 ) ;
#1634 = DIRECTION ( 'NONE',  ( -1.000000000000000000, 0.000000000000000000, 0.000000000000000000 ) ) ;
#1635 = CARTESIAN_POINT ( 'NONE',  ( -4.057240686559624443, 6.786908314587558166, 2.500000000000000000 ) ) ;
#1636 = ORIENTED_EDGE ( 'NONE', *, *, #972, .T. ) ;
#1637 =( LENGTH_UNIT ( ) NAMED_UNIT ( * ) SI_UNIT ( .MILLI., .METRE. ) );
#1638 = VERTEX_POINT ( 'NONE', #6161 ) ;
#1639 = LINE ( 'NONE', #2630, #4714 ) ;
#1640 = CARTESIAN_POINT ( 'NONE',  ( 3.218018907794424344, 7.076919532627889531, 2.499999999999999556 ) ) ;
#1641 = CARTESIAN_POINT ( 'NONE',  ( -1.538253556410876133, 3.998947865270608748, 2.500000000000000000 ) ) ;
#1642 = CARTESIAN_POINT ( 'NONE',  ( -3.333269202476908610, 7.266448753407110495, 2.500000000000000000 ) ) ;
#1643 = FILL_AREA_STYLE_COLOUR ( '', #5394 ) ;
#1644 = ORIENTED_EDGE ( 'NONE', *, *, #499, .F. ) ;
#1645 = VERTEX_POINT ( 'NONE', #3107 ) ;
#1646 =( NAMED_UNIT ( * ) PLANE_ANGLE_UNIT ( ) SI_UNIT ( $, .RADIAN. ) );
#1647 = CARTESIAN_POINT ( 'NONE',  ( 2.520126202464624043, 4.330539405636626427, 2.499999999999999556 ) ) ;
#1648 = CARTESIAN_POINT ( 'NONE',  ( -3.333269202476908610, 7.266448753407110495, 2.500000000000000000 ) ) ;
#1649 = LINE ( 'NONE', #98, #3772 ) ;
#1650 = ORIENTED_EDGE ( 'NONE', *, *, #1796, .F. ) ;
#1651 = CARTESIAN_POINT ( 'NONE',  ( -1.405795230432464349, 4.319468651317748709, 2.500000000000000000 ) ) ;
#1652 = CARTESIAN_POINT ( 'NONE',  ( 6.242960422516562247, 10.95279564025733698, 2.242960422516561803 ) ) ;
#1653 = EDGE_CURVE ( 'NONE', #1580, #5613, #4786, .T. ) ;
#1654 = CARTESIAN_POINT ( 'NONE',  ( 6.299999999999998046, 0.5000000000000004441, -2.300000000000000711 ) ) ;
#1655 = CARTESIAN_POINT ( 'NONE',  ( -6.292893218813452982, 11.00000000000000178, 2.234314575050762031 ) ) ;
#1656 = PRESENTATION_LAYER_ASSIGNMENT (  '', '', ( #2720 ) ) ;
#1657 = LINE ( 'NONE', #3151, #2923 ) ;
#1658 = PRESENTATION_STYLE_ASSIGNMENT (( #5534 ) ) ;
#1659 = STYLED_ITEM ( 'NONE', ( #1237 ), #3813 ) ;
#1660 =( GEOMETRIC_REPRESENTATION_CONTEXT ( 3 ) GLOBAL_UNCERTAINTY_ASSIGNED_CONTEXT ( ( #5288 ) ) GLOBAL_UNIT_ASSIGNED_CONTEXT ( ( #2646, #1590, #4658 ) ) REPRESENTATION_CONTEXT ( 'NONE', 'WORKASPACE' ) );
#1661 = FILL_AREA_STYLE ('',( #1190 ) ) ;
#1662 = DIRECTION ( 'NONE',  ( -0.5054136732061089710, -0.8628771748842986034, 5.137224398380708775E-17 ) ) ;
#1663 = EDGE_CURVE ( 'NONE', #3496, #1029, #699, .T. ) ;
#1664 = VERTEX_POINT ( 'NONE', #3150 ) ;
#1665 = LINE ( 'NONE', #4637, #5118 ) ;
#1666 = DIRECTION ( 'NONE',  ( -1.016439536705160653E-16, 0.000000000000000000, -1.000000000000000000 ) ) ;
#1667 = DIRECTION ( 'NONE',  ( -0.000000000000000000, -1.000000000000000000, -0.000000000000000000 ) ) ;
#1668 = EDGE_LOOP ( 'NONE', ( #3807, #1769, #2562, #4847 ) ) ;
#1669 = EDGE_CURVE ( 'NONE', #1081, #4394, #2523, .T. ) ;
#1670 = SURFACE_SIDE_STYLE ('',( #4232 ) ) ;
#1671 = EDGE_CURVE ( 'NONE', #2354, #2706, #4662, .T. ) ;
#1672 = ORIENTED_EDGE ( 'NONE', *, *, #1571, .F. ) ;
#1673 = B_SPLINE_CURVE_WITH_KNOTS ( 'NONE', 3,
 ( #4906, #2402, #4839, #1938, #2338, #351, #5471, #2893, #2372, #3939, #1906 ),
 .UNSPECIFIED., .F., .F.,
 ( 4, 1, 1, 1, 1, 1, 1, 1, 4 ),
 ( 0.000000000000000000, 0.1362636970460438801, 0.2661210016224256347, 0.3915348370078018392, 0.5154830202755481539, 0.6372123612343764121, 0.7571674882442397392, 0.8771226152541019561, 1.000000000000000000 ),
 .UNSPECIFIED. ) ;
#1674 = CARTESIAN_POINT ( 'NONE',  ( -1.741345811223320661, 3.973443873640436053, 2.500000000000000000 ) ) ;
#1675 =( NAMED_UNIT ( * ) SI_UNIT ( $, .STERADIAN. ) SOLID_ANGLE_UNIT ( ) );
#1676 = SURFACE_SIDE_STYLE ('',( #797 ) ) ;
#1677 = MECHANICAL_DESIGN_GEOMETRIC_PRESENTATION_REPRESENTATION (  '', ( #3037 ), #3877 ) ;
#1678 = CARTESIAN_POINT ( 'NONE',  ( 2.192387983577310795, 4.543348255816405334, 2.499999999999999556 ) ) ;
#1679 = VERTEX_POINT ( 'NONE', #543 ) ;
#1680 = PRESENTATION_STYLE_ASSIGNMENT (( #126 ) ) ;
#1681 = EDGE_CURVE ( 'NONE', #3362, #1781, #2549, .T. ) ;
#1682 = ORIENTED_EDGE ( 'NONE', *, *, #739, .F. ) ;
#1683 = CARTESIAN_POINT ( 'NONE',  ( 2.323132544158060142, 6.525580246913603943, 2.499999999999999556 ) ) ;
#1684 = CARTESIAN_POINT ( 'NONE',  ( 2.554463712989229141, 7.083413039121395194, 2.499999999999999556 ) ) ;
#1685 = CARTESIAN_POINT ( 'NONE',  ( -2.012409563314457639, 4.946548065464705601, 2.500000000000000000 ) ) ;
#1686 = FILL_AREA_STYLE ('',( #5754 ) ) ;
#1687 = CARTESIAN_POINT ( 'NONE',  ( 5.000000000000000000, 0.5000000000000000000, -0.2499999999999995282 ) ) ;
#1688 = ORIENTED_EDGE ( 'NONE', *, *, #5386, .F. ) ;
#1689 =( NAMED_UNIT ( * ) SI_UNIT ( $, .STERADIAN. ) SOLID_ANGLE_UNIT ( ) );
#1690 = CARTESIAN_POINT ( 'NONE',  ( -6.500000000000000888, 11.00000000000000000, 2.399999999999999911 ) ) ;
#1691 = CARTESIAN_POINT ( 'NONE',  ( 1.565778053080502358E-15, 0.2000000000000005107, 12.49999999999999822 ) ) ;
#1692 = CARTESIAN_POINT ( 'NONE',  ( -6.400000000000000355, 10.79289321881345032, 2.500000000000000444 ) ) ;
#1693 = SURFACE_SIDE_STYLE ('',( #4064 ) ) ;
#1694 = EDGE_CURVE ( 'NONE', #429, #5638, #2160, .T. ) ;
#1695 = MECHANICAL_DESIGN_GEOMETRIC_PRESENTATION_REPRESENTATION (  '', ( #4318 ), #5284 ) ;
#1696 = CARTESIAN_POINT ( 'NONE',  ( 6.299999999999998934, 6.299999999999999822, 2.299999999999999822 ) ) ;
#1697 = CARTESIAN_POINT ( 'NONE',  ( -2.928542426089333993E-16, 0.2000000000000005107, -2.500000000000000888 ) ) ;
#1698 = ORIENTED_EDGE ( 'NONE', *, *, #5766, .T. ) ;
#1699 = CARTESIAN_POINT ( 'NONE',  ( 3.919660710850039642, 3.816075528543677819, 2.499999999999999556 ) ) ;
#1700 = CARTESIAN_POINT ( 'NONE',  ( 2.497582788772116036, 4.089208645426794853, 2.499999999999999556 ) ) ;
#1701 = CARTESIAN_POINT ( 'NONE',  ( -0.1915042211837888753, 3.952599852485180865, 2.500000000000000000 ) ) ;
#1702 = PRESENTATION_LAYER_ASSIGNMENT (  '', '', ( #3281 ) ) ;
#1703 = ORIENTED_EDGE ( 'NONE', *, *, #2085, .F. ) ;
#1704 = DIRECTION ( 'NONE',  ( 1.000000000000000000, 0.000000000000000000, -1.016439536705160653E-16 ) ) ;
#1705 = LINE ( 'NONE', #2731, #2871 ) ;
#1706 = VECTOR ( 'NONE', #4332, 1000.000000000000000 ) ;
#1707 = VERTEX_POINT ( 'NONE', #2058 ) ;
#1708 =( NAMED_UNIT ( * ) SI_UNIT ( $, .STERADIAN. ) SOLID_ANGLE_UNIT ( ) );
#1709 = CARTESIAN_POINT ( 'NONE',  ( -0.2559558907885969292, 4.710048742829392232, 2.500000000000000000 ) ) ;
#1710 = FACE_OUTER_BOUND ( 'NONE', #838, .T. ) ;
#1711 =( LENGTH_UNIT ( ) NAMED_UNIT ( * ) SI_UNIT ( .MILLI., .METRE. ) );
#1712 = COLOUR_RGB ( '',0.6941176470588235059, 0.09803921568627450844, 0.09803921568627450844 ) ;
#1713 = CARTESIAN_POINT ( 'NONE',  ( 5.000000000000000000, -2.000000000000000000, 0.1500000000000012990 ) ) ;
#1714 = B_SPLINE_CURVE_WITH_KNOTS ( 'NONE', 3,
 ( #5582, #1083, #5084, #1018, #96 ),
 .UNSPECIFIED., .F., .F.,
 ( 4, 1, 4 ),
 ( 0.000000000000000000, 0.5271548120356771561, 1.000000000000000000 ),
 .UNSPECIFIED. ) ;
#1715 = ORIENTED_EDGE ( 'NONE', *, *, #162, .T. ) ;
#1716 = ORIENTED_EDGE ( 'NONE', *, *, #3959, .T. ) ;
#1717 = AXIS2_PLACEMENT_3D ( 'NONE', #6013, #3159, #3522 ) ;
#1718 = CARTESIAN_POINT ( 'NONE',  ( -4.750000000000000000, 0.01000000000000002970, -2.500000000000000444 ) ) ;
#1719 = CARTESIAN_POINT ( 'NONE',  ( 3.745210466235982416, 6.798713363796720976, 2.499999999999999556 ) ) ;
#1720 = CIRCLE ( 'NONE', #453, 0.1000000000000002554 ) ;
#1721 = SURFACE_SIDE_STYLE ('',( #296 ) ) ;
#1722 = SURFACE_STYLE_FILL_AREA ( #5344 ) ;
#1723 = B_SPLINE_CURVE_WITH_KNOTS ( 'NONE', 3,
 ( #4013, #6044, #5075, #4105, #2566, #3027, #622, #4585, #26, #1576, #761, #2272, #180, #1329, #1266 ),
 .UNSPECIFIED., .F., .F.,
 ( 4, 1, 1, 1, 1, 1, 1, 1, 1, 1, 1, 1, 4 ),
 ( 0.000000000000000000, 0.07876588018063718222, 0.1538985333760666263, 0.2265833941339340518, 0.2983449299199822380, 0.3713877894568897720, 0.4478553383321586256, 0.5293927731599351594, 0.6160117841062795474, 0.7070983798187591152, 0.8007403864370833402, 0.8980898170005537917, 0.9999999999999998890 ),
 .UNSPECIFIED. ) ;
#1724 = MECHANICAL_DESIGN_GEOMETRIC_PRESENTATION_REPRESENTATION (  '', ( #4570 ), #780 ) ;
#1725 = ORIENTED_EDGE ( 'NONE', *, *, #1077, .T. ) ;
#1726 = CARTESIAN_POINT ( 'NONE',  ( 6.499999999999999112, 11.00000000000000000, 2.399999999999999911 ) ) ;
#1727 =( NAMED_UNIT ( * ) PLANE_ANGLE_UNIT ( ) SI_UNIT ( $, .RADIAN. ) );
#1728 = CARTESIAN_POINT ( 'NONE',  ( 2.542694232469748794, 6.900174402757759395, 2.499999999999999556 ) ) ;
#1729 = MECHANICAL_DESIGN_GEOMETRIC_PRESENTATION_REPRESENTATION (  '', ( #3091 ), #2676 ) ;
#1730 = UNCERTAINTY_MEASURE_WITH_UNIT (LENGTH_MEASURE( 1.000000000000000082E-05 ), #4860, 'distance_accuracy_value', 'NONE');
#1731 = VERTEX_POINT ( 'NONE', #6094 ) ;
#1732 = FILL_AREA_STYLE ('',( #6266 ) ) ;
#1733 = CARTESIAN_POINT ( 'NONE',  ( -0.006666118061324216061, 4.953859619452768648, 2.500000000000000000 ) ) ;
#1734 = ORIENTED_EDGE ( 'NONE', *, *, #2242, .F. ) ;
#1735 = VECTOR ( 'NONE', #5091, 1000.000000000000000 ) ;
#1736 = SURFACE_STYLE_FILL_AREA ( #242 ) ;
#1737 = SURFACE_STYLE_USAGE ( .BOTH. , #1670 ) ;
#1738 = VERTEX_POINT ( 'NONE', #1559 ) ;
#1739 = CARTESIAN_POINT ( 'NONE',  ( 6.389589052461386309, 10.63087399712089720, -2.486986315576745099 ) ) ;
#1740 = CARTESIAN_POINT ( 'NONE',  ( -0.01595118207956466513, 4.877034923497654439, 2.500000000000000000 ) ) ;
#1741 = DIRECTION ( 'NONE',  ( 1.000000000000000000, -1.084202172485501673E-15, 0.000000000000000000 ) ) ;
#1742 = CARTESIAN_POINT ( 'NONE',  ( 3.640439931629259718, 4.292333645426794853, 2.499999999999999556 ) ) ;
#1743 = ORIENTED_EDGE ( 'NONE', *, *, #5878, .T. ) ;
#1744 = LINE ( 'NONE', #219, #5191 ) ;
#1745 = EDGE_CURVE ( 'NONE', #1589, #147, #3074, .T. ) ;
#1746 = ORIENTED_EDGE ( 'NONE', *, *, #490, .F. ) ;
#1747 = DIRECTION ( 'NONE',  ( -1.807003620809174139E-16, 7.505862196808980444E-32, 1.000000000000000000 ) ) ;
#1748 = CARTESIAN_POINT ( 'NONE',  ( 4.750000000000000888, 0.01000000000000002970, 2.299999999999999822 ) ) ;
#1749 = DIRECTION ( 'NONE',  ( 1.000000000000000000, 0.000000000000000000, -1.016439536705160653E-16 ) ) ;
#1750 = CARTESIAN_POINT ( 'NONE',  ( 3.684676944616273708, 4.367414814257965183, 2.499999999999999556 ) ) ;
#1751 = CARTESIAN_POINT ( 'NONE',  ( -1.457964819360025865, 6.741387876783734079, 2.500000000000000000 ) ) ;
#1752 = MECHANICAL_DESIGN_GEOMETRIC_PRESENTATION_REPRESENTATION (  '', ( #1139 ), #6522 ) ;
#1753 = ORIENTED_EDGE ( 'NONE', *, *, #3459, .F. ) ;
#1754 = CARTESIAN_POINT ( 'NONE',  ( -0.4352375466327527698, 4.244646957115106645, 2.500000000000000000 ) ) ;
#1755 = DIRECTION ( 'NONE',  ( -1.807003620809174139E-16, 0.000000000000000000, 1.000000000000000000 ) ) ;
#1756 = VECTOR ( 'NONE', #4261, 1000.000000000000114 ) ;
#1757 = CARTESIAN_POINT ( 'NONE',  ( -1.293021501984799926, 4.005640479251629138, 2.500000000000000000 ) ) ;
#1758 = CARTESIAN_POINT ( 'NONE',  ( 0.4753906250000000111, 4.028026669274953342, -2.500000000000000888 ) ) ;
#1759 = PRESENTATION_LAYER_ASSIGNMENT (  '', '', ( #5237 ) ) ;
#1760 = ORIENTED_EDGE ( 'NONE', *, *, #2290, .F. ) ;
#1761 =( NAMED_UNIT ( * ) PLANE_ANGLE_UNIT ( ) SI_UNIT ( $, .RADIAN. ) );
#1762 = CARTESIAN_POINT ( 'NONE',  ( -6.379450001790357483, 10.83410893347784842, -2.379450001790345048 ) ) ;
#1763 = CIRCLE ( 'NONE', #3967, 0.009999999999999592548 ) ;
#1764 = VECTOR ( 'NONE', #2195, 1000.000000000000000 ) ;
#1765 = ORIENTED_EDGE ( 'NONE', *, *, #464, .T. ) ;
#1766 = EDGE_CURVE ( 'NONE', #461, #1150, #6504, .T. ) ;
#1767 = CARTESIAN_POINT ( 'NONE',  ( 2.218362009551337000, 3.816075528543677819, 2.499999999999999556 ) ) ;
#1768 = COLOUR_RGB ( '',0.5882352941176470784, 0.5882352941176470784, 0.6313725490196078205 ) ;
#1769 = ORIENTED_EDGE ( 'NONE', *, *, #2937, .F. ) ;
#1770 = FILL_AREA_STYLE ('',( #2135 ) ) ;
#1771 =( NAMED_UNIT ( * ) PLANE_ANGLE_UNIT ( ) SI_UNIT ( $, .RADIAN. ) );
#1772 = ORIENTED_EDGE ( 'NONE', *, *, #5878, .F. ) ;
#1773 = FACE_OUTER_BOUND ( 'NONE', #954, .T. ) ;
#1774 = DIRECTION ( 'NONE',  ( -1.000000000000000000, 0.000000000000000000, 0.000000000000000000 ) ) ;
#1775 = SURFACE_SIDE_STYLE ('',( #2341 ) ) ;
#1776 = SURFACE_STYLE_FILL_AREA ( #5211 ) ;
#1777 = LINE ( 'NONE', #2736, #2518 ) ;
#1778 = EDGE_CURVE ( 'NONE', #4672, #85, #6326, .T. ) ;
#1779 = CARTESIAN_POINT ( 'NONE',  ( -6.300000000000000711, 6.299999999999999822, 2.299999999999999822 ) ) ;
#1780 = ORIENTED_EDGE ( 'NONE', *, *, #2837, .T. ) ;
#1781 = VERTEX_POINT ( 'NONE', #5290 ) ;
#1782 = CARTESIAN_POINT ( 'NONE',  ( 5.250000000000000888, 0.009999999999999968983, 12.49999999999999645 ) ) ;
#1783 = DIRECTION ( 'NONE',  ( 9.637352644315546235E-15, -1.000000000000000000, 0.000000000000000000 ) ) ;
#1784 = CARTESIAN_POINT ( 'NONE',  ( -5.249999999999999112, 0.009999999999999968983, -2.300000000000001599 ) ) ;
#1785 = VECTOR ( 'NONE', #4919, 1000.000000000000000 ) ;
#1786 = EDGE_CURVE ( 'NONE', #1664, #6431, #1252, .T. ) ;
#1787 = VERTEX_POINT ( 'NONE', #2222 ) ;
#1788 = CARTESIAN_POINT ( 'NONE',  ( -1.810609754628900836, 4.691832323989087783, 2.500000000000000000 ) ) ;
#1789 = CARTESIAN_POINT ( 'NONE',  ( -4.370302481697687647, 5.316075528543677819, 2.500000000000000444 ) ) ;
#1790 = UNCERTAINTY_MEASURE_WITH_UNIT (LENGTH_MEASURE( 1.000000000000000082E-05 ), #1340, 'distance_accuracy_value', 'NONE');
#1791 = CARTESIAN_POINT ( 'NONE',  ( 6.399999999999999467, 0.000000000000000000, 2.399999999999999911 ) ) ;
#1792 = SURFACE_STYLE_USAGE ( .BOTH. , #5793 ) ;
#1793 = FILL_AREA_STYLE ('',( #3272 ) ) ;
#1794 = CARTESIAN_POINT ( 'NONE',  ( 0.4505790561904581826, 4.121660581778602506, -2.500000000000000888 ) ) ;
#1795 = UNCERTAINTY_MEASURE_WITH_UNIT (LENGTH_MEASURE( 1.000000000000000082E-05 ), #4023, 'distance_accuracy_value', 'NONE');
#1796 = EDGE_CURVE ( 'NONE', #3674, #1787, #3305, .T. ) ;
#1797 = ADVANCED_FACE ( 'NONE', ( #710 ), #5320, .F. ) ;
#1798 = CARTESIAN_POINT ( 'NONE',  ( -0.4332275834874316223, 4.232853629779111060, 2.500000000000000000 ) ) ;
#1799 = VERTEX_POINT ( 'NONE', #2257 ) ;
#1800 = SURFACE_STYLE_FILL_AREA ( #4734 ) ;
#1801 = CARTESIAN_POINT ( 'NONE',  ( -0.1336584041428222069, 5.329112402629604617, 2.500000000000000000 ) ) ;
#1802 = VERTEX_POINT ( 'NONE', #3240 ) ;
#1803 = CARTESIAN_POINT ( 'NONE',  ( 3.348232139421467579, 3.816075528543677819, 2.499999999999999556 ) ) ;
#1804 = CARTESIAN_POINT ( 'NONE',  ( -0.06168515734707420012, 5.118214379947243486, 2.500000000000000000 ) ) ;
#1805 = ORIENTED_EDGE ( 'NONE', *, *, #3878, .F. ) ;
#1806 = EDGE_CURVE ( 'NONE', #5154, #5538, #5826, .T. ) ;
#1807 = CARTESIAN_POINT ( 'NONE',  ( -5.000000000000000000, -2.000000000000000000, -0.1500000000000007438 ) ) ;
#1808 = CARTESIAN_POINT ( 'NONE',  ( 5.999999999999998224, 10.99999999999999822, -2.000000000000000444 ) ) ;
#1809 =( GEOMETRIC_REPRESENTATION_CONTEXT ( 3 ) GLOBAL_UNCERTAINTY_ASSIGNED_CONTEXT ( ( #3369 ) ) GLOBAL_UNIT_ASSIGNED_CONTEXT ( ( #3303, #808, #3756 ) ) REPRESENTATION_CONTEXT ( 'NONE', 'WORKASPACE' ) );
#1810 = CARTESIAN_POINT ( 'NONE',  ( 0.6305245591408280559, 2.675992782069727571, -2.500000000000000888 ) ) ;
#1811 = CARTESIAN_POINT ( 'NONE',  ( 3.113248373187701201, 4.367414814257964295, 2.499999999999999556 ) ) ;
#1812 = CARTESIAN_POINT ( 'NONE',  ( -6.500000000000000888, 11.00000000000000000, -2.399999999999999911 ) ) ;
#1813 = UNCERTAINTY_MEASURE_WITH_UNIT (LENGTH_MEASURE( 1.000000000000000082E-05 ), #87, 'distance_accuracy_value', 'NONE');
#1814 = VECTOR ( 'NONE', #5414, 1000.000000000000000 ) ;
#1815 = MECHANICAL_DESIGN_GEOMETRIC_PRESENTATION_REPRESENTATION (  '', ( #3182 ), #6036 ) ;
#1816 =( NAMED_UNIT ( * ) SI_UNIT ( $, .STERADIAN. ) SOLID_ANGLE_UNIT ( ) );
#1817 = EDGE_LOOP ( 'NONE', ( #4887, #5267, #1886, #5126, #5939, #5030, #4705, #3636, #5702, #1944, #2139, #5240, #3415, #5222, #620, #636 ) ) ;
#1818 = ORIENTED_EDGE ( 'NONE', *, *, #4731, .T. ) ;
#1819 = CARTESIAN_POINT ( 'NONE',  ( -6.399999999999999467, 11.00000000000000000, 2.500000000000000444 ) ) ;
#1820 = CARTESIAN_POINT ( 'NONE',  ( -1.510771891489488317, 4.609063627645843653, 2.500000000000000000 ) ) ;
#1821 = AXIS2_PLACEMENT_3D ( 'NONE', #2019, #6489, #4523 ) ;
#1822 = SURFACE_STYLE_USAGE ( .BOTH. , #5251 ) ;
#1823 = PRESENTATION_LAYER_ASSIGNMENT (  '', '', ( #4336 ) ) ;
#1824 = ORIENTED_EDGE ( 'NONE', *, *, #1399, .F. ) ;
#1825 = DIRECTION ( 'NONE',  ( 0.000000000000000000, 0.000000000000000000, 1.000000000000000000 ) ) ;
#1826 = PRESENTATION_LAYER_ASSIGNMENT (  '', '', ( #2877 ) ) ;
#1827 = MECHANICAL_DESIGN_GEOMETRIC_PRESENTATION_REPRESENTATION (  '', ( #670 ), #6153 ) ;
#1828 = LINE ( 'NONE', #2783, #5001 ) ;
#1829 = DIRECTION ( 'NONE',  ( -0.5057030506726042374, -0.8627076124275370184, 5.140165745360481418E-17 ) ) ;
#1830 =( NAMED_UNIT ( * ) PLANE_ANGLE_UNIT ( ) SI_UNIT ( $, .RADIAN. ) );
#1831 = ADVANCED_FACE ( 'NONE', ( #746 ), #1311, .F. ) ;
#1832 = CARTESIAN_POINT ( 'NONE',  ( 3.685551375326891588, 6.900174402757759395, 2.499999999999999556 ) ) ;
#1833 = FILL_AREA_STYLE_COLOUR ( '', #3665 ) ;
#1834 = UNCERTAINTY_MEASURE_WITH_UNIT (LENGTH_MEASURE( 1.000000000000000082E-05 ), #5362, 'distance_accuracy_value', 'NONE');
#1835 = CARTESIAN_POINT ( 'NONE',  ( -0.7079648193600250883, 6.525580246913603943, 2.500000000000000000 ) ) ;
#1836 = ORIENTED_EDGE ( 'NONE', *, *, #5426, .F. ) ;
#1837 = SURFACE_SIDE_STYLE ('',( #1800 ) ) ;
#1838 = CARTESIAN_POINT ( 'NONE',  ( 0.1351965094606907836, 5.063262143849276420, 2.499999999999999556 ) ) ;
#1839 = EDGE_LOOP ( 'NONE', ( #3160, #1126, #5527, #1458 ) ) ;
#1840 = CARTESIAN_POINT ( 'NONE',  ( 0.5963341734648962555, 3.327659974591295811, -2.500000000000000888 ) ) ;
#1841 = EDGE_CURVE ( 'NONE', #3482, #429, #982, .T. ) ;
#1842 = CARTESIAN_POINT ( 'NONE',  ( -0.06142708297112105253, 4.001174756901260565, 2.500000000000000000 ) ) ;
#1843 = COLOUR_RGB ( '',0.6941176470588235059, 0.09803921568627450844, 0.09803921568627450844 ) ;
#1844 = EDGE_CURVE ( 'NONE', #975, #4535, #1460, .T. ) ;
#1845 = ORIENTED_EDGE ( 'NONE', *, *, #291, .T. ) ;
#1846 = LINE ( 'NONE', #3253, #5497 ) ;
#1847 = CARTESIAN_POINT ( 'NONE',  ( 3.025502832832870581, 4.366391051190404937, 2.499999999999999556 ) ) ;
#1848 = COLOUR_RGB ( '',0.6941176470588235059, 0.09803921568627450844, 0.09803921568627450844 ) ;
#1849 = ORIENTED_EDGE ( 'NONE', *, *, #3608, .F. ) ;
#1850 = CARTESIAN_POINT ( 'NONE',  ( 6.486986315576743323, 10.63087399712089720, -2.389589052461388086 ) ) ;
#1851 = CARTESIAN_POINT ( 'NONE',  ( 2.894561115586631761, 6.525580246913603943, 2.499999999999999556 ) ) ;
#1852 = PRESENTATION_STYLE_ASSIGNMENT (( #4373 ) ) ;
#1853 = VERTEX_POINT ( 'NONE', #1990 ) ;
#1854 = ORIENTED_EDGE ( 'NONE', *, *, #2482, .F. ) ;
#1855 = CARTESIAN_POINT ( 'NONE',  ( -0.1858856485911603018, 3.294119069960121049, -2.500000000000000444 ) ) ;
#1856 = COLOUR_RGB ( '',0.6941176470588235059, 0.09803921568627450844, 0.09803921568627450844 ) ;
#1857 = CARTESIAN_POINT ( 'NONE',  ( 5.240000000000000213, -3.108558907404501873E-17, 2.499999999999998668 ) ) ;
#1858 = FILL_AREA_STYLE ('',( #4483 ) ) ;
#1859 = CARTESIAN_POINT ( 'NONE',  ( 6.399999999999999467, 11.00000000000000000, 2.399999999999999911 ) ) ;
#1860 = COLOUR_RGB ( '',0.5882352941176470784, 0.5882352941176470784, 0.6313725490196078205 ) ;
#1861 = ORIENTED_EDGE ( 'NONE', *, *, #3328, .F. ) ;
#1862 =( NAMED_UNIT ( * ) PLANE_ANGLE_UNIT ( ) SI_UNIT ( $, .RADIAN. ) );
#1863 = EDGE_CURVE ( 'NONE', #1327, #6032, #4458, .T. ) ;
#1864 = CARTESIAN_POINT ( 'NONE',  ( -0.6364651304460959835, 4.151701336575590595, -2.500000000000000444 ) ) ;
#1865 = SURFACE_SIDE_STYLE ('',( #3243 ) ) ;
#1866 = CARTESIAN_POINT ( 'NONE',  ( -5.000000000000000000, -2.000000000000000000, -3.406857464491785501E-16 ) ) ;
#1867 = EDGE_LOOP ( 'NONE', ( #5605, #5958, #4010, #4840, #2850, #2112, #458, #4342, #2793, #2018, #3978, #6500, #3768, #3970, #6484 ) ) ;
#1868 = DIRECTION ( 'NONE',  ( -1.000000000000000000, 0.000000000000000000, 1.016439536705160653E-16 ) ) ;
#1869 = DIRECTION ( 'NONE',  ( 9.637352644315544657E-15, -1.000000000000000000, -1.128935843762491673E-30 ) ) ;
#1870 = VERTEX_POINT ( 'NONE', #5455 ) ;
#1871 = CARTESIAN_POINT ( 'NONE',  ( 1.764690985716501626, 7.252852974186331458, 2.499999999999999556 ) ) ;
#1872 =( GEOMETRIC_REPRESENTATION_CONTEXT ( 3 ) GLOBAL_UNCERTAINTY_ASSIGNED_CONTEXT ( ( #683 ) ) GLOBAL_UNIT_ASSIGNED_CONTEXT ( ( #2038, #3021, #5945 ) ) REPRESENTATION_CONTEXT ( 'NONE', 'WORKASPACE' ) );
#1873 = MECHANICAL_DESIGN_GEOMETRIC_PRESENTATION_REPRESENTATION (  '', ( #930 ), #163 ) ;
#1874 = ORIENTED_EDGE ( 'NONE', *, *, #4182, .T. ) ;
#1875 = EDGE_CURVE ( 'NONE', #2728, #4537, #850, .T. ) ;
#1876 = EDGE_CURVE ( 'NONE', #3843, #3227, #367, .T. ) ;
#1877 = VERTEX_POINT ( 'NONE', #2856 ) ;
#1878 = CARTESIAN_POINT ( 'NONE',  ( 6.420424794944868729, 10.78142850328720392, -2.420424794944858959 ) ) ;
#1879 = CARTESIAN_POINT ( 'NONE',  ( -1.899820173230151843, 5.123245001789135777, 2.500000000000000000 ) ) ;
#1880 = LINE ( 'NONE', #5883, #605 ) ;
#1881 = CARTESIAN_POINT ( 'NONE',  ( -2.207964819360025643, 4.303088515556664717, 2.500000000000000000 ) ) ;
#1882 = EDGE_CURVE ( 'NONE', #3312, #3053, #4926, .T. ) ;
#1883 = CARTESIAN_POINT ( 'NONE',  ( 0.4249003680774557923, 3.144622554114382851, -2.500000000000000888 ) ) ;
#1884 = VECTOR ( 'NONE', #2, 1000.000000000000000 ) ;
#1885 = VECTOR ( 'NONE', #3494, 1000.000000000000000 ) ;
#1886 = ORIENTED_EDGE ( 'NONE', *, *, #5750, .T. ) ;
#1887 = VERTEX_POINT ( 'NONE', #402 ) ;
#1888 = FACE_OUTER_BOUND ( 'NONE', #1229, .T. ) ;
#1889 = CIRCLE ( 'NONE', #5907, 0.009999999999999592548 ) ;
#1890 = CARTESIAN_POINT ( 'NONE',  ( 4.649999999999999467, 0.2000000000000005107, -2.299999999999999822 ) ) ;
#1891 =( LENGTH_UNIT ( ) NAMED_UNIT ( * ) SI_UNIT ( .MILLI., .METRE. ) );
#1892 = EDGE_CURVE ( 'NONE', #2233, #598, #4857, .T. ) ;
#1893 = ORIENTED_EDGE ( 'NONE', *, *, #948, .F. ) ;
#1894 = CARTESIAN_POINT ( 'NONE',  ( -1.949446894844190536, 4.754129075258962445, 2.500000000000000000 ) ) ;
#1895 = CARTESIAN_POINT ( 'NONE',  ( -6.399999999999999467, 11.00000000000000000, 2.500000000000000444 ) ) ;
#1896 = VECTOR ( 'NONE', #2779, 1000.000000000000114 ) ;
#1897 = UNCERTAINTY_MEASURE_WITH_UNIT (LENGTH_MEASURE( 1.000000000000000082E-05 ), #4530, 'distance_accuracy_value', 'NONE');
#1898 = SURFACE_STYLE_USAGE ( .BOTH. , #6427 ) ;
#1899 = VERTEX_POINT ( 'NONE', #5352 ) ;
#1900 = SURFACE_STYLE_FILL_AREA ( #2261 ) ;
#1901 = FACE_BOUND ( 'NONE', #4981, .T. ) ;
#1902 = VECTOR ( 'NONE', #1457, 1000.000000000000114 ) ;
#1903 = VERTEX_POINT ( 'NONE', #436 ) ;
#1904 = ORIENTED_EDGE ( 'NONE', *, *, #5544, .F. ) ;
#1905 = FILL_AREA_STYLE ('',( #963 ) ) ;
#1906 = CARTESIAN_POINT ( 'NONE',  ( -0.01975459208729825333, 4.639127476595625410, 2.500000000000000000 ) ) ;
#1907 = VERTEX_POINT ( 'NONE', #3989 ) ;
#1908 =( NAMED_UNIT ( * ) PLANE_ANGLE_UNIT ( ) SI_UNIT ( $, .RADIAN. ) );
#1910 = LINE ( 'NONE', #4035, #2596 ) ;
#1909 = CARTESIAN_POINT ( 'NONE',  ( -5.000000000000000000, 1.500000000000000000, -0.2500000000000007216 ) ) ;
#1911 = DIRECTION ( 'NONE',  ( -1.239088197126290570E-16, -0.000000000000000000, -1.000000000000000000 ) ) ;
#1912 = CARTESIAN_POINT ( 'NONE',  ( -2.100226966554266994, 3.968030570582109284, 2.500000000000000000 ) ) ;
#1913 = COLOUR_RGB ( '',0.6941176470588235059, 0.09803921568627450844, 0.09803921568627450844 ) ;
#1914 = ORIENTED_EDGE ( 'NONE', *, *, #4484, .T. ) ;
#1915 = ORIENTED_EDGE ( 'NONE', *, *, #3880, .F. ) ;
#1916 = FILL_AREA_STYLE ('',( #3296 ) ) ;
#1917 = DIRECTION ( 'NONE',  ( 0.000000000000000000, -0.000000000000000000, 1.000000000000000000 ) ) ;
#1918 = LINE ( 'NONE', #2416, #4739 ) ;
#1919 = SURFACE_SIDE_STYLE ('',( #6420 ) ) ;
#1920 = MECHANICAL_DESIGN_GEOMETRIC_PRESENTATION_REPRESENTATION (  '', ( #443 ), #5401 ) ;
#1921 = ORIENTED_EDGE ( 'NONE', *, *, #3152, .F. ) ;
#1922 = DIRECTION ( 'NONE',  ( -1.016439536705160653E-16, 0.000000000000000000, -1.000000000000000000 ) ) ;
#1923 = CARTESIAN_POINT ( 'NONE',  ( 0.3300781250000000000, 2.784667294274953520, -2.500000000000000888 ) ) ;
#1924 = COLOUR_RGB ( '',0.8313725490196077761, 0.8392156862745098200, 0.8313725490196077761 ) ;
#1925 = CARTESIAN_POINT ( 'NONE',  ( -0.4938844364753927074, 4.236264800083896276, -2.500000000000000444 ) ) ;
#1926 = DIRECTION ( 'NONE',  ( -1.239088197126290570E-16, 0.000000000000000000, -1.000000000000000000 ) ) ;
#1927 = STYLED_ITEM ( 'NONE', ( #4885 ), #3047 ) ;
#1928 = DIRECTION ( 'NONE',  ( 1.000000000000000000, 0.000000000000000000, -1.016439536705160653E-16 ) ) ;
#1929 = ORIENTED_EDGE ( 'NONE', *, *, #1085, .T. ) ;
#1930 = CARTESIAN_POINT ( 'NONE',  ( -0.5910817024769086103, 4.225166437634586991, 2.500000000000000000 ) ) ;
#1931 = CARTESIAN_POINT ( 'NONE',  ( 0.04642386945623631911, 5.224791141425264129, 2.499999999999999556 ) ) ;
#1932 = ORIENTED_EDGE ( 'NONE', *, *, #6392, .F. ) ;
#1933 = CARTESIAN_POINT ( 'NONE',  ( 0.1566837423656509964, 2.298657440570296639, -2.500000000000000888 ) ) ;
#1934 = CARTESIAN_POINT ( 'NONE',  ( 1.883603323378839400, 7.252852974186331458, 2.499999999999999556 ) ) ;
#1935 = AXIS2_PLACEMENT_3D ( 'NONE', #5711, #4168, #2309 ) ;
#1936 = VERTEX_POINT ( 'NONE', #5931 ) ;
#1937 =( NAMED_UNIT ( * ) SI_UNIT ( $, .STERADIAN. ) SOLID_ANGLE_UNIT ( ) );
#1938 = CARTESIAN_POINT ( 'NONE',  ( 0.1389669344154207675, 4.848524920660187476, 2.499999999999999556 ) ) ;
#1939 = PRESENTATION_LAYER_ASSIGNMENT (  '', '', ( #4776 ) ) ;
#1940 = CARTESIAN_POINT ( 'NONE',  ( 2.205374996564323453, 3.816075528543677819, 2.499999999999999556 ) ) ;
#1942 =( NAMED_UNIT ( * ) PLANE_ANGLE_UNIT ( ) SI_UNIT ( $, .RADIAN. ) );
#1941 = LINE ( 'NONE', #3942, #1603 ) ;
#1943 = DIRECTION ( 'NONE',  ( -1.885568995626964040E-16, 0.000000000000000000, -1.000000000000000000 ) ) ;
#1944 = ORIENTED_EDGE ( 'NONE', *, *, #692, .T. ) ;
#1945 = EDGE_CURVE ( 'NONE', #905, #1411, #2451, .T. ) ;
#1946 = LINE ( 'NONE', #6445, #1814 ) ;
#1947 = VERTEX_POINT ( 'NONE', #3956 ) ;
#1948 =( NAMED_UNIT ( * ) PLANE_ANGLE_UNIT ( ) SI_UNIT ( $, .RADIAN. ) );
#1949 = CARTESIAN_POINT ( 'NONE',  ( 2.644904217343544861, 4.543348255816405334, 2.499999999999999556 ) ) ;
#1950 = ADVANCED_FACE ( 'NONE', ( #2359 ), #5903, .T. ) ;
#1951 = ORIENTED_EDGE ( 'NONE', *, *, #5587, .T. ) ;
#1952 = COLOUR_RGB ( '',0.6941176470588235059, 0.09803921568627450844, 0.09803921568627450844 ) ;
#1953 = CARTESIAN_POINT ( 'NONE',  ( 2.610135028883781683, 7.015026516159117875, 2.499999999999999556 ) ) ;
#1954 = CARTESIAN_POINT ( 'NONE',  ( 0.3434463501999415191, 2.814169826343147385, -2.500000000000000888 ) ) ;
#1955 = CARTESIAN_POINT ( 'NONE',  ( 6.299999999999998934, 0.1999999999999996503, 2.299999999999999822 ) ) ;
#1956 = CARTESIAN_POINT ( 'NONE',  ( -2.785988358321064950, 8.025580246913603943, 2.500000000000000000 ) ) ;
#1957 = FACE_OUTER_BOUND ( 'NONE', #2403, .T. ) ;
#1958 = VECTOR ( 'NONE', #2119, 1000.000000000000000 ) ;
#1959 = CARTESIAN_POINT ( 'NONE',  ( 2.868587089612605556, 7.252852974186331458, 2.499999999999999556 ) ) ;
#1960 = ADVANCED_FACE ( 'NONE', ( #5389 ), #879, .F. ) ;
#1961 = VERTEX_POINT ( 'NONE', #6050 ) ;
#1962 = CARTESIAN_POINT ( 'NONE',  ( -2.578094689489895952, 6.525580246913603943, 2.500000000000000000 ) ) ;
#1963 = CARTESIAN_POINT ( 'NONE',  ( -2.402770014165220847, 6.525580246913603943, 2.500000000000000000 ) ) ;
#1964 = ORIENTED_EDGE ( 'NONE', *, *, #1844, .F. ) ;
#1965 = CARTESIAN_POINT ( 'NONE',  ( -1.411644356842416403, 4.565705899924503264, 2.500000000000000000 ) ) ;
#1966 = CARTESIAN_POINT ( 'NONE',  ( -6.399999999999999467, 11.00000000000000000, 2.500000000000000444 ) ) ;
#1967 = ORIENTED_EDGE ( 'NONE', *, *, #379, .T. ) ;
#1968 = CARTESIAN_POINT ( 'NONE',  ( -6.300000000000001599, 0.2000000000000031197, -2.300000000000000711 ) ) ;
#1969 = DIRECTION ( 'NONE',  ( -1.000000000000000000, 0.000000000000000000, 1.016439536705160653E-16 ) ) ;
#1970 = EDGE_CURVE ( 'NONE', #5095, #62, #4558, .T. ) ;
#1971 = ORIENTED_EDGE ( 'NONE', *, *, #2848, .T. ) ;
#1972 = CARTESIAN_POINT ( 'NONE',  ( 0.4753906250000000111, 4.028026669274953342, -2.500000000000000888 ) ) ;
#1974 = FILL_AREA_STYLE_COLOUR ( '', #6303 ) ;
#1973 = DIRECTION ( 'NONE',  ( 0.000000000000000000, -1.000000000000000000, 0.000000000000000000 ) ) ;
#1975 = STYLED_ITEM ( 'NONE', ( #827 ), #1088 ) ;
#1976 = CARTESIAN_POINT ( 'NONE',  ( -4.370302481697687647, 3.816075528543677819, 2.500000000000000444 ) ) ;
#1977 = MECHANICAL_DESIGN_GEOMETRIC_PRESENTATION_REPRESENTATION (  '', ( #5017 ), #5875 ) ;
#1978 = VERTEX_POINT ( 'NONE', #3560 ) ;
#1979 = FILL_AREA_STYLE_COLOUR ( '', #3386 ) ;
#1980 = VERTEX_POINT ( 'NONE', #1553 ) ;
#1981 = VECTOR ( 'NONE', #6067, 1000.000000000000114 ) ;
#1982 =( NAMED_UNIT ( * ) SI_UNIT ( $, .STERADIAN. ) SOLID_ANGLE_UNIT ( ) );
#1983 = PLANE ( 'NONE',  #28 ) ;
#1984 = LINE ( 'NONE', #5927, #5584 ) ;
#1985 = COLOUR_RGB ( '',0.6941176470588235059, 0.09803921568627450844, 0.09803921568627450844 ) ;
#1986 = MECHANICAL_DESIGN_GEOMETRIC_PRESENTATION_REPRESENTATION (  '', ( #1055 ), #4076 ) ;
#1987 = AXIS2_PLACEMENT_3D ( 'NONE', #5456, #984, #5933 ) ;
#1988 = ORIENTED_EDGE ( 'NONE', *, *, #4893, .T. ) ;
#1989 = LINE ( 'NONE', #5985, #2872 ) ;
#1990 = CARTESIAN_POINT ( 'NONE',  ( -2.013159624554831328, 4.920986242829393120, 2.500000000000000000 ) ) ;
#1991 = CARTESIAN_POINT ( 'NONE',  ( -0.5694732801804812672, 4.217509086817345043, -2.500000000000000444 ) ) ;
#1992 = LINE ( 'NONE', #369, #2842 ) ;
#1993 = EDGE_CURVE ( 'NONE', #4574, #946, #1714, .T. ) ;
#1994 = AXIS2_PLACEMENT_3D ( 'NONE', #4745, #2274, #1741 ) ;
#1995 = AXIS2_PLACEMENT_3D ( 'NONE', #5194, #3073, #677 ) ;
#1996 = ORIENTED_EDGE ( 'NONE', *, *, #5797, .F. ) ;
#1997 = CARTESIAN_POINT ( 'NONE',  ( -0.7079648193600250883, 6.525580246913603943, 2.500000000000000000 ) ) ;
#1998 =( LENGTH_UNIT ( ) NAMED_UNIT ( * ) SI_UNIT ( .MILLI., .METRE. ) );
#1999 = LINE ( 'NONE', #2949, #1361 ) ;
#2000 = VECTOR ( 'NONE', #3527, 1000.000000000000000 ) ;
#2001 = EDGE_CURVE ( 'NONE', #4287, #3362, #4500, .T. ) ;
#2002 = ORIENTED_EDGE ( 'NONE', *, *, #1002, .F. ) ;
#2003 = SURFACE_SIDE_STYLE ('',( #3901 ) ) ;
#2004 = SURFACE_SIDE_STYLE ('',( #581 ) ) ;
#2005 = ORIENTED_EDGE ( 'NONE', *, *, #4573, .T. ) ;
#2006 = CARTESIAN_POINT ( 'NONE',  ( -0.2780507239285371912, 5.166130499967110268, 2.500000000000000000 ) ) ;
#2008 = DIRECTION ( 'NONE',  ( -0.5187218796670322041, 0.8549430457958594465, 5.272494270475883256E-17 ) ) ;
#2007 = CARTESIAN_POINT ( 'NONE',  ( -0.6207926373228209727, 3.999346387078440479, -2.500000000000000444 ) ) ;
#2009 = CARTESIAN_POINT ( 'NONE',  ( -0.6995167359044767164, 3.005007911286004418, -2.500000000000000444 ) ) ;
#2010 = ORIENTED_EDGE ( 'NONE', *, *, #3328, .T. ) ;
#2011 = LINE ( 'NONE', #5603, #4863 ) ;
#2012 = VERTEX_POINT ( 'NONE', #5116 ) ;
#2013 = CARTESIAN_POINT ( 'NONE',  ( -5.249999999999999112, 11.00000000000000000, 2.500000000000000444 ) ) ;
#2014 = CARTESIAN_POINT ( 'NONE',  ( 1.766048697863024985, 3.816075528543677819, 2.499999999999999556 ) ) ;
#2015 = CARTESIAN_POINT ( 'NONE',  ( -1.390461658668597389, 4.201217320018301393, 2.500000000000000000 ) ) ;
#2016 = AXIS2_PLACEMENT_3D ( 'NONE', #1289, #4258, #6269 ) ;
#2017 = LINE ( 'NONE', #3119, #4646 ) ;
#2018 = ORIENTED_EDGE ( 'NONE', *, *, #1993, .F. ) ;
#2019 = CARTESIAN_POINT ( 'NONE',  ( 6.399999999999999467, 0.000000000000000000, 2.399999999999999911 ) ) ;
#2020 = CARTESIAN_POINT ( 'NONE',  ( 0.4949218750000001221, 2.912401669274953253, -2.500000000000000888 ) ) ;
#2021 = CARTESIAN_POINT ( 'NONE',  ( -6.399999999999999467, 11.00000000000000000, 2.500000000000000444 ) ) ;
#2022 = MECHANICAL_DESIGN_GEOMETRIC_PRESENTATION_REPRESENTATION (  '', ( #3899 ), #428 ) ;
#2023 = VECTOR ( 'NONE', #5104, 1000.000000000000000 ) ;
#2024 = CARTESIAN_POINT ( 'NONE',  ( 2.557241879681207308, 4.190669684387834160, 2.499999999999999556 ) ) ;
#2025 = ORIENTED_EDGE ( 'NONE', *, *, #487, .T. ) ;
#2026 =( LENGTH_UNIT ( ) NAMED_UNIT ( * ) SI_UNIT ( .MILLI., .METRE. ) );
#2027 = AXIS2_PLACEMENT_3D ( 'NONE', #1895, #2977, #4959 ) ;
#2028 = B_SPLINE_CURVE_WITH_KNOTS ( 'NONE', 3,
 ( #5439, #6001, #5944, #898, #3478, #2404, #3019 ),
 .UNSPECIFIED., .F., .F.,
 ( 4, 1, 1, 1, 4 ),
 ( 0.000000000000000000, 0.2759400882070076610, 0.5327379385843445947, 0.7759418428336761764, 1.000000000000000000 ),
 .UNSPECIFIED. ) ;
#2029 = EDGE_CURVE ( 'NONE', #1853, #1870, #2899, .T. ) ;
#2030 = DIRECTION ( 'NONE',  ( 0.000000000000000000, 0.000000000000000000, 1.000000000000000000 ) ) ;
#2031 = STYLED_ITEM ( 'NONE', ( #3988 ), #5567 ) ;
#2032 = COLOUR_RGB ( '',0.6941176470588235059, 0.09803921568627450844, 0.09803921568627450844 ) ;
#2033 = VERTEX_POINT ( 'NONE', #2150 ) ;
#2034 = CARTESIAN_POINT ( 'NONE',  ( 5.240000000000001990, 0.009999999999999970718, 12.49999999999999645 ) ) ;
#2035 = ADVANCED_FACE ( 'NONE', ( #5617 ), #3525, .F. ) ;
#2036 = CIRCLE ( 'NONE', #2247, 0.1000000000000002554 ) ;
#2037 = AXIS2_PLACEMENT_3D ( 'NONE', #2535, #5643, #3057 ) ;
#2038 =( LENGTH_UNIT ( ) NAMED_UNIT ( * ) SI_UNIT ( .MILLI., .METRE. ) );
#2039 = CARTESIAN_POINT ( 'NONE',  ( 2.497582788772116036, 4.292333645426794853, 2.499999999999999556 ) ) ;
#2040 = EDGE_CURVE ( 'NONE', #2875, #3556, #4593, .T. ) ;
#2041 = ORIENTED_EDGE ( 'NONE', *, *, #4968, .T. ) ;
#2042 = CARTESIAN_POINT ( 'NONE',  ( -6.299999999999998934, 5.599999999999998757, 2.299999999999999822 ) ) ;
#2043 = ORIENTED_EDGE ( 'NONE', *, *, #3645, .T. ) ;
#2044 = CARTESIAN_POINT ( 'NONE',  ( 0.04782495327735932639, 4.200174617491986950, 2.499999999999999556 ) ) ;
#2045 = PRESENTATION_STYLE_ASSIGNMENT (( #3518 ) ) ;
#2046 = CARTESIAN_POINT ( 'NONE',  ( 0.2971082325880268216, 6.525580246913603943, 2.499999999999999556 ) ) ;
#2047 = CARTESIAN_POINT ( 'NONE',  ( 0.1990843976970243234, 3.531248966890224050, -2.500000000000000888 ) ) ;
#2048 = ORIENTED_EDGE ( 'NONE', *, *, #4979, .T. ) ;
#2049 =( NAMED_UNIT ( * ) PLANE_ANGLE_UNIT ( ) SI_UNIT ( $, .RADIAN. ) );
#2050 = VECTOR ( 'NONE', #2547, 1000.000000000000000 ) ;
#2051 = SURFACE_SIDE_STYLE ('',( #1178 ) ) ;
#2052 = PRESENTATION_STYLE_ASSIGNMENT (( #3526 ) ) ;
#2053 = LINE ( 'NONE', #5052, #3562 ) ;
#2054 = ORIENTED_EDGE ( 'NONE', *, *, #4388, .T. ) ;
#2055 = CARTESIAN_POINT ( 'NONE',  ( -1.748739312575035010, 4.508186819704516957, 2.500000000000000000 ) ) ;
#2056 = EDGE_CURVE ( 'NONE', #755, #1441, #2217, .T. ) ;
#2057 = SURFACE_SIDE_STYLE ('',( #3179 ) ) ;
#2058 = CARTESIAN_POINT ( 'NONE',  ( -5.000000000000000000, 0.5000000000000000000, -0.2500000000000007216 ) ) ;
#2059 = SURFACE_STYLE_USAGE ( .BOTH. , #2126 ) ;
#2060 = UNCERTAINTY_MEASURE_WITH_UNIT (LENGTH_MEASURE( 1.000000000000000082E-05 ), #4377, 'distance_accuracy_value', 'NONE');
#2061 = ORIENTED_EDGE ( 'NONE', *, *, #2076, .F. ) ;
#2062 = DIRECTION ( 'NONE',  ( 0.000000000000000000, 0.000000000000000000, -1.000000000000000000 ) ) ;
#2063 = CARTESIAN_POINT ( 'NONE',  ( 1.891103935941228498, 4.351877992519711746, 2.499999999999999556 ) ) ;
#2064 = VERTEX_POINT ( 'NONE', #4782 ) ;
#2065 = CARTESIAN_POINT ( 'NONE',  ( -1.778603583751175110, 4.516489461440993836, 2.500000000000000000 ) ) ;
#2066 = CARTESIAN_POINT ( 'NONE',  ( -0.2817102961427424557, 3.586487842220406730, -2.500000000000000444 ) ) ;
#2067 = CARTESIAN_POINT ( 'NONE',  ( -0.3348399294325650200, 5.312630440811203059, 2.500000000000000000 ) ) ;
#2068 = ORIENTED_EDGE ( 'NONE', *, *, #3692, .T. ) ;
#2069 = DIRECTION ( 'NONE',  ( 1.000000000000000000, 0.000000000000000000, 0.000000000000000000 ) ) ;
#2070 = EDGE_LOOP ( 'NONE', ( #6488, #4907, #1403, #4965 ) ) ;
#2071 = CARTESIAN_POINT ( 'NONE',  ( 2.525180191369519100, 4.042130723348872579, 2.499999999999999556 ) ) ;
#2072 = LINE ( 'NONE', #3485, #1314 ) ;
#2073 = CARTESIAN_POINT ( 'NONE',  ( -6.399999999999999467, 0.000000000000000000, -2.500000000000000444 ) ) ;
#2074 = PRESENTATION_LAYER_ASSIGNMENT (  '', '', ( #1254 ) ) ;
#2075 =( LENGTH_UNIT ( ) NAMED_UNIT ( * ) SI_UNIT ( .MILLI., .METRE. ) );
#2076 = EDGE_CURVE ( 'NONE', #5833, #1853, #4462, .T. ) ;
#2077 = CARTESIAN_POINT ( 'NONE',  ( -1.607620005873868774, 5.142759570631788790, 2.500000000000000000 ) ) ;
#2078 = AXIS2_PLACEMENT_3D ( 'NONE', #4411, #3389, #6513 ) ;
#2079 =( GEOMETRIC_REPRESENTATION_CONTEXT ( 3 ) GLOBAL_UNCERTAINTY_ASSIGNED_CONTEXT ( ( #1730 ) ) GLOBAL_UNIT_ASSIGNED_CONTEXT ( ( #4860, #5258, #4759 ) ) REPRESENTATION_CONTEXT ( 'NONE', 'WORKASPACE' ) );
#2080 = ORIENTED_EDGE ( 'NONE', *, *, #4989, .F. ) ;
#2081 =( NAMED_UNIT ( * ) SI_UNIT ( $, .STERADIAN. ) SOLID_ANGLE_UNIT ( ) );
#2082 = ORIENTED_EDGE ( 'NONE', *, *, #6283, .F. ) ;
#2083 = STYLED_ITEM ( 'NONE', ( #795 ), #3787 ) ;
#2084 = CARTESIAN_POINT ( 'NONE',  ( -3.322311410269116472, 6.525580246913603943, 2.500000000000000000 ) ) ;
#2085 = EDGE_CURVE ( 'NONE', #698, #5043, #2972, .T. ) ;
#2086 = ORIENTED_EDGE ( 'NONE', *, *, #6293, .F. ) ;
#2087 = CARTESIAN_POINT ( 'NONE',  ( -1.603015639557392680, 4.465035795174518540, 2.500000000000000000 ) ) ;
#2088 = CARTESIAN_POINT ( 'NONE',  ( -6.500000000000000888, 10.49999999999999822, -2.399999999999999911 ) ) ;
#2089 = STYLED_ITEM ( 'NONE', ( #2052 ), #2556 ) ;
#2090 =( LENGTH_UNIT ( ) NAMED_UNIT ( * ) SI_UNIT ( .MILLI., .METRE. ) );
#2091 = CARTESIAN_POINT ( 'NONE',  ( -2.168667846716198611, 4.939369097759431781, 2.500000000000000000 ) ) ;
#2092 = CARTESIAN_POINT ( 'NONE',  ( 0.005553202020940712844, 2.538051793069914908, -2.500000000000000888 ) ) ;
#2093 = MECHANICAL_DESIGN_GEOMETRIC_PRESENTATION_REPRESENTATION (  '', ( #4942 ), #4406 ) ;
#2094 = ORIENTED_EDGE ( 'NONE', *, *, #1216, .F. ) ;
#2095 =( NAMED_UNIT ( * ) PLANE_ANGLE_UNIT ( ) SI_UNIT ( $, .RADIAN. ) );
#2096 = STYLED_ITEM ( 'NONE', ( #1587 ), #869 ) ;
#2097 = ORIENTED_EDGE ( 'NONE', *, *, #7, .F. ) ;
#2098 = CARTESIAN_POINT ( 'NONE',  ( 0.1491780377828316462, 4.945032509063158166, 2.499999999999999556 ) ) ;
#2099 = EDGE_CURVE ( 'NONE', #3496, #273, #387, .T. ) ;
#2100 = CARTESIAN_POINT ( 'NONE',  ( -6.399999999999999467, 11.00000000000000000, 2.500000000000000444 ) ) ;
#2101 = CARTESIAN_POINT ( 'NONE',  ( 3.229116879681207308, 3.816075528543677819, 2.499999999999999556 ) ) ;
#2102 = VECTOR ( 'NONE', #2876, 1000.000000000000114 ) ;
#2103 = EDGE_LOOP ( 'NONE', ( #4326, #766, #77, #2932, #441, #5013, #507, #1650, #3832, #823, #925, #2374, #1339, #3960, #6390 ) ) ;
#2104 = LINE ( 'NONE', #559, #9 ) ;
#2105 = EDGE_LOOP ( 'NONE', ( #5072, #1045, #2048, #3918, #4000, #816, #290, #3194, #3594, #3881, #921, #20, #12, #2952, #3872 ) ) ;
#2106 = CARTESIAN_POINT ( 'NONE',  ( 4.650000000000000355, 0.2000000000000005107, 2.499999999999998668 ) ) ;
#2107 = DIRECTION ( 'NONE',  ( -2.464095846557965385E-16, -1.000000000000000000, 3.053232080057890072E-32 ) ) ;
#2108 = LINE ( 'NONE', #3581, #774 ) ;
#2109 = CARTESIAN_POINT ( 'NONE',  ( 0.2291261481441048964, 3.514658890490044652, -2.500000000000000888 ) ) ;
#2110 = CIRCLE ( 'NONE', #6446, 0.09999999999999939493 ) ;
#2111 = CARTESIAN_POINT ( 'NONE',  ( -1.482233378211128105, 5.047851428685723896, 2.500000000000000000 ) ) ;
#2112 = ORIENTED_EDGE ( 'NONE', *, *, #162, .F. ) ;
#2113 = CARTESIAN_POINT ( 'NONE',  ( 2.090583842859358832, 6.900174402757759395, 2.499999999999999556 ) ) ;
#2114 = EDGE_CURVE ( 'NONE', #558, #4563, #669, .T. ) ;
#2115 = ORIENTED_EDGE ( 'NONE', *, *, #2322, .F. ) ;
#2116 = CARTESIAN_POINT ( 'NONE',  ( 0.5997976236556306073, 3.288498577928470112, -2.500000000000000888 ) ) ;
#2117 = DIRECTION ( 'NONE',  ( -1.000000000000000000, 0.000000000000000000, 0.000000000000000000 ) ) ;
#2118 = DIRECTION ( 'NONE',  ( 0.5056715232898540968, -0.8627260924150367272, -5.139845288577320541E-17 ) ) ;
#2119 = DIRECTION ( 'NONE',  ( -0.2347923600944874789, 0.9720455481309816514, 2.386522377163521011E-17 ) ) ;
#2120 = EDGE_CURVE ( 'NONE', #4287, #975, #526, .T. ) ;
#2121 = ORIENTED_EDGE ( 'NONE', *, *, #815, .T. ) ;
#2122 = CARTESIAN_POINT ( 'NONE',  ( -1.573082232663914226, 4.454661428307853832, 2.500000000000000000 ) ) ;
#2123 = CARTESIAN_POINT ( 'NONE',  ( 6.436893216934542750, 10.75180943524418886, 2.349514573547641927 ) ) ;
#2124 = LINE ( 'NONE', #1690, #655 ) ;
#2125 = CARTESIAN_POINT ( 'NONE',  ( -1.827875631723413941, 5.328895851658224991, 2.500000000000000000 ) ) ;
#2126 = SURFACE_SIDE_STYLE ('',( #5593 ) ) ;
#2127 = AXIS2_PLACEMENT_3D ( 'NONE', #3747, #4713, #5747 ) ;
#2128 = PRESENTATION_LAYER_ASSIGNMENT (  '', '', ( #4223 ) ) ;
#2129 = ORIENTED_EDGE ( 'NONE', *, *, #1554, .T. ) ;
#2130 = ORIENTED_EDGE ( 'NONE', *, *, #5778, .T. ) ;
#2131 = VERTEX_POINT ( 'NONE', #1719 ) ;
#2132 = DIRECTION ( 'NONE',  ( -1.000000000000000000, 0.000000000000000000, 1.016439536705160653E-16 ) ) ;
#2133 = CARTESIAN_POINT ( 'NONE',  ( -0.1511137649448895115, 2.565533466520098393, -2.500000000000000444 ) ) ;
#2134 = STYLED_ITEM ( 'NONE', ( #6329 ), #4488 ) ;
#2135 = FILL_AREA_STYLE_COLOUR ( '', #3 ) ;
#2136 = ORIENTED_EDGE ( 'NONE', *, *, #1379, .F. ) ;
#2137 = CIRCLE ( 'NONE', #3192, 0.1000000000000002554 ) ;
#2138 = CARTESIAN_POINT ( 'NONE',  ( -0.1580486970935555679, 2.299489479345913967, -2.500000000000000444 ) ) ;
#2139 = ORIENTED_EDGE ( 'NONE', *, *, #4518, .T. ) ;
#2140 = DIRECTION ( 'NONE',  ( 0.000000000000000000, -1.000000000000000000, 0.000000000000000000 ) ) ;
#2141 = CARTESIAN_POINT ( 'NONE',  ( 5.000000000000000000, -1.900000000000000133, -0.2499999999999995282 ) ) ;
#2142 = DIRECTION ( 'NONE',  ( -1.000000000000000000, 0.000000000000000000, 1.016439536705160653E-16 ) ) ;
#2143 =( NAMED_UNIT ( * ) PLANE_ANGLE_UNIT ( ) SI_UNIT ( $, .RADIAN. ) );
#2144 = CARTESIAN_POINT ( 'NONE',  ( -6.000000000000000000, 11.00000000000000000, -2.000000000000000888 ) ) ;
#2145 = EDGE_LOOP ( 'NONE', ( #1534, #1051, #5841, #2294 ) ) ;
#2146 = SURFACE_SIDE_STYLE ('',( #4718 ) ) ;
#2147 = ORIENTED_EDGE ( 'NONE', *, *, #1745, .F. ) ;
#2148 = CARTESIAN_POINT ( 'NONE',  ( -5.349999999999998757, 0.2000000000000004274, 2.299999999999999822 ) ) ;
#2149 = CARTESIAN_POINT ( 'NONE',  ( -6.399999999999999467, 11.00000000000000000, -2.500000000000000444 ) ) ;
#2150 = CARTESIAN_POINT ( 'NONE',  ( 0.5859375000000001110, 3.388964169274953697, -2.500000000000000888 ) ) ;
#2151 = PRESENTATION_LAYER_ASSIGNMENT (  '', '', ( #3091 ) ) ;
#2152 = FILL_AREA_STYLE ('',( #536 ) ) ;
#2153 = CARTESIAN_POINT ( 'NONE',  ( -0.2692280686114092436, 4.544941840393984300, 2.500000000000000000 ) ) ;
#2154 = ADVANCED_FACE ( 'NONE', ( #738 ), #3265, .T. ) ;
#2155 = EDGE_CURVE ( 'NONE', #4657, #1005, #2470, .T. ) ;
#2156 = COLOUR_RGB ( '',0.8313725490196077761, 0.8392156862745098200, 0.8313725490196077761 ) ;
#2157 = VERTEX_POINT ( 'NONE', #1034 ) ;
#2158 = CARTESIAN_POINT ( 'NONE',  ( -1.503652529275223637, 4.425284205148773964, 2.500000000000000000 ) ) ;
#2159 = CARTESIAN_POINT ( 'NONE',  ( 6.260993393659392225, 10.94611338752715568, 2.208794714927564407 ) ) ;
#2160 = LINE ( 'NONE', #4567, #4474 ) ;
#2161 = LINE ( 'NONE', #6190, #938 ) ;
#2162 = EDGE_CURVE ( 'NONE', #6230, #4717, #3050, .T. ) ;
#2163 = ADVANCED_FACE ( 'NONE', ( #1416 ), #522, .T. ) ;
#2164 = LINE ( 'NONE', #4057, #974 ) ;
#2165 = CARTESIAN_POINT ( 'NONE',  ( 3.906673697863026984, 4.543348255816405334, 2.499999999999999556 ) ) ;
#2166 = ORIENTED_EDGE ( 'NONE', *, *, #4193, .T. ) ;
#2167 = CIRCLE ( 'NONE', #6397, 0.1000000000000002554 ) ;
#2168 = DIRECTION ( 'NONE',  ( -0.000000000000000000, 1.000000000000000000, -0.000000000000000000 ) ) ;
#2169 = CARTESIAN_POINT ( 'NONE',  ( -6.436893216934543638, 10.75180943524419064, 2.349514573547642371 ) ) ;
#2170 = FACE_OUTER_BOUND ( 'NONE', #788, .T. ) ;
#2171 = ORIENTED_EDGE ( 'NONE', *, *, #2040, .F. ) ;
#2172 = EDGE_CURVE ( 'NONE', #3556, #1150, #1910, .T. ) ;
#2173 = SURFACE_SIDE_STYLE ('',( #5516 ) ) ;
#2174 = ORIENTED_EDGE ( 'NONE', *, *, #5305, .F. ) ;
#2175 = LINE ( 'NONE', #4259, #15 ) ;
#2176 = VECTOR ( 'NONE', #4788, 1000.000000000000000 ) ;
#2177 = EDGE_LOOP ( 'NONE', ( #4635, #4125, #2975, #629, #3175, #3031, #4743, #2589 ) ) ;
#2178 = CARTESIAN_POINT ( 'NONE',  ( 2.437923697863025652, 4.190669684387834160, 2.499999999999999556 ) ) ;
#2179 = CARTESIAN_POINT ( 'NONE',  ( -0.09368831131007818169, 4.760630996135111204, 2.500000000000000000 ) ) ;
#2180 = DIRECTION ( 'NONE',  ( 0.000000000000000000, 0.000000000000000000, 1.000000000000000000 ) ) ;
#2181 = CARTESIAN_POINT ( 'NONE',  ( 6.499999999999999112, 0.2000000000000005107, 2.399999999999999911 ) ) ;
#2182 = CARTESIAN_POINT ( 'NONE',  ( -1.581832533761122761, 5.132795448703120655, 2.500000000000000000 ) ) ;
#2183 = ORIENTED_EDGE ( 'NONE', *, *, #3528, .T. ) ;
#2184 = PRESENTATION_STYLE_ASSIGNMENT (( #185 ) ) ;
#2185 = ORIENTED_EDGE ( 'NONE', *, *, #4896, .F. ) ;
#2186 = CARTESIAN_POINT ( 'NONE',  ( 4.750000000000002665, 0.1000000000000004913, 12.49999999999999645 ) ) ;
#2187 = SURFACE_SIDE_STYLE ('',( #5689 ) ) ;
#2188 = ADVANCED_FACE ( 'NONE', ( #4507 ), #1004, .T. ) ;
#2189 = CARTESIAN_POINT ( 'NONE',  ( 2.557241879681207308, 4.190669684387834160, 2.499999999999999556 ) ) ;
#2190 = PLANE ( 'NONE',  #5692 ) ;
#2191 = VERTEX_POINT ( 'NONE', #5130 ) ;
#2192 = CARTESIAN_POINT ( 'NONE',  ( -1.547455068226149200, 4.445022660063639997, 2.500000000000000000 ) ) ;
#2193 = CARTESIAN_POINT ( 'NONE',  ( 5.999999999999997335, 11.00000000000000000, 1.999999999999997780 ) ) ;
#2194 = B_SPLINE_CURVE_WITH_KNOTS ( 'NONE', 3,
 ( #1648, #97, #5652, #1146, #6088, #3652, #2574 ),
 .UNSPECIFIED., .F., .F.,
 ( 4, 1, 1, 1, 4 ),
 ( 0.000000000000000000, 0.2605557755253050667, 0.5138012496847272903, 0.7600353166151700979, 1.000000000000000000 ),
 .UNSPECIFIED. ) ;
#2195 = DIRECTION ( 'NONE',  ( -1.239088197126290570E-16, -0.000000000000000000, -1.000000000000000000 ) ) ;
#2196 = SURFACE_STYLE_USAGE ( .BOTH. , #3689 ) ;
#2197 = MECHANICAL_DESIGN_GEOMETRIC_PRESENTATION_REPRESENTATION (  '', ( #4928 ), #4275 ) ;
#2198 = COLOUR_RGB ( '',0.8313725490196077761, 0.8392156862745098200, 0.8313725490196077761 ) ;
#2199 = CARTESIAN_POINT ( 'NONE',  ( -6.234314575050762919, 11.00000000000000178, 2.292893218813452982 ) ) ;
#2200 = CARTESIAN_POINT ( 'NONE',  ( -0.3923911250704277820, 5.283205769778819061, 2.500000000000000000 ) ) ;
#2201 = CARTESIAN_POINT ( 'NONE',  ( 4.649999999999999467, 0.2000000000000005107, -2.500000000000001332 ) ) ;
#2202 = ORIENTED_EDGE ( 'NONE', *, *, #2441, .T. ) ;
#2203 = CARTESIAN_POINT ( 'NONE',  ( 3.804869557145073244, 6.900174402757759395, 2.499999999999999556 ) ) ;
#2204 = AXIS2_PLACEMENT_3D ( 'NONE', #1330, #3812, #931 ) ;
#2205 = DIRECTION ( 'NONE',  ( 3.388131789017202589E-17, -0.000000000000000000, 1.000000000000000000 ) ) ;
#2206 = ORIENTED_EDGE ( 'NONE', *, *, #2369, .F. ) ;
#2207 = AXIS2_PLACEMENT_3D ( 'NONE', #4412, #6411, #6482 ) ;
#2208 = CARTESIAN_POINT ( 'NONE',  ( 4.750000000000104805, 10.99999999999989164, 2.499999999999999112 ) ) ;
#2209 = ORIENTED_EDGE ( 'NONE', *, *, #1545, .T. ) ;
#2210 = SURFACE_SIDE_STYLE ('',( #176 ) ) ;
#2211 = SURFACE_SIDE_STYLE ('',( #4137 ) ) ;
#2212 = DIRECTION ( 'NONE',  ( -0.000000000000000000, 1.000000000000000000, -0.000000000000000000 ) ) ;
#2213 = FACE_OUTER_BOUND ( 'NONE', #418, .T. ) ;
#2214 = VERTEX_POINT ( 'NONE', #5600 ) ;
#2215 = VERTEX_POINT ( 'NONE', #647 ) ;
#2216 = DIRECTION ( 'NONE',  ( -1.000000000000000000, -0.000000000000000000, -0.000000000000000000 ) ) ;
#2217 = LINE ( 'NONE', #222, #5032 ) ;
#2218 = CARTESIAN_POINT ( 'NONE',  ( -3.226429959780499068, 6.760379464645026815, 2.500000000000000000 ) ) ;
#2219 = ORIENTED_EDGE ( 'NONE', *, *, #607, .F. ) ;
#2220 = CARTESIAN_POINT ( 'NONE',  ( -6.300000000000000711, 6.299999999999999822, 2.299999999999999822 ) ) ;
#2221 = SURFACE_STYLE_FILL_AREA ( #4729 ) ;
#2222 = CARTESIAN_POINT ( 'NONE',  ( 2.297158518184033937, 7.252852974186331458, 2.499999999999999556 ) ) ;
#2223 = CARTESIAN_POINT ( 'NONE',  ( -1.401332413264600341, 5.216231562109179265, 2.500000000000000000 ) ) ;
#2224 = UNCERTAINTY_MEASURE_WITH_UNIT (LENGTH_MEASURE( 1.000000000000000082E-05 ), #5117, 'distance_accuracy_value', 'NONE');
#2225 = CARTESIAN_POINT ( 'NONE',  ( -6.400000000000000355, 10.49999999999999822, -2.399999999999999911 ) ) ;
#2226 = ADVANCED_FACE ( 'NONE', ( #49 ), #79, .F. ) ;
#2227 = SURFACE_SIDE_STYLE ('',( #5262 ) ) ;
#2228 = VERTEX_POINT ( 'NONE', #614 ) ;
#2229 = PLANE ( 'NONE',  #278 ) ;
#2230 =( LENGTH_UNIT ( ) NAMED_UNIT ( * ) SI_UNIT ( .MILLI., .METRE. ) );
#2231 = ORIENTED_EDGE ( 'NONE', *, *, #4967, .F. ) ;
#2232 = CARTESIAN_POINT ( 'NONE',  ( -4.759999999999998010, 0.01000000000000002970, 12.49999999999999822 ) ) ;
#2233 = VERTEX_POINT ( 'NONE', #1700 ) ;
#2234 = CARTESIAN_POINT ( 'NONE',  ( 6.499999999999999112, 10.49999999999999822, -2.500000000000001332 ) ) ;
#2235 = VECTOR ( 'NONE', #5902, 1000.000000000000000 ) ;
#2236 = CARTESIAN_POINT ( 'NONE',  ( -1.692948585593791577, 3.971919684387833716, 2.500000000000000000 ) ) ;
#2237 = EDGE_CURVE ( 'NONE', #2725, #4359, #6131, .T. ) ;
#2238 = LINE ( 'NONE', #3163, #3820 ) ;
#2239 = FACE_OUTER_BOUND ( 'NONE', #5713, .T. ) ;
#2240 = CARTESIAN_POINT ( 'NONE',  ( -6.300000000000000711, 0.2000000000000005107, 2.299999999999999822 ) ) ;
#2241 = VECTOR ( 'NONE', #947, 1000.000000000000000 ) ;
#2242 = EDGE_CURVE ( 'NONE', #2381, #5802, #5555, .T. ) ;
#2243 = PLANE ( 'NONE',  #5824 ) ;
#2244 = ORIENTED_EDGE ( 'NONE', *, *, #4004, .T. ) ;
#2245 = FACE_OUTER_BOUND ( 'NONE', #935, .T. ) ;
#2246 = VERTEX_POINT ( 'NONE', #73 ) ;
#2247 = AXIS2_PLACEMENT_3D ( 'NONE', #5707, #4673, #6203 ) ;
#2248 =( LENGTH_UNIT ( ) NAMED_UNIT ( * ) SI_UNIT ( .MILLI., .METRE. ) );
#2249 = CARTESIAN_POINT ( 'NONE',  ( -1.728561410269116472, 5.160231372699521479, 2.500000000000000000 ) ) ;
#2250 = PRESENTATION_LAYER_ASSIGNMENT (  '', '', ( #4988 ) ) ;
#2251 = VECTOR ( 'NONE', #6043, 1000.000000000000000 ) ;
#2252 = CARTESIAN_POINT ( 'NONE',  ( -3.230692092087299017, 6.735300214446072076, 2.500000000000000000 ) ) ;
#2253 = EDGE_CURVE ( 'NONE', #1947, #4159, #1657, .T. ) ;
#2254 = VERTEX_POINT ( 'NONE', #5661 ) ;
#2255 =( NAMED_UNIT ( * ) SI_UNIT ( $, .STERADIAN. ) SOLID_ANGLE_UNIT ( ) );
#2256 = CARTESIAN_POINT ( 'NONE',  ( -0.8053674167626234670, 8.025580246913603943, 2.500000000000000000 ) ) ;
#2257 = CARTESIAN_POINT ( 'NONE',  ( 5.349999999999999645, 0.2000000000000004274, -2.500000000000001776 ) ) ;
#2258 = CYLINDRICAL_SURFACE ( 'NONE', #2931, 0.1000000000000002554 ) ;
#2259 = LINE ( 'NONE', #5761, #193 ) ;
#2260 = STYLED_ITEM ( 'NONE', ( #2496 ), #5167 ) ;
#2261 = FILL_AREA_STYLE ('',( #783 ) ) ;
#2262 = VERTEX_POINT ( 'NONE', #4055 ) ;
#2263 = CARTESIAN_POINT ( 'NONE',  ( 6.500000000000000000, 10.49999999999999822, -2.400000000000000799 ) ) ;
#2264 = CARTESIAN_POINT ( 'NONE',  ( 1.963426673485169971, 4.355576258744253693, 2.499999999999999556 ) ) ;
#2265 = EDGE_CURVE ( 'NONE', #6414, #2880, #3075, .T. ) ;
#2266 = ORIENTED_EDGE ( 'NONE', *, *, #5610, .F. ) ;
#2267 = VECTOR ( 'NONE', #4960, 1000.000000000000000 ) ;
#2268 = DIRECTION ( 'NONE',  ( -1.000000000000000000, 1.117056783772943269E-15, 1.016439536705160777E-16 ) ) ;
#2269 = ORIENTED_EDGE ( 'NONE', *, *, #6361, .F. ) ;
#2270 = LINE ( 'NONE', #4334, #1756 ) ;
#2271 = DIRECTION ( 'NONE',  ( -1.239088197126290570E-16, -0.000000000000000000, -1.000000000000000000 ) ) ;
#2272 = CARTESIAN_POINT ( 'NONE',  ( 0.2011510338519287566, 4.360787229327182324, 2.499999999999999556 ) ) ;
#2273 = B_SPLINE_CURVE_WITH_KNOTS ( 'NONE', 3,
 ( #2252, #2218, #4784, #5343, #770, #5786, #6247 ),
 .UNSPECIFIED., .F., .F.,
 ( 4, 1, 1, 1, 4 ),
 ( 0.000000000000000000, 0.2295753678928626473, 0.4738138820760056102, 0.7295370278847398415, 1.000000000000000000 ),
 .UNSPECIFIED. ) ;
#2274 = DIRECTION ( 'NONE',  ( -1.117056783772943269E-15, -1.000000000000000000, 1.384131876292908896E-31 ) ) ;
#2275 = ADVANCED_FACE ( 'NONE', ( #5125 ), #4697, .F. ) ;
#2276 = DIRECTION ( 'NONE',  ( -0.5054136732061080828, -0.8628771748842990474, 5.137224398380700146E-17 ) ) ;
#2277 = ORIENTED_EDGE ( 'NONE', *, *, #5858, .T. ) ;
#2278 = ORIENTED_EDGE ( 'NONE', *, *, #789, .F. ) ;
#2279 = SURFACE_STYLE_USAGE ( .BOTH. , #3363 ) ;
#2280 = CARTESIAN_POINT ( 'NONE',  ( -1.538151402823721314, 4.618228431204085105, 2.500000000000000000 ) ) ;
#2281 = CARTESIAN_POINT ( 'NONE',  ( -1.876190904802925496, 5.134654785611038719, 2.500000000000000000 ) ) ;
#2282 = EDGE_CURVE ( 'NONE', #3054, #4904, #2650, .T. ) ;
#2283 = CARTESIAN_POINT ( 'NONE',  ( 5.249999999999999112, 0.009999999999999968983, -2.500000000000001332 ) ) ;
#2284 = CARTESIAN_POINT ( 'NONE',  ( -1.383999721957428708, 6.981850539121396082, 2.500000000000000000 ) ) ;
#2285 = ORIENTED_EDGE ( 'NONE', *, *, #3152, .T. ) ;
#2286 = CARTESIAN_POINT ( 'NONE',  ( -1.725821962217168437, 4.668957022050171268, 2.500000000000000000 ) ) ;
#2287 =( LENGTH_UNIT ( ) NAMED_UNIT ( * ) SI_UNIT ( .MILLI., .METRE. ) );
#2288 = CARTESIAN_POINT ( 'NONE',  ( -4.759999999999998899, 0.01000000000000002970, 2.299999999999999822 ) ) ;
#2289 =( GEOMETRIC_REPRESENTATION_CONTEXT ( 3 ) GLOBAL_UNCERTAINTY_ASSIGNED_CONTEXT ( ( #5556 ) ) GLOBAL_UNIT_ASSIGNED_CONTEXT ( ( #1109, #4954, #6011 ) ) REPRESENTATION_CONTEXT ( 'NONE', 'WORKASPACE' ) );
#2290 = EDGE_CURVE ( 'NONE', #3255, #2996, #1156, .T. ) ;
#2291 = DIRECTION ( 'NONE',  ( 0.000000000000000000, 1.000000000000000000, 0.000000000000000000 ) ) ;
#2292 = UNCERTAINTY_MEASURE_WITH_UNIT (LENGTH_MEASURE( 1.000000000000000082E-05 ), #1891, 'distance_accuracy_value', 'NONE');
#2293 = CARTESIAN_POINT ( 'NONE',  ( 3.173781894807410797, 6.798713363796720976, 2.499999999999999556 ) ) ;
#2294 = ORIENTED_EDGE ( 'NONE', *, *, #5578, .T. ) ;
#2295 = PLANE ( 'NONE',  #3976 ) ;
#2296 = CARTESIAN_POINT ( 'NONE',  ( 5.249999999999999112, 0.1000000000000004219, -2.500000000000001776 ) ) ;
#2297 = VECTOR ( 'NONE', #1667, 1000.000000000000000 ) ;
#2298 = VERTEX_POINT ( 'NONE', #2581 ) ;
#2299 = PRESENTATION_LAYER_ASSIGNMENT (  '', '', ( #1455 ) ) ;
#2300 = CARTESIAN_POINT ( 'NONE',  ( 5.999999999999999112, 11.00000000000000000, -2.000000000000001332 ) ) ;
#2301 = VECTOR ( 'NONE', #6112, 1000.000000000000000 ) ;
#2302 = VECTOR ( 'NONE', #508, 1000.000000000000114 ) ;
#2303 = ORIENTED_EDGE ( 'NONE', *, *, #3697, .F. ) ;
#2304 =( LENGTH_UNIT ( ) NAMED_UNIT ( * ) SI_UNIT ( .MILLI., .METRE. ) );
#2305 = ORIENTED_EDGE ( 'NONE', *, *, #4527, .T. ) ;
#2306 = DIRECTION ( 'NONE',  ( -1.000000000000000000, 0.000000000000000000, 0.000000000000000000 ) ) ;
#2307 = LINE ( 'NONE', #4566, #4180 ) ;
#2308 = CARTESIAN_POINT ( 'NONE',  ( 3.453002674028190722, 6.525580246913603943, 2.499999999999999556 ) ) ;
#2309 = DIRECTION ( 'NONE',  ( -1.000000000000000000, 0.000000000000000000, 1.016439536705160653E-16 ) ) ;
#2310 = DIRECTION ( 'NONE',  ( -0.5054136732061089710, -0.8628771748842986034, 5.137224398380708775E-17 ) ) ;
#2311 = PRESENTATION_LAYER_ASSIGNMENT (  '', '', ( #5146 ) ) ;
#2312 = B_SPLINE_CURVE_WITH_KNOTS ( 'NONE', 3,
 ( #2683, #6222, #2719, #3149, #4660, #3238, #5726, #745, #4248, #5687, #700, #3230, #4720, #2709, #6244, #2674, #5218, #3750, #5650 ),
 .UNSPECIFIED., .F., .F.,
 ( 4, 1, 1, 1, 1, 1, 1, 1, 1, 1, 1, 1, 1, 1, 1, 1, 4 ),
 ( 0.000000000000000000, 0.05995467585363765256, 0.1180978898675018179, 0.1750457486046255728, 0.2314535405606925889, 0.2877811793083048797, 0.3455247788684748800, 0.4040166228726638220, 0.4651872996083072365, 0.5272598040041240886, 0.5893650537812863410, 0.6527983117331825902, 0.7177065904431723098, 0.7841455700727244515, 0.8529710952659370626, 0.9249429511415279137, 1.000000000000000000 ),
 .UNSPECIFIED. ) ;
#2313 = EDGE_CURVE ( 'NONE', #5915, #528, #2161, .T. ) ;
#2314 =( NAMED_UNIT ( * ) PLANE_ANGLE_UNIT ( ) SI_UNIT ( $, .RADIAN. ) );
#2315 = VERTEX_POINT ( 'NONE', #2686 ) ;
#2316 = COLOUR_RGB ( '',0.6941176470588235059, 0.09803921568627450844, 0.09803921568627450844 ) ;
#2317 = ORIENTED_EDGE ( 'NONE', *, *, #2290, .T. ) ;
#2318 = CARTESIAN_POINT ( 'NONE',  ( -0.2219004545688087471, 3.269157137713037731, -2.500000000000000444 ) ) ;
#2319 = CARTESIAN_POINT ( 'NONE',  ( -1.710894321375567406, 4.665355743482729522, 2.500000000000000000 ) ) ;
#2320 = CARTESIAN_POINT ( 'NONE',  ( -1.535278131048337658, 6.525580246913603943, 2.500000000000000000 ) ) ;
#2321 = CLOSED_SHELL ( 'NONE', ( #6503, #5167, #2567, #1797, #6531, #3787 ) ) ;
#2322 = EDGE_CURVE ( 'NONE', #3496, #5486, #2540, .T. ) ;
#2323 = ORIENTED_EDGE ( 'NONE', *, *, #3717, .F. ) ;
#2324 = CARTESIAN_POINT ( 'NONE',  ( 2.350261360200687655, 4.543348255816405334, 2.499999999999999556 ) ) ;
#2325 = UNCERTAINTY_MEASURE_WITH_UNIT (LENGTH_MEASURE( 1.000000000000000082E-05 ), #1316, 'distance_accuracy_value', 'NONE');
#2326 = CARTESIAN_POINT ( 'NONE',  ( 3.478976700002216482, 7.252852974186331458, 2.499999999999999556 ) ) ;
#2327 = EDGE_CURVE ( 'NONE', #2583, #444, #4568, .T. ) ;
#2328 = SURFACE_STYLE_FILL_AREA ( #3761 ) ;
#2329 = B_SPLINE_CURVE_WITH_KNOTS ( 'NONE', 3,
 ( #2803, #2733, #5209, #3287, #6306, #4805, #5677, #6273, #6234, #5774, #3776, #3704, #1674, #4300, #2236 ),
 .UNSPECIFIED., .F., .F.,
 ( 4, 1, 1, 1, 1, 1, 1, 1, 1, 1, 1, 1, 4 ),
 ( 0.000000000000000000, 0.1067133849811997132, 0.2023827530813243347, 0.2879881362754653229, 0.3651321209974007775, 0.4381553218526808013, 0.5114419818683962893, 0.5870934926508688534, 0.6659855935524694459, 0.7468394073744425432, 0.8288800136248052342, 0.9125295864996458839, 1.000000000000000000 ),
 .UNSPECIFIED. ) ;
#2330 = DIRECTION ( 'NONE',  ( 1.000000000000000000, 0.000000000000000000, 0.000000000000000000 ) ) ;
#2331 = UNCERTAINTY_MEASURE_WITH_UNIT (LENGTH_MEASURE( 1.000000000000000082E-05 ), #3662, 'distance_accuracy_value', 'NONE');
#2332 = ORIENTED_EDGE ( 'NONE', *, *, #2172, .F. ) ;
#2333 = CARTESIAN_POINT ( 'NONE',  ( 2.449693178382505998, 4.373908320751469958, 2.499999999999999556 ) ) ;
#2334 = FACE_BOUND ( 'NONE', #1241, .T. ) ;
#2335 = ORIENTED_EDGE ( 'NONE', *, *, #5542, .F. ) ;
#2336 = CARTESIAN_POINT ( 'NONE',  ( 0.03378992877905372810, 4.140164428998964752, 2.499999999999999556 ) ) ;
#2337 = VERTEX_POINT ( 'NONE', #578 ) ;
#2338 = CARTESIAN_POINT ( 'NONE',  ( 0.1249592851787001274, 4.804193635919085992, 2.499999999999999556 ) ) ;
#2339 = ORIENTED_EDGE ( 'NONE', *, *, #713, .F. ) ;
#2340 = PLANE ( 'NONE',  #4164 ) ;
#2341 = SURFACE_STYLE_FILL_AREA ( #4409 ) ;
#2342 = CARTESIAN_POINT ( 'NONE',  ( -0.8053674167626234670, 6.525580246913603943, 2.500000000000000000 ) ) ;
#2343 = DIRECTION ( 'NONE',  ( -1.000000000000000000, 0.000000000000000000, 1.016439536705160653E-16 ) ) ;
#2344 = UNCERTAINTY_MEASURE_WITH_UNIT (LENGTH_MEASURE( 1.000000000000000082E-05 ), #4502, 'distance_accuracy_value', 'NONE');
#2345 = VECTOR ( 'NONE', #2817, 1000.000000000000000 ) ;
#2346 =( NAMED_UNIT ( * ) SI_UNIT ( $, .STERADIAN. ) SOLID_ANGLE_UNIT ( ) );
#2347 = ORIENTED_EDGE ( 'NONE', *, *, #3421, .F. ) ;
#2348 = ORIENTED_EDGE ( 'NONE', *, *, #5057, .T. ) ;
#2349 = CARTESIAN_POINT ( 'NONE',  ( -0.3486908076302071557, 3.003717815893479415, -2.500000000000000444 ) ) ;
#2350 = DIRECTION ( 'NONE',  ( -0.000000000000000000, -1.000000000000000000, -0.000000000000000000 ) ) ;
#2351 = CARTESIAN_POINT ( 'NONE',  ( 4.024431245456761452, 6.525580246913603943, 2.499999999999999556 ) ) ;
#2352 = ADVANCED_FACE ( 'NONE', ( #4601 ), #3108, .T. ) ;
#2353 =( NAMED_UNIT ( * ) PLANE_ANGLE_UNIT ( ) SI_UNIT ( $, .RADIAN. ) );
#2354 = VERTEX_POINT ( 'NONE', #1832 ) ;
#2355 = CARTESIAN_POINT ( 'NONE',  ( 0.000000000000000000, 0.000000000000000000, 0.000000000000000000 ) ) ;
#2356 = COLOUR_RGB ( '',0.6941176470588235059, 0.09803921568627450844, 0.09803921568627450844 ) ;
#2357 = CARTESIAN_POINT ( 'NONE',  ( -1.740971663895016341, 4.672694889695189424, 2.500000000000000000 ) ) ;
#2358 = SURFACE_STYLE_FILL_AREA ( #810 ) ;
#2359 = FACE_OUTER_BOUND ( 'NONE', #4025, .T. ) ;
#2360 = EDGE_CURVE ( 'NONE', #147, #5253, #4732, .T. ) ;
#2361 = CARTESIAN_POINT ( 'NONE',  ( 3.348232139421467579, 3.816075528543677819, 2.499999999999999556 ) ) ;
#2362 = EDGE_CURVE ( 'NONE', #5632, #68, #4624, .T. ) ;
#2363 = CARTESIAN_POINT ( 'NONE',  ( -4.485968066113271924, 8.025580246913603943, 2.500000000000000444 ) ) ;
#2364 = VERTEX_POINT ( 'NONE', #305 ) ;
#2365 = CARTESIAN_POINT ( 'NONE',  ( 0.1491780377828316462, 4.945032509063158166, 2.499999999999999556 ) ) ;
#2366 = VERTEX_POINT ( 'NONE', #3213 ) ;
#2367 = SURFACE_STYLE_USAGE ( .BOTH. , #4867 ) ;
#2368 = ADVANCED_FACE ( 'NONE', ( #4827 ), #2258, .F. ) ;
#2369 = EDGE_CURVE ( 'NONE', #3436, #3940, #460, .T. ) ;
#2370 = VERTEX_POINT ( 'NONE', #3857 ) ;
#2371 = LINE ( 'NONE', #861, #4753 ) ;
#2372 = CARTESIAN_POINT ( 'NONE',  ( 0.01846120288509594740, 4.662506117207410483, 2.499999999999999556 ) ) ;
#2373 = VECTOR ( 'NONE', #3531, 1000.000000000000114 ) ;
#2374 = ORIENTED_EDGE ( 'NONE', *, *, #1554, .F. ) ;
#2375 = CARTESIAN_POINT ( 'NONE',  ( 2.629950725976242243, 6.751635441718798702, 2.499999999999999556 ) ) ;
#2376 = CARTESIAN_POINT ( 'NONE',  ( -4.649999999999997691, 0.1000000000000004913, 12.49999999999999822 ) ) ;
#2377 = EDGE_CURVE ( 'NONE', #2366, #99, #2453, .T. ) ;
#2378 =( GEOMETRIC_REPRESENTATION_CONTEXT ( 3 ) GLOBAL_UNCERTAINTY_ASSIGNED_CONTEXT ( ( #6328 ) ) GLOBAL_UNIT_ASSIGNED_CONTEXT ( ( #412, #475, #3997 ) ) REPRESENTATION_CONTEXT ( 'NONE', 'WORKASPACE' ) );
#2379 = CARTESIAN_POINT ( 'NONE',  ( 5.250000000000000000, 0.009999999999999968983, 2.499999999999998668 ) ) ;
#2380 = ORIENTED_EDGE ( 'NONE', *, *, #992, .F. ) ;
#2381 = VERTEX_POINT ( 'NONE', #1372 ) ;
#2382 = CARTESIAN_POINT ( 'NONE',  ( -0.6476562500000000444, 4.085448544274953520, -2.500000000000000444 ) ) ;
#2383 = VECTOR ( 'NONE', #703, 1000.000000000000000 ) ;
#2384 = LINE ( 'NONE', #5485, #4304 ) ;
#2385 = FILL_AREA_STYLE_COLOUR ( '', #2693 ) ;
#2386 = ORIENTED_EDGE ( 'NONE', *, *, #385, .T. ) ;
#2387 =( NAMED_UNIT ( * ) SI_UNIT ( $, .STERADIAN. ) SOLID_ANGLE_UNIT ( ) );
#2388 = FILL_AREA_STYLE_COLOUR ( '', #6535 ) ;
#2389 = PRESENTATION_LAYER_ASSIGNMENT (  '', '', ( #5228 ) ) ;
#2390 = CARTESIAN_POINT ( 'NONE',  ( 6.399999999999999467, 10.49999999999999822, 2.499999999999999112 ) ) ;
#2391 = CARTESIAN_POINT ( 'NONE',  ( -0.3042919957624298233, 3.980747536120547991, 2.500000000000000000 ) ) ;
#2392 = ORIENTED_EDGE ( 'NONE', *, *, #4591, .F. ) ;
#2393 = B_SPLINE_CURVE_WITH_KNOTS ( 'NONE', 3,
 ( #814, #1798, #5868, #5356, #3859, #3343, #4862, #5393, #2424, #2911, #2789, #781, #2391, #3796, #885, #4794, #266, #4931, #6464 ),
 .UNSPECIFIED., .F., .F.,
 ( 4, 1, 1, 1, 1, 1, 1, 1, 1, 1, 1, 1, 1, 1, 1, 1, 4 ),
 ( 0.000000000000000000, 0.08701471137865561534, 0.1695598245732130860, 0.2469226256505760164, 0.3202169950582077762, 0.3887517679229116618, 0.4537825496211083109, 0.5150516870490531307, 0.5736620891228669805, 0.6290758527007882517, 0.6828985533418272524, 0.7347254989727550756, 0.7862731088513069677, 0.8379473974624700450, 0.8900626367974674436, 0.9438245665866372702, 1.000000000000000000 ),
 .UNSPECIFIED. ) ;
#2394 = DIRECTION ( 'NONE',  ( 0.5061170637016741969, -0.8624647922263234401, -5.144373937475060500E-17 ) ) ;
#2395 = CARTESIAN_POINT ( 'NONE',  ( -6.234314575050762919, 11.00000000000000178, -2.292893218813453426 ) ) ;
#2396 = ORIENTED_EDGE ( 'NONE', *, *, #3795, .F. ) ;
#2397 = ADVANCED_FACE ( 'NONE', ( #1019 ), #3977, .T. ) ;
#2398 = AXIS2_PLACEMENT_3D ( 'NONE', #1819, #4376, #3883 ) ;
#2399 = MECHANICAL_DESIGN_GEOMETRIC_PRESENTATION_REPRESENTATION (  '', ( #5237 ), #6530 ) ;
#2400 = ORIENTED_EDGE ( 'NONE', *, *, #705, .T. ) ;
#2401 = LINE ( 'NONE', #1968, #3380 ) ;
#2402 = CARTESIAN_POINT ( 'NONE',  ( 0.1487091593216052221, 4.928352879786540797, 2.499999999999999556 ) ) ;
#2403 = EDGE_LOOP ( 'NONE', ( #2921, #4648, #5069, #4093 ) ) ;
#2404 = CARTESIAN_POINT ( 'NONE',  ( 3.741613352020966232, 7.007918903798947774, 2.499999999999999556 ) ) ;
#2406 = CARTESIAN_POINT ( 'NONE',  ( -1.921269010893762896, 5.109665277287292362, 2.500000000000000000 ) ) ;
#2405 = CARTESIAN_POINT ( 'NONE',  ( 1.926154217343544639, 4.089208645426794853, 2.499999999999999556 ) ) ;
#2407 = DIRECTION ( 'NONE',  ( -1.016439536705160653E-16, 0.000000000000000000, -1.000000000000000000 ) ) ;
#2408 = AXIS2_PLACEMENT_3D ( 'NONE', #2766, #2271, #1774 ) ;
#2409 =( GEOMETRIC_REPRESENTATION_CONTEXT ( 3 ) GLOBAL_UNCERTAINTY_ASSIGNED_CONTEXT ( ( #4446 ) ) GLOBAL_UNIT_ASSIGNED_CONTEXT ( ( #6394, #1862, #4993 ) ) REPRESENTATION_CONTEXT ( 'NONE', 'WORKASPACE' ) );
#2410 = CARTESIAN_POINT ( 'NONE',  ( -1.863109843938155263, 3.814849120699880469, 2.500000000000000000 ) ) ;
#2411 = UNCERTAINTY_MEASURE_WITH_UNIT (LENGTH_MEASURE( 1.000000000000000082E-05 ), #4178, 'distance_accuracy_value', 'NONE');
#2412 = CARTESIAN_POINT ( 'NONE',  ( 0.2844007797783062452, 3.212784990159613940, -2.500000000000000888 ) ) ;
#2413 = ORIENTED_EDGE ( 'NONE', *, *, #5184, .T. ) ;
#2414 = ORIENTED_EDGE ( 'NONE', *, *, #1663, .F. ) ;
#2415 = DIRECTION ( 'NONE',  ( 1.000000000000000000, 0.000000000000000000, -1.016439536705160653E-16 ) ) ;
#2416 = CARTESIAN_POINT ( 'NONE',  ( -3.162510273905479341, 4.568814976595625410, 2.500000000000000000 ) ) ;
#2417 = FILL_AREA_STYLE_COLOUR ( '', #6188 ) ;
#2418 = AXIS2_PLACEMENT_3D ( 'NONE', #5040, #524, #2531 ) ;
#2419 = VERTEX_POINT ( 'NONE', #951 ) ;
#2420 = FILL_AREA_STYLE_COLOUR ( '', #1856 ) ;
#2421 = CARTESIAN_POINT ( 'NONE',  ( 4.750000000000060396, 6.299999999999893241, 2.299999999999999822 ) ) ;
#2422 = CARTESIAN_POINT ( 'NONE',  ( 6.299999999999998934, 6.299999999999999822, 2.299999999999999822 ) ) ;
#2423 = UNCERTAINTY_MEASURE_WITH_UNIT (LENGTH_MEASURE( 1.000000000000000082E-05 ), #1998, 'distance_accuracy_value', 'NONE');
#2424 = CARTESIAN_POINT ( 'NONE',  ( -0.3678624676019255357, 4.045076622119999854, 2.500000000000000000 ) ) ;
#2425 = ORIENTED_EDGE ( 'NONE', *, *, #2327, .F. ) ;
#2426 = LINE ( 'NONE', #1962, #6534 ) ;
#2427 = CARTESIAN_POINT ( 'NONE',  ( -0.1686286679114979703, 5.334497479726463709, 2.500000000000000000 ) ) ;
#2428 = VECTOR ( 'NONE', #3885, 1000.000000000000000 ) ;
#2429 = ORIENTED_EDGE ( 'NONE', *, *, #3512, .F. ) ;
#2430 = CARTESIAN_POINT ( 'NONE',  ( 0.6444408446632464704, 2.754791837677526445, -2.500000000000000888 ) ) ;
#2431 = CARTESIAN_POINT ( 'NONE',  ( 2.762458842859358832, 6.525580246913603943, 2.499999999999999556 ) ) ;
#2432 = EDGE_CURVE ( 'NONE', #4997, #1332, #2979, .T. ) ;
#2433 = VERTEX_POINT ( 'NONE', #3467 ) ;
#2434 = CARTESIAN_POINT ( 'NONE',  ( -3.648889379943518918, 7.797407387122013311, 2.500000000000000000 ) ) ;
#2435 = CARTESIAN_POINT ( 'NONE',  ( 3.782482922377607526, 7.065080977114179817, 2.499999999999999556 ) ) ;
#2436 = ORIENTED_EDGE ( 'NONE', *, *, #210, .F. ) ;
#2437 = CARTESIAN_POINT ( 'NONE',  ( 6.299999999999998934, 5.599999999999998757, 2.299999999999999822 ) ) ;
#2439 =( LENGTH_UNIT ( ) NAMED_UNIT ( * ) SI_UNIT ( .MILLI., .METRE. ) );
#2438 = DIRECTION ( 'NONE',  ( 1.000000000000000000, 0.000000000000000000, 0.000000000000000000 ) ) ;
#2440 = CARTESIAN_POINT ( 'NONE',  ( -4.214458325853531306, 5.140750853219002714, 2.500000000000000000 ) ) ;
#2441 = EDGE_CURVE ( 'NONE', #2315, #5805, #3891, .T. ) ;
#2442 = ORIENTED_EDGE ( 'NONE', *, *, #6380, .F. ) ;
#2443 = CARTESIAN_POINT ( 'NONE',  ( 3.333887414287930451, 6.525580246913603943, 2.499999999999999556 ) ) ;
#2444 = AXIS2_PLACEMENT_3D ( 'NONE', #2220, #1825, #1249 ) ;
#2445 = ORIENTED_EDGE ( 'NONE', *, *, #5078, .F. ) ;
#2446 = CARTESIAN_POINT ( 'NONE',  ( 3.892531894807411241, 7.252852974186331458, 2.499999999999999556 ) ) ;
#2447 = VECTOR ( 'NONE', #1223, 1000.000000000000000 ) ;
#2448 = VERTEX_POINT ( 'NONE', #5490 ) ;
#2449 = PRODUCT_CONTEXT ( 'NONE', #3729, 'mechanical' ) ;
#2450 = FACE_OUTER_BOUND ( 'NONE', #6404, .T. ) ;
#2451 = LINE ( 'NONE', #4487, #4587 ) ;
#2452 = MECHANICAL_DESIGN_GEOMETRIC_PRESENTATION_REPRESENTATION (  '', ( #5725 ), #4122 ) ;
#2453 = LINE ( 'NONE', #6494, #5679 ) ;
#2454 = DIRECTION ( 'NONE',  ( 1.885568995626964287E-16, -0.000000000000000000, 1.000000000000000000 ) ) ;
#2455 = AXIS2_PLACEMENT_3D ( 'NONE', #5079, #6116, #4461 ) ;
#2456 = ORIENTED_EDGE ( 'NONE', *, *, #6196, .T. ) ;
#2457 = DIRECTION ( 'NONE',  ( 1.000000000000000000, 0.000000000000000000, -1.016439536705160653E-16 ) ) ;
#2458 = DIRECTION ( 'NONE',  ( -1.000000000000000000, -0.000000000000000000, 3.388131789017201973E-17 ) ) ;
#2459 = ORIENTED_EDGE ( 'NONE', *, *, #2954, .T. ) ;
#2460 = CARTESIAN_POINT ( 'NONE',  ( -1.935237546632753158, 6.525580246913603943, 2.500000000000000000 ) ) ;
#2461 =( NAMED_UNIT ( * ) SI_UNIT ( $, .STERADIAN. ) SOLID_ANGLE_UNIT ( ) );
#2462 =( GEOMETRIC_REPRESENTATION_CONTEXT ( 3 ) GLOBAL_UNCERTAINTY_ASSIGNED_CONTEXT ( ( #2582 ) ) GLOBAL_UNIT_ASSIGNED_CONTEXT ( ( #4263, #3226, #4236 ) ) REPRESENTATION_CONTEXT ( 'NONE', 'WORKASPACE' ) );
#2463 = EDGE_LOOP ( 'NONE', ( #3516, #1072, #2414, #5757 ) ) ;
#2464 = CARTESIAN_POINT ( 'NONE',  ( 3.480334412148740952, 3.816075528543677819, 2.499999999999999556 ) ) ;
#2465 = VERTEX_POINT ( 'NONE', #4489 ) ;
#2466 = CARTESIAN_POINT ( 'NONE',  ( -0.4117549491906799530, 4.974055809855546073, 2.500000000000000000 ) ) ;
#2467 = EDGE_CURVE ( 'NONE', #3062, #6041, #3007, .T. ) ;
#2468 = VECTOR ( 'NONE', #1969, 1000.000000000000000 ) ;
#2470 = LINE ( 'NONE', #4540, #4715 ) ;
#2469 = CARTESIAN_POINT ( 'NONE',  ( -0.01250000000000000937, 2.537401669274953697, -2.500000000000000444 ) ) ;
#2471 = CARTESIAN_POINT ( 'NONE',  ( -2.186716338834080897, 4.141945429075504670, 2.500000000000000000 ) ) ;
#2472 = VECTOR ( 'NONE', #5162, 1000.000000000000114 ) ;
#2473 = ORIENTED_EDGE ( 'NONE', *, *, #5867, .F. ) ;
#2474 = DIRECTION ( 'NONE',  ( -1.239088197126290570E-16, -0.000000000000000000, -1.000000000000000000 ) ) ;
#2475 = EDGE_LOOP ( 'NONE', ( #5588, #3185, #4415, #1450, #5954, #5006, #6532, #2760, #5398, #5479, #3966, #4882, #645, #316, #5405 ) ) ;
#2476 = CARTESIAN_POINT ( 'NONE',  ( -4.760000000000000675, 0.000000000000000000, -2.300000000000001599 ) ) ;
#2477 =( NAMED_UNIT ( * ) SI_UNIT ( $, .STERADIAN. ) SOLID_ANGLE_UNIT ( ) );
#2478 = LINE ( 'NONE', #1516, #4835 ) ;
#2479 = VERTEX_POINT ( 'NONE', #404 ) ;
#2480 = EDGE_CURVE ( 'NONE', #5673, #6433, #4995, .T. ) ;
#2481 =( NAMED_UNIT ( * ) PLANE_ANGLE_UNIT ( ) SI_UNIT ( $, .RADIAN. ) );
#2482 = EDGE_CURVE ( 'NONE', #2948, #6431, #6527, .T. ) ;
#2483 = PRESENTATION_STYLE_ASSIGNMENT (( #4524 ) ) ;
#2484 = DIRECTION ( 'NONE',  ( 0.000000000000000000, -0.000000000000000000, 1.000000000000000000 ) ) ;
#2485 = DIRECTION ( 'NONE',  ( -1.000000000000000000, 0.000000000000000000, 1.016439536705160653E-16 ) ) ;
#2486 = CARTESIAN_POINT ( 'NONE',  ( 2.030924751950267559, 6.798713363796720976, 2.499999999999999556 ) ) ;
#2487 = VECTOR ( 'NONE', #634, 1000.000000000000114 ) ;
#2488 = ORIENTED_EDGE ( 'NONE', *, *, #4388, .F. ) ;
#2489 = CARTESIAN_POINT ( 'NONE',  ( 2.908905840720168445, 3.816075528543677819, 2.499999999999999556 ) ) ;
#2490 = FILL_AREA_STYLE_COLOUR ( '', #3209 ) ;
#2491 = VECTOR ( 'NONE', #271, 1000.000000000000000 ) ;
#2492 = CARTESIAN_POINT ( 'NONE',  ( 0.3872521814335428414, 2.379685559207357581, -2.500000000000000888 ) ) ;
#2493 = EDGE_CURVE ( 'NONE', #376, #3963, #2194, .T. ) ;
#2494 = ORIENTED_EDGE ( 'NONE', *, *, #6359, .F. ) ;
#2495 = DIRECTION ( 'NONE',  ( -0.5057194997124211389, 0.8626979700976572518, 5.140332939904590317E-17 ) ) ;
#2496 = PRESENTATION_STYLE_ASSIGNMENT (( #2986 ) ) ;
#2497 = VERTEX_POINT ( 'NONE', #3140 ) ;
#2498 = LINE ( 'NONE', #998, #4920 ) ;
#2499 = CARTESIAN_POINT ( 'NONE',  ( 5.000000000000000000, 0.5000000000000000000, 8.839610526981747557E-16 ) ) ;
#2500 = MECHANICAL_DESIGN_GEOMETRIC_PRESENTATION_REPRESENTATION (  '', ( #1975 ), #4062 ) ;
#2501 = CARTESIAN_POINT ( 'NONE',  ( -6.299999999999999822, 0.5000000000000000000, -2.300000000000000711 ) ) ;
#2502 = ORIENTED_EDGE ( 'NONE', *, *, #4450, .T. ) ;
#2503 = FILL_AREA_STYLE ('',( #1979 ) ) ;
#2504 = ORIENTED_EDGE ( 'NONE', *, *, #5544, .T. ) ;
#2505 = SURFACE_STYLE_FILL_AREA ( #3124 ) ;
#2506 = AXIS2_PLACEMENT_3D ( 'NONE', #5204, #688, #6229 ) ;
#2507 =( GEOMETRIC_REPRESENTATION_CONTEXT ( 3 ) GLOBAL_UNCERTAINTY_ASSIGNED_CONTEXT ( ( #202 ) ) GLOBAL_UNIT_ASSIGNED_CONTEXT ( ( #606, #5060, #544 ) ) REPRESENTATION_CONTEXT ( 'NONE', 'WORKASPACE' ) );
#2508 = CARTESIAN_POINT ( 'NONE',  ( 6.399999999999999467, 0.2000000000000005107, -2.400000000000000799 ) ) ;
#2509 =( NAMED_UNIT ( * ) PLANE_ANGLE_UNIT ( ) SI_UNIT ( $, .RADIAN. ) );
#2510 =( BOUNDED_CURVE ( )  B_SPLINE_CURVE ( 3, ( #3071, #5495, #5089, #2088 ),
 .UNSPECIFIED., .F., .T. ) 
 B_SPLINE_CURVE_WITH_KNOTS ( ( 4, 4 ),
 ( 4.712388980384689674, 6.283185307179586232 ),
 .UNSPECIFIED. ) 
 CURVE ( )  GEOMETRIC_REPRESENTATION_ITEM ( )  RATIONAL_B_SPLINE_CURVE ( ( 1.000000000000000000, 0.8047378541243649375, 0.8047378541243649375, 1.000000000000000000 ) ) 
 REPRESENTATION_ITEM ( '' )  );
#2511 = MECHANICAL_DESIGN_GEOMETRIC_PRESENTATION_REPRESENTATION (  '', ( #1659 ), #6423 ) ;
#2512 = CARTESIAN_POINT ( 'NONE',  ( -6.300000000000000711, 6.299999999999999822, 2.299999999999999822 ) ) ;
#2513 = VERTEX_POINT ( 'NONE', #1119 ) ;
#2514 = CARTESIAN_POINT ( 'NONE',  ( 2.646590336365852725, 7.076919532627889531, 2.499999999999999556 ) ) ;
#2515 = CARTESIAN_POINT ( 'NONE',  ( 6.399999999999999467, 10.49999999999999822, -2.400000000000000799 ) ) ;
#2516 = DIRECTION ( 'NONE',  ( -1.000000000000000000, 0.000000000000000000, 0.000000000000000000 ) ) ;
#2517 = PRESENTATION_LAYER_ASSIGNMENT (  '', '', ( #2089 ) ) ;
#2518 = VECTOR ( 'NONE', #5275, 1000.000000000000000 ) ;
#2519 = ADVANCED_FACE ( 'NONE', ( #1620 ), #5619, .F. ) ;
#2520 = VERTEX_POINT ( 'NONE', #6122 ) ;
#2521 = CARTESIAN_POINT ( 'NONE',  ( -0.02462472195742779549, 7.561091610549967257, 2.500000000000000000 ) ) ;
#2522 = CARTESIAN_POINT ( 'NONE',  ( -1.447022681423273838, 4.582817788568512185, 2.500000000000000000 ) ) ;
#2523 = LINE ( 'NONE', #1528, #5011 ) ;
#2524 = MECHANICAL_DESIGN_GEOMETRIC_PRESENTATION_REPRESENTATION (  '', ( #5259 ), #5478 ) ;
#2525 = ORIENTED_EDGE ( 'NONE', *, *, #1085, .F. ) ;
#2526 = CARTESIAN_POINT ( 'NONE',  ( 3.465989687015202936, 6.525580246913603943, 2.499999999999999556 ) ) ;
#2527 = ORIENTED_EDGE ( 'NONE', *, *, #5261, .F. ) ;
#2528 = CARTESIAN_POINT ( 'NONE',  ( -0.3561157382527028736, 5.106132651691781099, 2.500000000000000000 ) ) ;
#2529 = CARTESIAN_POINT ( 'NONE',  ( 2.486484073077763313, 4.311094846967498562, 2.499999999999999556 ) ) ;
#2530 = CIRCLE ( 'NONE', #2745, 0.1500000000000003830 ) ;
#2531 = DIRECTION ( 'NONE',  ( -1.000000000000000000, 0.000000000000000000, 0.000000000000000000 ) ) ;
#2532 = ORIENTED_EDGE ( 'NONE', *, *, #1588, .T. ) ;
#2533 = VERTEX_POINT ( 'NONE', #2643 ) ;
#2534 = LINE ( 'NONE', #1108, #1054 ) ;
#2535 = CARTESIAN_POINT ( 'NONE',  ( 5.240000000000000213, 0.009999999999999970718, -2.299999999999999822 ) ) ;
#2536 = DIRECTION ( 'NONE',  ( 0.2401537343741171615, -0.9707348679563158056, -2.441017505052418480E-17 ) ) ;
#2537 = EDGE_CURVE ( 'NONE', #3167, #685, #4594, .T. ) ;
#2538 = EDGE_LOOP ( 'NONE', ( #3412, #6278, #143, #1, #5926, #6399, #2061, #3643, #259, #480, #6119, #695, #801, #4141, #3641, #225 ) ) ;
#2539 = SURFACE_SIDE_STYLE ('',( #3004 ) ) ;
#2540 =( BOUNDED_CURVE ( )  B_SPLINE_CURVE ( 3, ( #161, #2199, #1692, #2550 ),
 .UNSPECIFIED., .F., .F. ) 
 B_SPLINE_CURVE_WITH_KNOTS ( ( 4, 4 ),
 ( 4.712388980384689674, 6.283185307179586232 ),
 .UNSPECIFIED. ) 
 CURVE ( )  GEOMETRIC_REPRESENTATION_ITEM ( )  RATIONAL_B_SPLINE_CURVE ( ( 1.000000000000000000, 0.8047378541243649375, 0.8047378541243649375, 1.000000000000000000 ) ) 
 REPRESENTATION_ITEM ( '' )  );
#2541 =( LENGTH_UNIT ( ) NAMED_UNIT ( * ) SI_UNIT ( .MILLI., .METRE. ) );
#2542 = STYLED_ITEM ( 'NONE', ( #4747 ), #4656 ) ;
#2543 = STYLED_ITEM ( 'NONE', ( #791 ), #4923 ) ;
#2544 = ORIENTED_EDGE ( 'NONE', *, *, #2920, .T. ) ;
#2545 = PRESENTATION_STYLE_ASSIGNMENT (( #5055 ) ) ;
#2546 = COLOUR_RGB ( '',0.6941176470588235059, 0.09803921568627450844, 0.09803921568627450844 ) ;
#2547 = DIRECTION ( 'NONE',  ( -1.000000000000000000, 0.000000000000000000, 1.016439536705160653E-16 ) ) ;
#2548 = CARTESIAN_POINT ( 'NONE',  ( -0.09651268648332704536, 4.537077576485370578, 2.500000000000000000 ) ) ;
#2549 = LINE ( 'NONE', #135, #3002 ) ;
#2550 = CARTESIAN_POINT ( 'NONE',  ( -6.399999999999999467, 10.49999999999999822, 2.500000000000000444 ) ) ;
#2551 = STYLED_ITEM ( 'NONE', ( #4975 ), #4361 ) ;
#2552 = ORIENTED_EDGE ( 'NONE', *, *, #3122, .F. ) ;
#2553 = CARTESIAN_POINT ( 'NONE',  ( 6.399999999999999467, 10.49999999999999822, 2.399999999999999911 ) ) ;
#2554 = DIRECTION ( 'NONE',  ( -1.885568995626964040E-16, 0.000000000000000000, 1.000000000000000000 ) ) ;
#2555 = CARTESIAN_POINT ( 'NONE',  ( -2.169003780398986780, 4.924638840231989612, 2.500000000000000000 ) ) ;
#2556 = ADVANCED_FACE ( 'NONE', ( #5583 ), #6051, .T. ) ;
#2557 = VECTOR ( 'NONE', #1456, 1000.000000000000114 ) ;
#2558 = EDGE_CURVE ( 'NONE', #3572, #3797, #1180, .T. ) ;
#2559 = CARTESIAN_POINT ( 'NONE',  ( 4.760000000000001563, 0.01000000000000002970, 12.49999999999999645 ) ) ;
#2560 = DIRECTION ( 'NONE',  ( -1.239088197126290570E-16, -0.000000000000000000, -1.000000000000000000 ) ) ;
#2561 = CARTESIAN_POINT ( 'NONE',  ( -0.2045151440353501493, 5.335556048024197473, 2.500000000000000000 ) ) ;
#2562 = ORIENTED_EDGE ( 'NONE', *, *, #1281, .F. ) ;
#2563 = DIRECTION ( 'NONE',  ( -1.239088197126290570E-16, -0.000000000000000000, -1.000000000000000000 ) ) ;
#2564 = VERTEX_POINT ( 'NONE', #4090 ) ;
#2565 = CARTESIAN_POINT ( 'NONE',  ( -4.759999999999999787, 0.01000000000000002970, -2.300000000000001599 ) ) ;
#2566 = CARTESIAN_POINT ( 'NONE',  ( 0.07586813803115190213, 4.593895295182841565, 2.499999999999999556 ) ) ;
#2567 = ADVANCED_FACE ( 'NONE', ( #5090 ), #6093, .F. ) ;
#2568 = CARTESIAN_POINT ( 'NONE',  ( 1.087814553303844578, 2.860673538515058123, 2.499999999999999556 ) ) ;
#2569 = CARTESIAN_POINT ( 'NONE',  ( -1.428744040139246385, 4.868023580491730229, 2.500000000000000000 ) ) ;
#2570 = VERTEX_POINT ( 'NONE', #5659 ) ;
#2571 = DIRECTION ( 'NONE',  ( -1.239088197126290570E-16, -0.000000000000000000, -1.000000000000000000 ) ) ;
#2572 = ORIENTED_EDGE ( 'NONE', *, *, #5153, .T. ) ;
#2573 = DIRECTION ( 'NONE',  ( 0.000000000000000000, 0.000000000000000000, 1.000000000000000000 ) ) ;
#2574 = CARTESIAN_POINT ( 'NONE',  ( -3.230692092087299017, 6.735300214446072076, 2.500000000000000000 ) ) ;
#2575 = DIRECTION ( 'NONE',  ( 1.000000000000000000, 0.000000000000000000, -1.016439536705160653E-16 ) ) ;
#2576 = AXIS2_PLACEMENT_3D ( 'NONE', #5526, #5399, #4360 ) ;
#2577 = ORIENTED_EDGE ( 'NONE', *, *, #4492, .T. ) ;
#2578 = FILL_AREA_STYLE ('',( #5155 ) ) ;
#2579 = B_SPLINE_CURVE_WITH_KNOTS ( 'NONE', 3,
 ( #247, #5813, #1295, #4205, #1811 ),
 .UNSPECIFIED., .F., .F.,
 ( 4, 1, 4 ),
 ( 0.000000000000000000, 0.5271548120356771561, 1.000000000000000000 ),
 .UNSPECIFIED. ) ;
#2580 = CARTESIAN_POINT ( 'NONE',  ( -6.299999999999999822, 0.2000000000000005107, -2.300000000000000711 ) ) ;
#2581 = CARTESIAN_POINT ( 'NONE',  ( 1.883603323378839400, 7.252852974186331458, 2.499999999999999556 ) ) ;
#2582 = UNCERTAINTY_MEASURE_WITH_UNIT (LENGTH_MEASURE( 1.000000000000000082E-05 ), #4263, 'distance_accuracy_value', 'NONE');
#2583 = VERTEX_POINT ( 'NONE', #40 ) ;
#2584 = SURFACE_STYLE_USAGE ( .BOTH. , #2004 ) ;
#2585 = ORIENTED_EDGE ( 'NONE', *, *, #1671, .F. ) ;
#2586 = CARTESIAN_POINT ( 'NONE',  ( -1.943242564791547000, 4.573211317257378283, 2.500000000000000000 ) ) ;
#2587 = COLOUR_RGB ( '',0.6941176470588235059, 0.09803921568627450844, 0.09803921568627450844 ) ;
#2588 = LINE ( 'NONE', #4608, #3544 ) ;
#2589 = ORIENTED_EDGE ( 'NONE', *, *, #4450, .F. ) ;
#2590 = CARTESIAN_POINT ( 'NONE',  ( 2.789790580979908619, 3.816075528543677819, 2.499999999999999556 ) ) ;
#2591 = EDGE_LOOP ( 'NONE', ( #5686, #782, #352, #5869 ) ) ;
#2592 = PLANE ( 'NONE',  #3141 ) ;
#2593 = CARTESIAN_POINT ( 'NONE',  ( -2.402770014165220847, 8.025580246913603943, 2.500000000000000000 ) ) ;
#2594 = CARTESIAN_POINT ( 'NONE',  ( -1.420513395623631547, 4.102569269355732295, 2.500000000000000000 ) ) ;
#2595 =( GEOMETRIC_REPRESENTATION_CONTEXT ( 3 ) GLOBAL_UNCERTAINTY_ASSIGNED_CONTEXT ( ( #1529 ) ) GLOBAL_UNIT_ASSIGNED_CONTEXT ( ( #939, #1391, #293 ) ) REPRESENTATION_CONTEXT ( 'NONE', 'WORKASPACE' ) );
#2596 = VECTOR ( 'NONE', #4945, 1000.000000000000000 ) ;
#2597 = SURFACE_STYLE_FILL_AREA ( #595 ) ;
#2598 = AXIS2_PLACEMENT_3D ( 'NONE', #4583, #529, #1543 ) ;
#2599 = MECHANICAL_DESIGN_GEOMETRIC_PRESENTATION_REPRESENTATION (  '', ( #1464 ), #4837 ) ;
#2600 = VERTEX_POINT ( 'NONE', #2611 ) ;
#2601 = LINE ( 'NONE', #2113, #3492 ) ;
#2602 = ORIENTED_EDGE ( 'NONE', *, *, #3898, .F. ) ;
#2603 = CARTESIAN_POINT ( 'NONE',  ( -2.578094689489895952, 8.025580246913603943, 2.500000000000000000 ) ) ;
#2604 = SURFACE_STYLE_FILL_AREA ( #3097 ) ;
#2605 = SURFACE_SIDE_STYLE ('',( #3589 ) ) ;
#2606 = CARTESIAN_POINT ( 'NONE',  ( 5.249999999999999112, 0.009999999999999968983, -2.299999999999999822 ) ) ;
#2607 = VECTOR ( 'NONE', #2897, 1000.000000000000000 ) ;
#2608 = VERTEX_POINT ( 'NONE', #3106 ) ;
#2609 = FILL_AREA_STYLE_COLOUR ( '', #6080 ) ;
#2610 = CARTESIAN_POINT ( 'NONE',  ( -0.1885646853882461671, 3.797021383439679099, 2.500000000000000000 ) ) ;
#2611 = CARTESIAN_POINT ( 'NONE',  ( 4.750000000000000888, 0.1000000000000004913, -2.299999999999999822 ) ) ;
#2612 = LINE ( 'NONE', #3659, #5645 ) ;
#2613 = CARTESIAN_POINT ( 'NONE',  ( 0.09323383317951397520, 2.552725222304393249, -2.500000000000000888 ) ) ;
#2614 = STYLED_ITEM ( 'NONE', ( #215 ), #506 ) ;
#2615 = VERTEX_POINT ( 'NONE', #4629 ) ;
#2616 = CARTESIAN_POINT ( 'NONE',  ( 1.922557103128528233, 4.298414185429022538, 2.499999999999999556 ) ) ;
#2617 = AXIS2_PLACEMENT_3D ( 'NONE', #307, #2291, #6261 ) ;
#2618 = VERTEX_POINT ( 'NONE', #6160 ) ;
#2619 = VERTEX_POINT ( 'NONE', #1153 ) ;
#2620 = DIRECTION ( 'NONE',  ( 1.000000000000000000, 0.000000000000000000, -1.016439536705160653E-16 ) ) ;
#2621 = CARTESIAN_POINT ( 'NONE',  ( -5.999999999999999112, 11.00000000000000000, 1.999999999999999556 ) ) ;
#2622 = CARTESIAN_POINT ( 'NONE',  ( -0.01250000000000000937, 2.537401669274953697, -2.500000000000000444 ) ) ;
#2623 = ADVANCED_FACE ( 'NONE', ( #3599 ), #1185, .F. ) ;
#2624 = EDGE_CURVE ( 'NONE', #2827, #2948, #576, .T. ) ;
#2625 = VECTOR ( 'NONE', #4985, 1000.000000000000000 ) ;
#2626 = CARTESIAN_POINT ( 'NONE',  ( -0.1862521570223628353, 7.585442259900616158, 2.500000000000000000 ) ) ;
#2627 = ORIENTED_EDGE ( 'NONE', *, *, #4274, .T. ) ;
#2628 = LINE ( 'NONE', #5537, #4218 ) ;
#2629 = ORIENTED_EDGE ( 'NONE', *, *, #165, .F. ) ;
#2630 = CARTESIAN_POINT ( 'NONE',  ( 2.337477269291596826, 3.816075528543677819, 2.499999999999999556 ) ) ;
#2631 = DIRECTION ( 'NONE',  ( -1.000000000000000000, 0.000000000000000000, 0.000000000000000000 ) ) ;
#2632 = CARTESIAN_POINT ( 'NONE',  ( -0.9806920920872987946, 6.525580246913603943, 2.500000000000000000 ) ) ;
#2633 = EDGE_CURVE ( 'NONE', #1029, #6348, #2124, .T. ) ;
#2634 = CARTESIAN_POINT ( 'NONE',  ( -4.750000000000000888, 0.1000000000000004913, -2.500000000000000444 ) ) ;
#2635 = MECHANICAL_DESIGN_GEOMETRIC_PRESENTATION_REPRESENTATION (  '', ( #639 ), #749 ) ;
#2636 = EDGE_CURVE ( 'NONE', #2497, #359, #6223, .T. ) ;
#2637 = CARTESIAN_POINT ( 'NONE',  ( 0.5052688233264096551, 2.911926145254135179, -2.500000000000000888 ) ) ;
#2638 = VERTEX_POINT ( 'NONE', #3212 ) ;
#2639 = ORIENTED_EDGE ( 'NONE', *, *, #1137, .T. ) ;
#2640 = CARTESIAN_POINT ( 'NONE',  ( -5.349999999999997868, 0.2000000000000004274, 12.49999999999999822 ) ) ;
#2641 =( NAMED_UNIT ( * ) PLANE_ANGLE_UNIT ( ) SI_UNIT ( $, .RADIAN. ) );
#2642 = EDGE_CURVE ( 'NONE', #6000, #5163, #6357, .T. ) ;
#2643 = CARTESIAN_POINT ( 'NONE',  ( 0.2433593750000000167, 4.237401669274952987, -2.500000000000000888 ) ) ;
#2644 = CARTESIAN_POINT ( 'NONE',  ( 5.999999999999999112, 11.00000000000000000, -2.000000000000001332 ) ) ;
#2645 = ORIENTED_EDGE ( 'NONE', *, *, #5806, .F. ) ;
#2646 =( LENGTH_UNIT ( ) NAMED_UNIT ( * ) SI_UNIT ( .MILLI., .METRE. ) );
#2647 = CARTESIAN_POINT ( 'NONE',  ( 6.389589052461386309, 10.63087399712089542, 2.486986315576743323 ) ) ;
#2648 = PRESENTATION_STYLE_ASSIGNMENT (( #4696 ) ) ;
#2649 = CARTESIAN_POINT ( 'NONE',  ( 3.685551375326891588, 6.900174402757759395, 2.499999999999999556 ) ) ;
#2650 = LINE ( 'NONE', #5196, #2716 ) ;
#2651 = EDGE_CURVE ( 'NONE', #1738, #819, #4824, .T. ) ;
#2652 = VECTOR ( 'NONE', #1117, 1000.000000000000000 ) ;
#2653 = SURFACE_SIDE_STYLE ('',( #5033 ) ) ;
#2654 = UNCERTAINTY_MEASURE_WITH_UNIT (LENGTH_MEASURE( 1.000000000000000082E-05 ), #3758, 'distance_accuracy_value', 'NONE');
#2655 = PRESENTATION_STYLE_ASSIGNMENT (( #750 ) ) ;
#2656 = ORIENTED_EDGE ( 'NONE', *, *, #4209, .T. ) ;
#2657 = DIRECTION ( 'NONE',  ( -1.000000000000000000, 0.000000000000000000, 0.000000000000000000 ) ) ;
#2658 = LINE ( 'NONE', #6300, #2297 ) ;
#2659 = MECHANICAL_DESIGN_GEOMETRIC_PRESENTATION_REPRESENTATION (  '', ( #4336 ), #4021 ) ;
#2660 = EDGE_CURVE ( 'NONE', #2215, #380, #303, .T. ) ;
#2661 = FILL_AREA_STYLE_COLOUR ( '', #1913 ) ;
#2662 = ORIENTED_EDGE ( 'NONE', *, *, #379, .F. ) ;
#2663 = VECTOR ( 'NONE', #1783, 1000.000000000000000 ) ;
#2664 = SURFACE_STYLE_FILL_AREA ( #5808 ) ;
#2665 = EDGE_LOOP ( 'NONE', ( #4686, #560, #4430, #1390 ) ) ;
#2666 = DIRECTION ( 'NONE',  ( -0.3197934732466145014, -0.9474872740405893001, 3.250507297881230598E-17 ) ) ;
#2667 = DIRECTION ( 'NONE',  ( -1.239088197126290570E-16, -0.000000000000000000, -1.000000000000000000 ) ) ;
#2668 = CARTESIAN_POINT ( 'NONE',  ( -6.300000000000000711, 0.1999999999999996503, 2.299999999999999822 ) ) ;
#2669 = LINE ( 'NONE', #694, #1561 ) ;
#2670 = CARTESIAN_POINT ( 'NONE',  ( -1.695912586467489325, 5.159515709334752565, 2.500000000000000000 ) ) ;
#2671 = ORIENTED_EDGE ( 'NONE', *, *, #6443, .F. ) ;
#2672 = EDGE_CURVE ( 'NONE', #612, #4142, #5319, .T. ) ;
#2673 = ORIENTED_EDGE ( 'NONE', *, *, #7, .T. ) ;
#2674 = CARTESIAN_POINT ( 'NONE',  ( -0.5784022959061164704, 4.132551988538412324, 2.500000000000000000 ) ) ;
#2675 = CYLINDRICAL_SURFACE ( 'NONE', #5515, 0.5000000000000004441 ) ;
#2676 =( GEOMETRIC_REPRESENTATION_CONTEXT ( 3 ) GLOBAL_UNCERTAINTY_ASSIGNED_CONTEXT ( ( #4392 ) ) GLOBAL_UNIT_ASSIGNED_CONTEXT ( ( #3113, #2095, #76 ) ) REPRESENTATION_CONTEXT ( 'NONE', 'WORKASPACE' ) );
#2677 = SURFACE_STYLE_FILL_AREA ( #2152 ) ;
#2678 = CARTESIAN_POINT ( 'NONE',  ( -4.749999999999998224, -4.577742506049883909E-14, 12.49999999999999822 ) ) ;
#2679 = STYLED_ITEM ( 'NONE', ( #5792 ), #5457 ) ;
#2680 = ORIENTED_EDGE ( 'NONE', *, *, #239, .F. ) ;
#2681 = LINE ( 'NONE', #1151, #3009 ) ;
#2682 = DIRECTION ( 'NONE',  ( -1.239088197126290570E-16, -0.000000000000000000, -1.000000000000000000 ) ) ;
#2683 = CARTESIAN_POINT ( 'NONE',  ( -0.2023844622171683538, 3.796595009063159054, 2.500000000000000000 ) ) ;
#2684 = CARTESIAN_POINT ( 'NONE',  ( 4.750000000000001776, 0.01000000000000002970, 12.49999999999999645 ) ) ;
#2685 =( LENGTH_UNIT ( ) NAMED_UNIT ( * ) SI_UNIT ( .MILLI., .METRE. ) );
#2686 = CARTESIAN_POINT ( 'NONE',  ( 5.250000000000000000, 0.009999999999999968983, 2.299999999999999822 ) ) ;
#2687 = DIRECTION ( 'NONE',  ( -0.000000000000000000, -1.000000000000000000, -0.000000000000000000 ) ) ;
#2688 = PRESENTATION_STYLE_ASSIGNMENT (( #3112 ) ) ;
#2689 = CARTESIAN_POINT ( 'NONE',  ( -0.1138089752041809705, 7.869431707952564636, 2.500000000000000000 ) ) ;
#2690 = ORIENTED_EDGE ( 'NONE', *, *, #1164, .T. ) ;
#2691 = DIRECTION ( 'NONE',  ( 0.000000000000000000, -1.000000000000000000, 0.000000000000000000 ) ) ;
#2692 = CARTESIAN_POINT ( 'NONE',  ( -4.759999999999999787, 0.000000000000000000, 2.500000000000000444 ) ) ;
#2693 = COLOUR_RGB ( '',0.8313725490196077761, 0.8392156862745098200, 0.8313725490196077761 ) ;
#2694 = ORIENTED_EDGE ( 'NONE', *, *, #2642, .T. ) ;
#2695 = CARTESIAN_POINT ( 'NONE',  ( -4.094788921327983999, 6.991452364458846880, 2.500000000000000000 ) ) ;
#2696 = CARTESIAN_POINT ( 'NONE',  ( 0.1601358299906242011, 6.973632194965551534, 2.499999999999999556 ) ) ;
#2697 = ORIENTED_EDGE ( 'NONE', *, *, #2537, .F. ) ;
#2698 = FILL_AREA_STYLE ('',( #691 ) ) ;
#2699 = CARTESIAN_POINT ( 'NONE',  ( -5.239999999999997549, -3.108558907404501873E-17, 12.49999999999999822 ) ) ;
#2700 = CARTESIAN_POINT ( 'NONE',  ( -3.318354429749635237, 3.816075528543677375, 2.500000000000000000 ) ) ;
#2701 = CARTESIAN_POINT ( 'NONE',  ( -5.240000000000000213, 0.009999999999999970718, -2.500000000000000444 ) ) ;
#2702 = B_SPLINE_CURVE_WITH_KNOTS ( 'NONE', 3,
 ( #1758, #4320, #5865, #1794, #4250, #2820, #1255, #4829, #1282, #3342, #3794 ),
 .UNSPECIFIED., .F., .F.,
 ( 4, 1, 1, 1, 1, 1, 1, 1, 4 ),
 ( 0.000000000000000000, 0.1493319082190459335, 0.2813283135769861776, 0.3973414321619892497, 0.5018086888400948853, 0.6050953518874808701, 0.7198199923665329347, 0.8494824238802313188, 1.000000000000000000 ),
 .UNSPECIFIED. ) ;
#2703 = PRESENTATION_LAYER_ASSIGNMENT (  '', '', ( #1139 ) ) ;
#2704 = B_SPLINE_CURVE_WITH_KNOTS ( 'NONE', 3,
 ( #1709, #5743, #4235, #728, #3705, #4678, #2734, #3125, #2179, #4167, #6141, #5173, #6274, #1203, #1740, #5107, #5140, #1609, #592 ),
 .UNSPECIFIED., .F., .F.,
 ( 4, 1, 1, 1, 1, 1, 1, 1, 1, 1, 1, 1, 1, 1, 1, 1, 4 ),
 ( 0.000000000000000000, 0.06902920906507972743, 0.1346993240536256686, 0.1988559608464692818, 0.2606364792733574243, 0.3203848517568060328, 0.3807684640046173352, 0.4403355362210257251, 0.5007887664258680038, 0.5611226023794656514, 0.6214315347797865208, 0.6808572132716933512, 0.7405200403933581699, 0.8018025175909069269, 0.8653663620122250544, 0.9309403307913863834, 1.000000000000000000 ),
 .UNSPECIFIED. ) ;
#2705 = LINE ( 'NONE', #3679, #5712 ) ;
#2706 = VERTEX_POINT ( 'NONE', #2326 ) ;
#2707 = CARTESIAN_POINT ( 'NONE',  ( -4.649999999999997691, 0.1000000000000004913, 12.49999999999999822 ) ) ;
#2708 = ORIENTED_EDGE ( 'NONE', *, *, #6081, .T. ) ;
#2709 = CARTESIAN_POINT ( 'NONE',  ( -0.5530088056521877959, 4.049361855362772822, 2.500000000000000000 ) ) ;
#2710 = CARTESIAN_POINT ( 'NONE',  ( -1.603287348005125290, 4.637667712760101146, 2.500000000000000000 ) ) ;
#2711 = CARTESIAN_POINT ( 'NONE',  ( -5.000000000000000000, -2.000000000000000000, -3.406857464491785501E-16 ) ) ;
#2712 =( NAMED_UNIT ( * ) PLANE_ANGLE_UNIT ( ) SI_UNIT ( $, .RADIAN. ) );
#2713 = AXIS2_PLACEMENT_3D ( 'NONE', #6102, #3155, #4575 ) ;
#2714 = B_SPLINE_CURVE_WITH_KNOTS ( 'NONE', 3,
 ( #2727, #1701, #5234, #720, #3313, #5328, #4836, #1842, #1320, #6370, #315, #5839, #821, #2336, #4328, #2044, #3055, #5512, #1073 ),
 .UNSPECIFIED., .F., .F.,
 ( 4, 1, 1, 1, 1, 1, 1, 1, 1, 1, 1, 1, 1, 1, 1, 1, 4 ),
 ( 0.000000000000000000, 0.05650241027450775971, 0.1110564464579733845, 0.1655086868080420381, 0.2203290377182252902, 0.2757407885876147491, 0.3332850859044619862, 0.3929748187600237697, 0.4555092167423503979, 0.5194401825455127186, 0.5835877417386590160, 0.6480552408676215626, 0.7143507389482620651, 0.7813227569257565897, 0.8513325106795990305, 0.9237956167459159262, 1.000000000000000000 ),
 .UNSPECIFIED. ) ;
#2715 = CARTESIAN_POINT ( 'NONE',  ( -1.417651224548179822, 6.874994863829458680, 2.500000000000000000 ) ) ;
#2716 = VECTOR ( 'NONE', #1123, 999.9999999999998863 ) ;
#2717 = ORIENTED_EDGE ( 'NONE', *, *, #2237, .F. ) ;
#2718 = FACE_OUTER_BOUND ( 'NONE', #3093, .T. ) ;
#2719 = CARTESIAN_POINT ( 'NONE',  ( -0.2404114010768609311, 3.797599149957723963, 2.500000000000000000 ) ) ;
#2720 = STYLED_ITEM ( 'NONE', ( #5442 ), #3319 ) ;
#2721 = COLOUR_RGB ( '',0.6941176470588235059, 0.09803921568627450844, 0.09803921568627450844 ) ;
#2722 = EDGE_CURVE ( 'NONE', #4215, #2262, #1343, .T. ) ;
#2723 = PRESENTATION_LAYER_ASSIGNMENT (  '', '', ( #3350 ) ) ;
#2724 = CARTESIAN_POINT ( 'NONE',  ( -6.349514573547642371, 10.75180943524419597, -2.436893216934542750 ) ) ;
#2725 = VERTEX_POINT ( 'NONE', #5289 ) ;
#2726 = CARTESIAN_POINT ( 'NONE',  ( -2.110562221957428708, 6.525580246913603943, 2.500000000000000000 ) ) ;
#2727 = CARTESIAN_POINT ( 'NONE',  ( -0.1999493972821034249, 3.952439164907315394, 2.500000000000000000 ) ) ;
#2728 = VERTEX_POINT ( 'NONE', #338 ) ;
#2729 = STYLED_ITEM ( 'NONE', ( #6019 ), #842 ) ;
#2730 = CARTESIAN_POINT ( 'NONE',  ( -4.105184786892493776, 7.042118396264253732, 2.500000000000000000 ) ) ;
#2731 = CARTESIAN_POINT ( 'NONE',  ( 3.114122803898320413, 6.900174402757759395, 2.499999999999999556 ) ) ;
#2732 = ORIENTED_EDGE ( 'NONE', *, *, #2796, .T. ) ;
#2733 = CARTESIAN_POINT ( 'NONE',  ( -2.049851481661197905, 4.302728813578161393, 2.500000000000000000 ) ) ;
#2734 = CARTESIAN_POINT ( 'NONE',  ( -0.1336176390063255337, 4.735530371043656039, 2.500000000000000000 ) ) ;
#2735 = VECTOR ( 'NONE', #2814, 1000.000000000000000 ) ;
#2736 = CARTESIAN_POINT ( 'NONE',  ( 2.881574102599619103, 6.525580246913603943, 2.499999999999999556 ) ) ;
#2737 = EDGE_CURVE ( 'NONE', #1887, #2497, #4316, .T. ) ;
#2738 = AXIS2_PLACEMENT_3D ( 'NONE', #4419, #431, #6452 ) ;
#2739 = ORIENTED_EDGE ( 'NONE', *, *, #424, .T. ) ;
#2740 = CARTESIAN_POINT ( 'NONE',  ( 2.075161764937281106, 7.076919532627889531, 2.499999999999999556 ) ) ;
#2741 = VERTEX_POINT ( 'NONE', #2256 ) ;
#2742 = CARTESIAN_POINT ( 'NONE',  ( 6.499999999999999112, 0.2000000000000005107, 2.399999999999999911 ) ) ;
#2743 = PRESENTATION_STYLE_ASSIGNMENT (( #737 ) ) ;
#2744 = FILL_AREA_STYLE_COLOUR ( '', #2198 ) ;
#2745 = AXIS2_PLACEMENT_3D ( 'NONE', #4501, #5470, #5004 ) ;
#2746 = EDGE_CURVE ( 'NONE', #3585, #6407, #5825, .T. ) ;
#2747 = B_SPLINE_CURVE_WITH_KNOTS ( 'NONE', 3,
 ( #5635, #2065, #1097, #5099, #1193, #1535, #2586, #3186, #4129, #5202, #686, #78, #108, #169, #5065, #3539, #1065, #551, #2555 ),
 .UNSPECIFIED., .F., .F.,
 ( 4, 1, 1, 1, 1, 1, 1, 1, 1, 1, 1, 1, 1, 1, 1, 1, 4 ),
 ( 0.000000000000000000, 0.06961345028915026656, 0.1341558467413847822, 0.1941216639751311701, 0.2492702399547628844, 0.3003975238168694051, 0.3464602541181239781, 0.3882517207597306896, 0.4259028191906375493, 0.4961060560373061201, 0.5655345875935798849, 0.6348462500707502398, 0.7047585289073901027, 0.7756659742820932735, 0.8477253815784786539, 0.9224175839219328488, 1.000000000000000000 ),
 .UNSPECIFIED. ) ;
#2748 = ORIENTED_EDGE ( 'NONE', *, *, #1892, .F. ) ;
#2749 = SURFACE_SIDE_STYLE ('',( #2851 ) ) ;
#2750 = ADVANCED_FACE ( 'NONE', ( #3304 ), #2855, .F. ) ;
#2751 = FILL_AREA_STYLE ('',( #2818 ) ) ;
#2752 = DIRECTION ( 'NONE',  ( -0.9922778767136679612, -0.1240347345892057196, 1.008590465289621211E-16 ) ) ;
#2753 = UNCERTAINTY_MEASURE_WITH_UNIT (LENGTH_MEASURE( 1.000000000000000082E-05 ), #4022, 'distance_accuracy_value', 'NONE');
#2754 = MECHANICAL_DESIGN_GEOMETRIC_PRESENTATION_REPRESENTATION (  '', ( #2967 ), #540 ) ;
#2755 =( NAMED_UNIT ( * ) SI_UNIT ( $, .STERADIAN. ) SOLID_ANGLE_UNIT ( ) );
#2756 = ORIENTED_EDGE ( 'NONE', *, *, #2962, .T. ) ;
#2757 = EDGE_CURVE ( 'NONE', #6365, #2337, #6393, .T. ) ;
#2758 = CARTESIAN_POINT ( 'NONE',  ( 2.776803567992895960, 3.816075528543677819, 2.499999999999999556 ) ) ;
#2759 = CARTESIAN_POINT ( 'NONE',  ( 1.933935922848486477, 4.305521797789191751, 2.499999999999999556 ) ) ;
#2760 = ORIENTED_EDGE ( 'NONE', *, *, #2377, .F. ) ;
#2761 = CARTESIAN_POINT ( 'NONE',  ( 1.646933438122765381, 3.816075528543677819, 2.499999999999999556 ) ) ;
#2762 = LINE ( 'NONE', #2800, #5940 ) ;
#2763 = ADVANCED_FACE ( 'NONE', ( #1370 ), #3370, .F. ) ;
#2764 = VERTEX_POINT ( 'NONE', #5519 ) ;
#2765 = CARTESIAN_POINT ( 'NONE',  ( 6.399833389060172628, 10.80727339212637261, -2.319866711248148583 ) ) ;
#2766 = CARTESIAN_POINT ( 'NONE',  ( 4.650000000000001243, 0.1000000000000004913, 12.49999999999999645 ) ) ;
#2767 = MECHANICAL_DESIGN_GEOMETRIC_PRESENTATION_REPRESENTATION (  '', ( #2134 ), #6145 ) ;
#2768 = CYLINDRICAL_SURFACE ( 'NONE', #1155, 0.1000000000000002554 ) ;
#2769 = AXIS2_PLACEMENT_3D ( 'NONE', #5487, #1046, #6016 ) ;
#2770 =( GEOMETRIC_REPRESENTATION_CONTEXT ( 3 ) GLOBAL_UNCERTAINTY_ASSIGNED_CONTEXT ( ( #2060 ) ) GLOBAL_UNIT_ASSIGNED_CONTEXT ( ( #4377, #3915, #4918 ) ) REPRESENTATION_CONTEXT ( 'NONE', 'WORKASPACE' ) );
#2771 = CARTESIAN_POINT ( 'NONE',  ( 2.030924751950267559, 7.001838363796720976, 2.499999999999999556 ) ) ;
#2772 = ORIENTED_EDGE ( 'NONE', *, *, #81, .F. ) ;
#2773 = EDGE_CURVE ( 'NONE', #3367, #1121, #5454, .T. ) ;
#2774 = ORIENTED_EDGE ( 'NONE', *, *, #705, .F. ) ;
#2775 = CARTESIAN_POINT ( 'NONE',  ( 0.4972790064267604837, 3.154590475157279084, -2.500000000000000888 ) ) ;
#2776 = DIRECTION ( 'NONE',  ( 1.000000000000000000, 0.000000000000000000, -1.016439536705160653E-16 ) ) ;
#2777 = FILL_AREA_STYLE ('',( #2744 ) ) ;
#2778 = PRESENTATION_LAYER_ASSIGNMENT (  '', '', ( #3298 ) ) ;
#2779 = DIRECTION ( 'NONE',  ( -0.5057194997124211389, 0.8626979700976572518, 5.140332939904590317E-17 ) ) ;
#2780 = CARTESIAN_POINT ( 'NONE',  ( 2.038706457455209620, 7.015026516159117875, 2.499999999999999556 ) ) ;
#2781 = ORIENTED_EDGE ( 'NONE', *, *, #1882, .T. ) ;
#2782 = DIRECTION ( 'NONE',  ( -1.000000000000000000, 0.000000000000000000, 1.016439536705160653E-16 ) ) ;
#2783 = CARTESIAN_POINT ( 'NONE',  ( -6.500000000000000888, 0.2000000000000000111, -2.300000000000000266 ) ) ;
#2784 = PRODUCT_DEFINITION_CONTEXT ( 'detailed design', #934, 'design' ) ;
#2785 = CARTESIAN_POINT ( 'NONE',  ( -2.526349559619764928, 5.316075528543677819, 2.500000000000000000 ) ) ;
#2786 = FILL_AREA_STYLE_COLOUR ( '', #4067 ) ;
#2787 = UNCERTAINTY_MEASURE_WITH_UNIT (LENGTH_MEASURE( 1.000000000000000082E-05 ), #2075, 'distance_accuracy_value', 'NONE');
#2788 = PRESENTATION_LAYER_ASSIGNMENT (  '', '', ( #3936 ) ) ;
#2789 = CARTESIAN_POINT ( 'NONE',  ( -0.3382703908551694116, 4.008326597405782898, 2.500000000000000000 ) ) ;
#2790 = ORIENTED_EDGE ( 'NONE', *, *, #496, .F. ) ;
#2791 = CARTESIAN_POINT ( 'NONE',  ( -3.639783001178207744, 7.844472292368148914, 2.500000000000000000 ) ) ;
#2792 = CARTESIAN_POINT ( 'NONE',  ( -6.420424794944868729, 10.78142850328720037, -2.420424794944859404 ) ) ;
#2793 = ORIENTED_EDGE ( 'NONE', *, *, #4182, .F. ) ;
#2794 = CARTESIAN_POINT ( 'NONE',  ( 0.5880104364561210550, 3.376591686248344715, -2.500000000000000888 ) ) ;
#2795 = LINE ( 'NONE', #4196, #2922 ) ;
#2796 = EDGE_CURVE ( 'NONE', #2564, #4620, #3837, .T. ) ;
#2797 = ORIENTED_EDGE ( 'NONE', *, *, #806, .F. ) ;
#2798 = VECTOR ( 'NONE', #4600, 1000.000000000000000 ) ;
#2799 = SURFACE_SIDE_STYLE ('',( #6337 ) ) ;
#2800 = CARTESIAN_POINT ( 'NONE',  ( 6.299999999999999822, 5.599999999999998757, -2.300000000000000711 ) ) ;
#2801 = VERTEX_POINT ( 'NONE', #3438 ) ;
#2802 =( NAMED_UNIT ( * ) SI_UNIT ( $, .STERADIAN. ) SOLID_ANGLE_UNIT ( ) );
#2803 = CARTESIAN_POINT ( 'NONE',  ( -2.052120663515870191, 4.322569035037184371, 2.500000000000000000 ) ) ;
#2804 = CARTESIAN_POINT ( 'NONE',  ( 2.763816555005882414, 4.543348255816405334, 2.499999999999999556 ) ) ;
#2805 = PRESENTATION_STYLE_ASSIGNMENT (( #4237 ) ) ;
#2806 = EDGE_CURVE ( 'NONE', #4465, #3585, #1989, .T. ) ;
#2807 = MECHANICAL_DESIGN_GEOMETRIC_PRESENTATION_REPRESENTATION (  '', ( #4153 ), #3739 ) ;
#2808 = CARTESIAN_POINT ( 'NONE',  ( 3.321103323378839622, 7.252852974186331458, 2.499999999999999556 ) ) ;
#2809 = VECTOR ( 'NONE', #5129, 1000.000000000000000 ) ;
#2810 = ORIENTED_EDGE ( 'NONE', *, *, #2282, .T. ) ;
#2811 = VERTEX_POINT ( 'NONE', #981 ) ;
#2812 = CARTESIAN_POINT ( 'NONE',  ( 5.240000000000001101, 0.009999999999999970718, 2.299999999999999822 ) ) ;
#2813 = CARTESIAN_POINT ( 'NONE',  ( -2.305367416762622135, 3.816075528543677375, 2.500000000000000000 ) ) ;
#2814 = DIRECTION ( 'NONE',  ( 0.5184828671378404197, -0.8550880168055944308, -5.270064852631498850E-17 ) ) ;
#2815 = SURFACE_STYLE_USAGE ( .BOTH. , #3718 ) ;
#2816 = VERTEX_POINT ( 'NONE', #4386 ) ;
#2817 = DIRECTION ( 'NONE',  ( 0.000000000000000000, -1.000000000000000000, 0.000000000000000000 ) ) ;
#2818 = FILL_AREA_STYLE_COLOUR ( '', #3100 ) ;
#2819 = CARTESIAN_POINT ( 'NONE',  ( -1.572185109986927065, 3.808662881481734708, 2.500000000000000000 ) ) ;
#2820 = CARTESIAN_POINT ( 'NONE',  ( 0.4078637363784839431, 4.188410248247628864, -2.500000000000000888 ) ) ;
#2821 = UNCERTAINTY_MEASURE_WITH_UNIT (LENGTH_MEASURE( 1.000000000000000082E-05 ), #1367, 'distance_accuracy_value', 'NONE');
#2822 = FACE_OUTER_BOUND ( 'NONE', #2934, .T. ) ;
#2823 = ORIENTED_EDGE ( 'NONE', *, *, #5197, .F. ) ;
#2824 = PRESENTATION_STYLE_ASSIGNMENT (( #5763 ) ) ;
#2825 = FACE_BOUND ( 'NONE', #3384, .T. ) ;
#2826 = MECHANICAL_DESIGN_GEOMETRIC_PRESENTATION_REPRESENTATION (  '', ( #2720 ), #1049 ) ;
#2827 = VERTEX_POINT ( 'NONE', #435 ) ;
#2828 = VECTOR ( 'NONE', #2914, 1000.000000000000114 ) ;
#2829 = VECTOR ( 'NONE', #4927, 1000.000000000000114 ) ;
#2830 = ORIENTED_EDGE ( 'NONE', *, *, #2937, .T. ) ;
#2831 = CARTESIAN_POINT ( 'NONE',  ( 2.231349022538350102, 4.543348255816405334, 2.499999999999999556 ) ) ;
#2832 = ORIENTED_EDGE ( 'NONE', *, *, #3235, .T. ) ;
#2833 = ADVANCED_FACE ( 'NONE', ( #2450 ), #3405, .T. ) ;
#2834 = COLOUR_RGB ( '',0.6941176470588235059, 0.09803921568627450844, 0.09803921568627450844 ) ;
#2835 = PRODUCT_DEFINITION ( 'UNKNOWN', '', #757, #2784 ) ;
#2836 = PLANE ( 'NONE',  #1935 ) ;
#2837 = EDGE_CURVE ( 'NONE', #4504, #2725, #1490, .T. ) ;
#2838 = CARTESIAN_POINT ( 'NONE',  ( -2.033595391700412591, 3.900383440409175062, 2.500000000000000000 ) ) ;
#2839 = VECTOR ( 'NONE', #2310, 1000.000000000000000 ) ;
#2840 = DIRECTION ( 'NONE',  ( 1.000000000000000000, 0.000000000000000000, -1.016439536705160653E-16 ) ) ;
#2841 = EDGE_LOOP ( 'NONE', ( #4754, #1607, #5061, #4597, #5447 ) ) ;
#2842 = VECTOR ( 'NONE', #5491, 1000.000000000000000 ) ;
#2843 = EDGE_CURVE ( 'NONE', #2816, #4684, #3924, .T. ) ;
#2844 = VERTEX_POINT ( 'NONE', #4687 ) ;
#2845 = DIRECTION ( 'NONE',  ( 1.000000000000000000, 0.000000000000000000, 0.000000000000000000 ) ) ;
#2846 = CARTESIAN_POINT ( 'NONE',  ( -6.299999999999999822, 6.299999999999999822, -2.300000000000000711 ) ) ;
#2847 = DIRECTION ( 'NONE',  ( -1.016439536705160653E-16, 0.000000000000000000, -1.000000000000000000 ) ) ;
#2848 = EDGE_CURVE ( 'NONE', #1298, #4748, #4950, .T. ) ;
#2849 = VECTOR ( 'NONE', #1218, 1000.000000000000114 ) ;
#2850 = ORIENTED_EDGE ( 'NONE', *, *, #4293, .F. ) ;
#2851 = SURFACE_STYLE_FILL_AREA ( #3789 ) ;
#2852 = EDGE_CURVE ( 'NONE', #4812, #1802, #1082, .T. ) ;
#2853 = CARTESIAN_POINT ( 'NONE',  ( -0.1786572158869495774, 7.608924624720192043, 2.500000000000000000 ) ) ;
#2854 = ADVANCED_FACE ( 'NONE', ( #5688, #6216 ), #3035, .F. ) ;
#2855 = PLANE ( 'NONE',  #5291 ) ;
#2856 = CARTESIAN_POINT ( 'NONE',  ( 0.6453125000000002887, 2.769432919274954052, -2.500000000000000888 ) ) ;
#2857 =( NAMED_UNIT ( * ) PLANE_ANGLE_UNIT ( ) SI_UNIT ( $, .RADIAN. ) );
#2858 = EDGE_LOOP ( 'NONE', ( #4693, #187, #2323, #5899 ) ) ;
#2859 = FACE_BOUND ( 'NONE', #2105, .T. ) ;
#2860 = ORIENTED_EDGE ( 'NONE', *, *, #4436, .T. ) ;
#2861 = CARTESIAN_POINT ( 'NONE',  ( -4.760000000000000675, 0.000000000000000000, -2.500000000000000444 ) ) ;
#2862 = ADVANCED_FACE ( 'NONE', ( #1047 ), #2675, .T. ) ;
#2863 = VERTEX_POINT ( 'NONE', #2603 ) ;
#2864 = SURFACE_STYLE_USAGE ( .BOTH. , #5842 ) ;
#2865 = LINE ( 'NONE', #4439, #5850 ) ;
#2866 = VERTEX_POINT ( 'NONE', #1552 ) ;
#2867 = LINE ( 'NONE', #1384, #3745 ) ;
#2868 = DIRECTION ( 'NONE',  ( -0.5057030506726052366, -0.8627076124275364633, 5.140165745360492511E-17 ) ) ;
#2869 = CARTESIAN_POINT ( 'NONE',  ( -0.9806920920872987946, 7.800336740420097392, 2.500000000000000000 ) ) ;
#2870 = UNCERTAINTY_MEASURE_WITH_UNIT (LENGTH_MEASURE( 1.000000000000000082E-05 ), #430, 'distance_accuracy_value', 'NONE');
#2871 = VECTOR ( 'NONE', #3738, 1000.000000000000114 ) ;
#2872 = VECTOR ( 'NONE', #5488, 1000.000000000000114 ) ;
#2873 = CARTESIAN_POINT ( 'NONE',  ( 2.657688308252635689, 3.816075528543677819, 2.499999999999999556 ) ) ;
#2874 = VERTEX_POINT ( 'NONE', #3559 ) ;
#2875 = VERTEX_POINT ( 'NONE', #64 ) ;
#2876 = DIRECTION ( 'NONE',  ( 0.5056715232898540968, -0.8627260924150367272, -5.139845288577320541E-17 ) ) ;
#2877 = STYLED_ITEM ( 'NONE', ( #2184 ), #5658 ) ;
#2878 =( NAMED_UNIT ( * ) PLANE_ANGLE_UNIT ( ) SI_UNIT ( $, .RADIAN. ) );
#2879 =( GEOMETRIC_REPRESENTATION_CONTEXT ( 3 ) GLOBAL_UNCERTAINTY_ASSIGNED_CONTEXT ( ( #5372 ) ) GLOBAL_UNIT_ASSIGNED_CONTEXT ( ( #5972, #5007, #5440 ) ) REPRESENTATION_CONTEXT ( 'NONE', 'WORKASPACE' ) );
#2880 = VERTEX_POINT ( 'NONE', #3334 ) ;
#2881 = PRESENTATION_LAYER_ASSIGNMENT (  '', '', ( #5618 ) ) ;
#2882 = CARTESIAN_POINT ( 'NONE',  ( -1.959517344622623058, 4.764171150411116606, 2.500000000000000000 ) ) ;
#2883 = SURFACE_STYLE_FILL_AREA ( #1520 ) ;
#2884 = DIRECTION ( 'NONE',  ( 1.000000000000000000, 0.000000000000000000, -1.016439536705160653E-16 ) ) ;
#2885 = LINE ( 'NONE', #812, #525 ) ;
#2886 = LINE ( 'NONE', #2363, #5611 ) ;
#2887 = VERTEX_POINT ( 'NONE', #4242 ) ;
#2888 = CARTESIAN_POINT ( 'NONE',  ( -0.02951627805615629485, 7.576507021679536713, 2.500000000000000000 ) ) ;
#2889 = FILL_AREA_STYLE_COLOUR ( '', #1843 ) ;
#2890 = VERTEX_POINT ( 'NONE', #5784 ) ;
#2891 = DIRECTION ( 'NONE',  ( 1.000000000000000000, 0.000000000000000000, -1.016439536705160653E-16 ) ) ;
#2892 = ORIENTED_EDGE ( 'NONE', *, *, #1796, .T. ) ;
#2893 = CARTESIAN_POINT ( 'NONE',  ( 0.05183426471573545496, 4.692055282392771254, 2.499999999999999556 ) ) ;
#2894 = ORIENTED_EDGE ( 'NONE', *, *, #704, .T. ) ;
#2895 = DIRECTION ( 'NONE',  ( 1.000000000000000000, 0.000000000000000000, -3.388131789017202589E-17 ) ) ;
#2897 = DIRECTION ( 'NONE',  ( 1.000000000000000000, 0.000000000000000000, -1.016439536705160653E-16 ) ) ;
#2896 = DIRECTION ( 'NONE',  ( 0.000000000000000000, -1.000000000000000000, 0.000000000000000000 ) ) ;
#2898 = SURFACE_STYLE_FILL_AREA ( #4370 ) ;
#2899 = B_SPLINE_CURVE_WITH_KNOTS ( 'NONE', 3,
 ( #1521, #4145, #6121, #4525, #3139, #3588, #6556 ),
 .UNSPECIFIED., .F., .F.,
 ( 4, 1, 1, 1, 4 ),
 ( 0.000000000000000000, 0.2837744943495298933, 0.5395840214497850118, 0.7756449623277250627, 1.000000000000000000 ),
 .UNSPECIFIED. ) ;
#2900 = CYLINDRICAL_SURFACE ( 'NONE', #5365, 0.09999999999999939493 ) ;
#2901 = LINE ( 'NONE', #6382, #3178 ) ;
#2902 = VERTEX_POINT ( 'NONE', #5219 ) ;
#2903 = ORIENTED_EDGE ( 'NONE', *, *, #4573, .F. ) ;
#2904 = CARTESIAN_POINT ( 'NONE',  ( -0.3398617213700347306, 3.060307225851829127, -2.500000000000000444 ) ) ;
#2905 = DIRECTION ( 'NONE',  ( 0.6482334357485549647, 0.7614416673505751687, -6.588900931090558409E-17 ) ) ;
#2906 = FILL_AREA_STYLE ('',( #2417 ) ) ;
#2907 = VERTEX_POINT ( 'NONE', #1336 ) ;
#2908 = MECHANICAL_DESIGN_GEOMETRIC_PRESENTATION_REPRESENTATION (  '', ( #482 ), #4596 ) ;
#2909 = SURFACE_STYLE_FILL_AREA ( #4387 ) ;
#2910 = AXIS2_PLACEMENT_3D ( 'NONE', #1425, #1395, #3435 ) ;
#2911 = CARTESIAN_POINT ( 'NONE',  ( -0.3536217165410370233, 4.025599004075267828, 2.500000000000000000 ) ) ;
#2912 = ORIENTED_EDGE ( 'NONE', *, *, #3998, .T. ) ;
#2913 = AXIS2_PLACEMENT_3D ( 'NONE', #4908, #1477, #5406 ) ;
#2914 = DIRECTION ( 'NONE',  ( -0.2210565208941861481, 0.9752609981795427041, 2.246905876833412412E-17 ) ) ;
#2915 = FACE_BOUND ( 'NONE', #4277, .T. ) ;
#2916 = ORIENTED_EDGE ( 'NONE', *, *, #2558, .T. ) ;
#2917 = CARTESIAN_POINT ( 'NONE',  ( 0.2964964799811966589, 2.335415489713738246, -2.500000000000000888 ) ) ;
#2918 = EDGE_CURVE ( 'NONE', #2890, #3910, #6459, .T. ) ;
#2919 = VECTOR ( 'NONE', #5733, 1000.000000000000000 ) ;
#2920 = EDGE_CURVE ( 'NONE', #1645, #5790, #5342, .T. ) ;
#2921 = ORIENTED_EDGE ( 'NONE', *, *, #3459, .T. ) ;
#2922 = VECTOR ( 'NONE', #142, 1000.000000000000114 ) ;
#2923 = VECTOR ( 'NONE', #3180, 1000.000000000000114 ) ;
#2924 = DIRECTION ( 'NONE',  ( -0.000000000000000000, 1.000000000000000000, -0.000000000000000000 ) ) ;
#2925 = CARTESIAN_POINT ( 'NONE',  ( -2.785988358321064950, 8.025580246913603943, 2.500000000000000000 ) ) ;
#2926 = EDGE_LOOP ( 'NONE', ( #6243, #6422, #358, #6437, #4846, #3765, #3110, #689, #3064, #5169, #3619, #168, #2002, #2602, #690, #292, #333 ) ) ;
#2927 = CARTESIAN_POINT ( 'NONE',  ( -6.299999999999999822, 5.599999999999998757, -2.300000000000000711 ) ) ;
#2928 = EDGE_CURVE ( 'NONE', #1161, #1980, #3297, .T. ) ;
#2929 = DIRECTION ( 'NONE',  ( -1.000000000000000000, 0.000000000000000000, 0.000000000000000000 ) ) ;
#2930 = CARTESIAN_POINT ( 'NONE',  ( -1.724826666346629400, 3.796982625244251786, 2.500000000000000000 ) ) ;
#2931 = AXIS2_PLACEMENT_3D ( 'NONE', #6458, #4389, #2516 ) ;
#2932 = ORIENTED_EDGE ( 'NONE', *, *, #518, .F. ) ;
#2933 = CARTESIAN_POINT ( 'NONE',  ( 0.5859375000000001110, 3.388964169274953697, -2.500000000000000888 ) ) ;
#2934 = EDGE_LOOP ( 'NONE', ( #6148, #1854, #889, #2473 ) ) ;
#2935 = CARTESIAN_POINT ( 'NONE',  ( -0.2821632314115104512, 3.201383876122615213, -2.500000000000000444 ) ) ;
#2936 = CARTESIAN_POINT ( 'NONE',  ( -6.399999999999999467, 11.00000000000000000, 2.500000000000000444 ) ) ;
#2937 = EDGE_CURVE ( 'NONE', #5602, #1182, #5717, .T. ) ;
#2938 = CARTESIAN_POINT ( 'NONE',  ( -3.989214819360025643, 7.012593233926590841, 2.500000000000000000 ) ) ;
#2939 = CYLINDRICAL_SURFACE ( 'NONE', #2910, 0.2500000000000003886 ) ;
#2940 = ORIENTED_EDGE ( 'NONE', *, *, #3841, .F. ) ;
#2941 = CARTESIAN_POINT ( 'NONE',  ( -0.8053674167626234670, 6.525580246913603943, 2.500000000000000000 ) ) ;
#2942 = VECTOR ( 'NONE', #1394, 1000.000000000000000 ) ;
#2943 = SURFACE_STYLE_FILL_AREA ( #1523 ) ;
#2944 = UNCERTAINTY_MEASURE_WITH_UNIT (LENGTH_MEASURE( 1.000000000000000082E-05 ), #1015, 'distance_accuracy_value', 'NONE');
#2945 = ORIENTED_EDGE ( 'NONE', *, *, #6283, .T. ) ;
#2946 = CARTESIAN_POINT ( 'NONE',  ( 4.750000000000000888, 0.1000000000000004913, -2.500000000000001332 ) ) ;
#2947 = CARTESIAN_POINT ( 'NONE',  ( -6.399999999999999467, 0.000000000000000000, -2.500000000000000444 ) ) ;
#2948 = VERTEX_POINT ( 'NONE', #1748 ) ;
#2949 = CARTESIAN_POINT ( 'NONE',  ( -2.305367416762622135, 3.816075528543677375, 2.500000000000000000 ) ) ;
#2950 = PRESENTATION_STYLE_ASSIGNMENT (( #5466 ) ) ;
#2951 = COLOUR_RGB ( '',0.6941176470588235059, 0.09803921568627450844, 0.09803921568627450844 ) ;
#2952 = ORIENTED_EDGE ( 'NONE', *, *, #2327, .T. ) ;
#2953 = PLANE ( 'NONE',  #3785 ) ;
#2954 = EDGE_CURVE ( 'NONE', #1781, #273, #52, .T. ) ;
#2955 = DIRECTION ( 'NONE',  ( 0.000000000000000000, -1.000000000000000000, 0.000000000000000000 ) ) ;
#2956 = VERTEX_POINT ( 'NONE', #6281 ) ;
#2957 =( NAMED_UNIT ( * ) SI_UNIT ( $, .STERADIAN. ) SOLID_ANGLE_UNIT ( ) );
#2959 = CARTESIAN_POINT ( 'NONE',  ( -6.389589052461387197, 10.63087399712089187, 2.486986315576746431 ) ) ;
#2958 = SURFACE_SIDE_STYLE ('',( #16 ) ) ;
#2960 =( NAMED_UNIT ( * ) SI_UNIT ( $, .STERADIAN. ) SOLID_ANGLE_UNIT ( ) );
#2961 = LINE ( 'NONE', #5922, #5789 ) ;
#2962 = EDGE_CURVE ( 'NONE', #825, #2811, #5281, .T. ) ;
#2963 = EDGE_CURVE ( 'NONE', #1781, #448, #768, .T. ) ;
#2964 = ORIENTED_EDGE ( 'NONE', *, *, #6079, .F. ) ;
#2965 = LINE ( 'NONE', #3979, #5502 ) ;
#2966 = CIRCLE ( 'NONE', #4645, 0.1000000000000002554 ) ;
#2967 = STYLED_ITEM ( 'NONE', ( #4741 ), #5886 ) ;
#2968 = ORIENTED_EDGE ( 'NONE', *, *, #1882, .F. ) ;
#2969 = DIRECTION ( 'NONE',  ( -1.000000000000000000, 8.470329472543348517E-16, 0.000000000000000000 ) ) ;
#2970 = LINE ( 'NONE', #5893, #4631 ) ;
#2971 = VECTOR ( 'NONE', #5951, 1000.000000000000000 ) ;
#2972 = B_SPLINE_CURVE_WITH_KNOTS ( 'NONE', 3,
 ( #3651, #1386, #1647, #6246, #4212 ),
 .UNSPECIFIED., .F., .F.,
 ( 4, 1, 4 ),
 ( 0.000000000000000000, 0.5271548120356771561, 1.000000000000000000 ),
 .UNSPECIFIED. ) ;
#2973 = COLOUR_RGB ( '',0.5882352941176470784, 0.5882352941176470784, 0.6313725490196078205 ) ;
#2974 = EDGE_CURVE ( 'NONE', #3501, #5054, #5314, .T. ) ;
#2975 = ORIENTED_EDGE ( 'NONE', *, *, #487, .F. ) ;
#2976 = SURFACE_SIDE_STYLE ('',( #4590 ) ) ;
#2977 = DIRECTION ( 'NONE',  ( -1.016439536705160653E-16, 0.000000000000000000, -1.000000000000000000 ) ) ;
#2978 = AXIS2_PLACEMENT_3D ( 'NONE', #2499, #4506, #5474 ) ;
#2979 = LINE ( 'NONE', #1956, #1885 ) ;
#2980 = CARTESIAN_POINT ( 'NONE',  ( 6.999999999999999112, 0.2000000000000000111, -2.500000000000001776 ) ) ;
#2981 = VERTEX_POINT ( 'NONE', #189 ) ;
#2982 = LINE ( 'NONE', #4089, #4579 ) ;
#2983 = CARTESIAN_POINT ( 'NONE',  ( 0.6453125000000002887, 2.769432919274954052, -2.500000000000000888 ) ) ;
#2984 = VERTEX_POINT ( 'NONE', #255 ) ;
#2985 = CARTESIAN_POINT ( 'NONE',  ( -3.675155315542162349, 7.681922799697229465, 2.500000000000000000 ) ) ;
#2986 = SURFACE_STYLE_USAGE ( .BOTH. , #1062 ) ;
#2987 = VERTEX_POINT ( 'NONE', #1857 ) ;
#2988 = CARTESIAN_POINT ( 'NONE',  ( -0.9806920920872987946, 6.525580246913603943, 2.500000000000000000 ) ) ;
#2989 = MECHANICAL_DESIGN_GEOMETRIC_PRESENTATION_REPRESENTATION (  '', ( #3936 ), #4889 ) ;
#2990 = DIRECTION ( 'NONE',  ( -1.000000000000000000, 0.000000000000000000, -0.000000000000000000 ) ) ;
#2991 = CARTESIAN_POINT ( 'NONE',  ( -0.6897369388617184960, 3.111804627957191371, -2.500000000000000444 ) ) ;
#2992 =( NAMED_UNIT ( * ) SI_UNIT ( $, .STERADIAN. ) SOLID_ANGLE_UNIT ( ) );
#2993 = AXIS2_PLACEMENT_3D ( 'NONE', #5589, #3995, #3012 ) ;
#2994 = ORIENTED_EDGE ( 'NONE', *, *, #1628, .T. ) ;
#2995 = SURFACE_STYLE_FILL_AREA ( #2503 ) ;
#2996 = VERTEX_POINT ( 'NONE', #5818 ) ;
#2997 = CARTESIAN_POINT ( 'NONE',  ( 5.000000000000000000, 1.500000000000000000, 0.2500000000000012768 ) ) ;
#2998 = FACE_BOUND ( 'NONE', #6228, .T. ) ;
#2999 = EDGE_CURVE ( 'NONE', #6060, #6431, #2137, .T. ) ;
#3000 = ORIENTED_EDGE ( 'NONE', *, *, #1628, .F. ) ;
#3001 = B_SPLINE_CURVE_WITH_KNOTS ( 'NONE', 3,
 ( #2521, #2888, #5430, #374, #4494, #6533, #1436, #4395, #3442, #4464, #4964 ),
 .UNSPECIFIED., .F., .F.,
 ( 4, 1, 1, 1, 1, 1, 1, 1, 4 ),
 ( 0.000000000000000000, 0.1511242771880536295, 0.2950652591728385454, 0.4309201256285378756, 0.5602395710484676661, 0.6814837768396234674, 0.7946563497826421019, 0.9013531986511921223, 1.000000000000000000 ),
 .UNSPECIFIED. ) ;
#3002 = VECTOR ( 'NONE', #41, 1000.000000000000000 ) ;
#3003 =( LENGTH_UNIT ( ) NAMED_UNIT ( * ) SI_UNIT ( .MILLI., .METRE. ) );
#3004 = SURFACE_STYLE_FILL_AREA ( #5983 ) ;
#3005 = CARTESIAN_POINT ( 'NONE',  ( 2.027327637735250931, 7.007918903798947774, 2.499999999999999556 ) ) ;
#3006 = SURFACE_STYLE_USAGE ( .BOTH. , #3406 ) ;
#3007 = LINE ( 'NONE', #916, #2829 ) ;
#3008 = VECTOR ( 'NONE', #1555, 1000.000000000000000 ) ;
#3009 = VECTOR ( 'NONE', #4694, 1000.000000000000000 ) ;
#3010 = ORIENTED_EDGE ( 'NONE', *, *, #5467, .F. ) ;
#3011 = CARTESIAN_POINT ( 'NONE',  ( -4.145972124554829996, 6.525580246913603943, 2.500000000000000000 ) ) ;
#3012 = DIRECTION ( 'NONE',  ( -1.000000000000000000, 0.000000000000000000, 1.016439536705160653E-16 ) ) ;
#3013 = COLOUR_RGB ( '',0.5882352941176470784, 0.5882352941176470784, 0.6313725490196078205 ) ;
#3014 = CARTESIAN_POINT ( 'NONE',  ( 0.02491603787903675510, 4.409703907215314800, 2.499999999999999556 ) ) ;
#3015 =( NAMED_UNIT ( * ) PLANE_ANGLE_UNIT ( ) SI_UNIT ( $, .RADIAN. ) );
#3016 = VERTEX_POINT ( 'NONE', #1718 ) ;
#3017 = CARTESIAN_POINT ( 'NONE',  ( -5.249999999999997335, 0.009999999999999968983, 12.49999999999999822 ) ) ;
#3018 = ORIENTED_EDGE ( 'NONE', *, *, #4453, .F. ) ;
#3019 = CARTESIAN_POINT ( 'NONE',  ( 3.745210466235982416, 7.001838363796720976, 2.499999999999999556 ) ) ;
#3021 =( NAMED_UNIT ( * ) PLANE_ANGLE_UNIT ( ) SI_UNIT ( $, .RADIAN. ) );
#3020 = CARTESIAN_POINT ( 'NONE',  ( -0.4570312500000000555, 3.937401669274953164, -2.500000000000000444 ) ) ;
#3022 = CARTESIAN_POINT ( 'NONE',  ( -0.3093047348428356047, 2.734750067800334694, -2.500000000000000444 ) ) ;
#3023 = EDGE_CURVE ( 'NONE', #2874, #4997, #1301, .T. ) ;
#3024 = CARTESIAN_POINT ( 'NONE',  ( -0.6999999999999999556, 2.983104794274953786, -2.500000000000000444 ) ) ;
#3025 = VERTEX_POINT ( 'NONE', #2813 ) ;
#3026 = MECHANICAL_DESIGN_GEOMETRIC_PRESENTATION_REPRESENTATION (  '', ( #5031 ), #5458 ) ;
#3027 = CARTESIAN_POINT ( 'NONE',  ( 0.1017709562717961091, 4.571652504404323025, 2.499999999999999556 ) ) ;
#3028 = CARTESIAN_POINT ( 'NONE',  ( -3.521073585593792021, 8.025580246913603943, 2.500000000000000000 ) ) ;
#3029 = VECTOR ( 'NONE', #2140, 1000.000000000000000 ) ;
#3030 = ADVANCED_FACE ( 'NONE', ( #4813 ), #294, .F. ) ;
#3031 = ORIENTED_EDGE ( 'NONE', *, *, #5778, .F. ) ;
#3032 = EDGE_CURVE ( 'NONE', #63, #3740, #1487, .T. ) ;
#3033 = CARTESIAN_POINT ( 'NONE',  ( 2.624896737071347630, 7.040044124006551662, 2.499999999999999556 ) ) ;
#3034 = VECTOR ( 'NONE', #902, 1000.000000000000114 ) ;
#3035 = PLANE ( 'NONE',  #4335 ) ;
#3036 = DIRECTION ( 'NONE',  ( -9.637352644315546235E-15, 1.000000000000000000, 0.000000000000000000 ) ) ;
#3037 = STYLED_ITEM ( 'NONE', ( #3307 ), #673 ) ;
#3038 = EDGE_CURVE ( 'NONE', #1383, #2366, #1392, .T. ) ;
#3039 = ADVANCED_FACE ( 'NONE', ( #5379 ), #6451, .F. ) ;
#3040 = ORIENTED_EDGE ( 'NONE', *, *, #3076, .T. ) ;
#3041 = CARTESIAN_POINT ( 'NONE',  ( 0.05096200945943941268, 4.297672103731971838, 2.499999999999999556 ) ) ;
#3042 = CARTESIAN_POINT ( 'NONE',  ( -1.951437202415679639, 5.291182972268456908, 2.500000000000000000 ) ) ;
#3043 = UNCERTAINTY_MEASURE_WITH_UNIT (LENGTH_MEASURE( 1.000000000000000082E-05 ), #2230, 'distance_accuracy_value', 'NONE');
#3044 = ORIENTED_EDGE ( 'NONE', *, *, #1077, .F. ) ;
#3045 = DIRECTION ( 'NONE',  ( 0.000000000000000000, 0.000000000000000000, -1.000000000000000000 ) ) ;
#3046 = CARTESIAN_POINT ( 'NONE',  ( -5.249999999999999112, 6.299999999999999822, 2.299999999999999822 ) ) ;
#3047 = ADVANCED_FACE ( 'NONE', ( #2998, #4515 ), #1983, .F. ) ;
#3048 = ORIENTED_EDGE ( 'NONE', *, *, #3032, .F. ) ;
#3049 = DIRECTION ( 'NONE',  ( 0.000000000000000000, 0.000000000000000000, 1.000000000000000000 ) ) ;
#3050 = LINE ( 'NONE', #3425, #5559 ) ;
#3051 = CARTESIAN_POINT ( 'NONE',  ( -0.3494757879786355992, 2.925002858653108717, -2.500000000000000444 ) ) ;
#3052 = CARTESIAN_POINT ( 'NONE',  ( -0.5690493375008047749, 4.980277409282853895, 2.500000000000000000 ) ) ;
#3053 = VERTEX_POINT ( 'NONE', #2632 ) ;
#3054 = VERTEX_POINT ( 'NONE', #2046 ) ;
#3055 = CARTESIAN_POINT ( 'NONE',  ( 0.05100489625798818039, 4.232709359109331437, 2.499999999999999556 ) ) ;
#3056 = DIRECTION ( 'NONE',  ( 9.637352644315546235E-15, -1.000000000000000000, -9.795786256852348022E-31 ) ) ;
#3057 = DIRECTION ( 'NONE',  ( -1.000000000000000000, 8.470329472543348517E-16, 0.000000000000000000 ) ) ;
#3058 =( NAMED_UNIT ( * ) SI_UNIT ( $, .STERADIAN. ) SOLID_ANGLE_UNIT ( ) );
#3059 = EDGE_CURVE ( 'NONE', #5928, #911, #1217, .T. ) ;
#3060 = AXIS2_PLACEMENT_3D ( 'NONE', #6508, #4438, #3502 ) ;
#3061 = CARTESIAN_POINT ( 'NONE',  ( 0.6217086095199844120, 2.844404409472819140, -2.500000000000000888 ) ) ;
#3062 = VERTEX_POINT ( 'NONE', #593 ) ;
#3063 = FACE_OUTER_BOUND ( 'NONE', #5105, .T. ) ;
#3064 = ORIENTED_EDGE ( 'NONE', *, *, #3598, .F. ) ;
#3065 = SURFACE_STYLE_USAGE ( .BOTH. , #4557 ) ;
#3066 =( LENGTH_UNIT ( ) NAMED_UNIT ( * ) SI_UNIT ( .MILLI., .METRE. ) );
#3067 = MECHANICAL_DESIGN_GEOMETRIC_PRESENTATION_REPRESENTATION (  '', ( #5604 ), #4974 ) ;
#3068 = CARTESIAN_POINT ( 'NONE',  ( -1.428744040139246385, 4.868023580491730229, 2.500000000000000000 ) ) ;
#3069 =( GEOMETRIC_REPRESENTATION_CONTEXT ( 3 ) GLOBAL_UNCERTAINTY_ASSIGNED_CONTEXT ( ( #3847 ) ) GLOBAL_UNIT_ASSIGNED_CONTEXT ( ( #6338, #1771, #1235 ) ) REPRESENTATION_CONTEXT ( 'NONE', 'WORKASPACE' ) );
#3070 = EDGE_LOOP ( 'NONE', ( #3338, #2436, #5208, #3649, #5772, #3203, #194, #1435, #3154, #2772, #3946, #2662, #4201, #2442, #3000, #1096, #5594, #133, #2494 ) ) ;
#3071 = CARTESIAN_POINT ( 'NONE',  ( -6.000000000000000000, 11.00000000000000000, -2.000000000000000888 ) ) ;
#3072 = AXIS2_PLACEMENT_3D ( 'NONE', #796, #281, #3873 ) ;
#3073 = DIRECTION ( 'NONE',  ( 0.000000000000000000, 1.000000000000000000, 0.000000000000000000 ) ) ;
#3074 = LINE ( 'NONE', #2580, #2798 ) ;
#3075 = LINE ( 'NONE', #1560, #6311 ) ;
#3076 = EDGE_CURVE ( 'NONE', #5732, #3482, #58, .T. ) ;
#3077 = ORIENTED_EDGE ( 'NONE', *, *, #182, .T. ) ;
#3078 = CYLINDRICAL_SURFACE ( 'NONE', #244, 0.009999999999999592548 ) ;
#3079 = VERTEX_POINT ( 'NONE', #531 ) ;
#3080 = ADVANCED_BREP_SHAPE_REPRESENTATION ( 'FKS3 PCM10 W5 H11 L13', ( #302, #649 ), #3274 ) ;
#3081 = VECTOR ( 'NONE', #5168, 1000.000000000000114 ) ;
#3082 = CARTESIAN_POINT ( 'NONE',  ( 4.760000000000001563, 0.000000000000000000, 2.499999999999998668 ) ) ;
#3083 = AXIS2_PLACEMENT_3D ( 'NONE', #3706, #2212, #2180 ) ;
#3084 = PRESENTATION_LAYER_ASSIGNMENT (  '', '', ( #4570 ) ) ;
#3085 = CARTESIAN_POINT ( 'NONE',  ( -6.000000000000000000, 11.00000000000000000, 2.000000000000000444 ) ) ;
#3086 = COLOUR_RGB ( '',0.8313725490196077761, 0.8392156862745098200, 0.8313725490196077761 ) ;
#3087 = ORIENTED_EDGE ( 'NONE', *, *, #5788, .F. ) ;
#3088 = ORIENTED_EDGE ( 'NONE', *, *, #3867, .F. ) ;
#3089 = DIRECTION ( 'NONE',  ( 0.5055407125233173371, 0.8628027514915657115, -5.138515676227975609E-17 ) ) ;
#3090 = CARTESIAN_POINT ( 'NONE',  ( -1.490254234884020645, 4.025944620141205910, 2.500000000000000000 ) ) ;
#3091 = STYLED_ITEM ( 'NONE', ( #4603 ), #5175 ) ;
#3092 = CARTESIAN_POINT ( 'NONE',  ( -1.498318484598565092, 5.069465821824578278, 2.500000000000000000 ) ) ;
#3093 = EDGE_LOOP ( 'NONE', ( #3120, #2459, #5684 ) ) ;
#3094 =( LENGTH_UNIT ( ) NAMED_UNIT ( * ) SI_UNIT ( .MILLI., .METRE. ) );
#3095 = EDGE_LOOP ( 'NONE', ( #1631, #53 ) ) ;
#3096 = SURFACE_STYLE_USAGE ( .BOTH. , #2051 ) ;
#3097 = FILL_AREA_STYLE ('',( #1118 ) ) ;
#3098 = PRESENTATION_STYLE_ASSIGNMENT (( #3172 ) ) ;
#3099 = FACE_OUTER_BOUND ( 'NONE', #3853, .T. ) ;
#3100 = COLOUR_RGB ( '',0.6941176470588235059, 0.09803921568627450844, 0.09803921568627450844 ) ;
#3101 = ORIENTED_EDGE ( 'NONE', *, *, #4503, .T. ) ;
#3102 = DIRECTION ( 'NONE',  ( -0.000000000000000000, 1.000000000000000000, -0.000000000000000000 ) ) ;
#3103 = CARTESIAN_POINT ( 'NONE',  ( -0.009943910142702927848, 3.847639399120198256, 2.500000000000000000 ) ) ;
#3104 = EDGE_CURVE ( 'NONE', #566, #2996, #561, .T. ) ;
#3105 = EDGE_CURVE ( 'NONE', #3123, #6473, #3615, .T. ) ;
#3106 = CARTESIAN_POINT ( 'NONE',  ( -0.1914266700093761597, 4.556335268803418437, 2.500000000000000000 ) ) ;
#3107 = CARTESIAN_POINT ( 'NONE',  ( -5.349999999999998757, 0.2000000000000004274, 2.500000000000000444 ) ) ;
#3108 = CYLINDRICAL_SURFACE ( 'NONE', #1259, 0.009999999999999592548 ) ;
#3109 = STYLED_ITEM ( 'NONE', ( #5787 ), #1012 ) ;
#3110 = ORIENTED_EDGE ( 'NONE', *, *, #2253, .F. ) ;
#3111 =( GEOMETRIC_REPRESENTATION_CONTEXT ( 3 ) GLOBAL_UNCERTAINTY_ASSIGNED_CONTEXT ( ( #2292 ) ) GLOBAL_UNIT_ASSIGNED_CONTEXT ( ( #1891, #874, #5419 ) ) REPRESENTATION_CONTEXT ( 'NONE', 'WORKASPACE' ) );
#3112 = SURFACE_STYLE_USAGE ( .BOTH. , #682 ) ;
#3113 =( LENGTH_UNIT ( ) NAMED_UNIT ( * ) SI_UNIT ( .MILLI., .METRE. ) );
#3114 = EDGE_CURVE ( 'NONE', #251, #1211, #2108, .T. ) ;
#3115 = ORIENTED_EDGE ( 'NONE', *, *, #1694, .T. ) ;
#3116 = CARTESIAN_POINT ( 'NONE',  ( 2.662012414287930451, 6.900174402757759395, 2.499999999999999556 ) ) ;
#3117 = CARTESIAN_POINT ( 'NONE',  ( -0.6303165804679577988, 3.287720893873923078, -2.500000000000000444 ) ) ;
#3118 = EDGE_CURVE ( 'NONE', #2600, #147, #1720, .T. ) ;
#3119 = CARTESIAN_POINT ( 'NONE',  ( 3.800545451109779371, 3.816075528543677819, 2.499999999999999556 ) ) ;
#3120 = ORIENTED_EDGE ( 'NONE', *, *, #6252, .F. ) ;
#3121 = CARTESIAN_POINT ( 'NONE',  ( -0.4505418646870568145, 2.430784458637292644, -2.500000000000000444 ) ) ;
#3122 = EDGE_CURVE ( 'NONE', #4771, #4764, #1610, .T. ) ;
#3123 = VERTEX_POINT ( 'NONE', #3551 ) ;
#3124 = FILL_AREA_STYLE ('',( #56 ) ) ;
#3125 = CARTESIAN_POINT ( 'NONE',  ( -0.1130902999687842386, 4.747118681766793635, 2.500000000000000000 ) ) ;
#3126 = DIRECTION ( 'NONE',  ( 1.000000000000000000, 0.000000000000000000, 0.000000000000000000 ) ) ;
#3127 = CARTESIAN_POINT ( 'NONE',  ( -5.000000000000000000, -2.000000000000000000, 0.1500000000000000500 ) ) ;
#3128 =( GEOMETRIC_REPRESENTATION_CONTEXT ( 3 ) GLOBAL_UNCERTAINTY_ASSIGNED_CONTEXT ( ( #4793 ) ) GLOBAL_UNIT_ASSIGNED_CONTEXT ( ( #446, #3015, #2461 ) ) REPRESENTATION_CONTEXT ( 'NONE', 'WORKASPACE' ) );
#3129 = CARTESIAN_POINT ( 'NONE',  ( -1.432116681704146410, 4.903410205534906474, 2.500000000000000000 ) ) ;
#3130 = AXIS2_PLACEMENT_3D ( 'NONE', #3548, #5073, #5606 ) ;
#3131 = PRESENTATION_LAYER_ASSIGNMENT (  '', '', ( #6110 ) ) ;
#3132 = AXIS2_PLACEMENT_3D ( 'NONE', #5698, #5092, #3631 ) ;
#3133 = ORIENTED_EDGE ( 'NONE', *, *, #14, .T. ) ;
#3134 = CARTESIAN_POINT ( 'NONE',  ( 6.299999999999998934, 0.5000000000000004441, 2.299999999999999822 ) ) ;
#3135 = EDGE_CURVE ( 'NONE', #5278, #3980, #541, .T. ) ;
#3136 = ORIENTED_EDGE ( 'NONE', *, *, #4404, .F. ) ;
#3137 = CARTESIAN_POINT ( 'NONE',  ( 0.5986153854289191223, 3.268879864794475676, -2.500000000000000888 ) ) ;
#3138 = CARTESIAN_POINT ( 'NONE',  ( 2.598756209163823439, 7.007918903798947774, 2.499999999999999556 ) ) ;
#3139 = CARTESIAN_POINT ( 'NONE',  ( -1.987202191960832254, 4.798291349476261125, 2.500000000000000000 ) ) ;
#3140 = CARTESIAN_POINT ( 'NONE',  ( -5.249999999999999112, 0.1000000000000004219, -2.500000000000000000 ) ) ;
#3141 = AXIS2_PLACEMENT_3D ( 'NONE', #5242, #656, #6206 ) ;
#3142 = DIRECTION ( 'NONE',  ( 0.000000000000000000, 0.000000000000000000, -1.000000000000000000 ) ) ;
#3143 = MECHANICAL_DESIGN_GEOMETRIC_PRESENTATION_REPRESENTATION (  '', ( #4935 ), #5992 ) ;
#3144 =( GEOMETRIC_REPRESENTATION_CONTEXT ( 3 ) GLOBAL_UNCERTAINTY_ASSIGNED_CONTEXT ( ( #4733 ) ) GLOBAL_UNIT_ASSIGNED_CONTEXT ( ( #5987, #3408, #1461 ) ) REPRESENTATION_CONTEXT ( 'NONE', 'WORKASPACE' ) );
#3145 = ORIENTED_EDGE ( 'NONE', *, *, #321, .T. ) ;
#3146 = DIRECTION ( 'NONE',  ( 0.000000000000000000, 0.000000000000000000, 1.000000000000000000 ) ) ;
#3147 = CARTESIAN_POINT ( 'NONE',  ( 6.379450001790368141, 10.83410893347789816, 2.379450001790369917 ) ) ;
#3148 = MECHANICAL_DESIGN_GEOMETRIC_PRESENTATION_REPRESENTATION (  '', ( #2089 ), #845 ) ;
#3149 = CARTESIAN_POINT ( 'NONE',  ( -0.2774422347807701250, 3.803255857087073810, 2.500000000000000000 ) ) ;
#3150 = CARTESIAN_POINT ( 'NONE',  ( 4.750000000000001776, 0.1000000000000004913, 2.499999999999998668 ) ) ;
#3151 = CARTESIAN_POINT ( 'NONE',  ( -0.4157570271522333383, 4.945945658413807955, 2.500000000000000000 ) ) ;
#3152 = EDGE_CURVE ( 'NONE', #2948, #4604, #5840, .T. ) ;
#3153 = CARTESIAN_POINT ( 'NONE',  ( -0.5910817024769086103, 4.225166437634586991, 2.500000000000000000 ) ) ;
#3154 = ORIENTED_EDGE ( 'NONE', *, *, #4859, .F. ) ;
#3155 = DIRECTION ( 'NONE',  ( -1.239088197126290570E-16, 0.000000000000000000, -1.000000000000000000 ) ) ;
#3156 = CARTESIAN_POINT ( 'NONE',  ( -6.379450001790357483, 10.83410893347784842, 2.379450001790329949 ) ) ;
#3157 = AXIS2_PLACEMENT_3D ( 'NONE', #5857, #1274, #5315 ) ;
#3158 = EDGE_CURVE ( 'NONE', #1421, #1565, #5574, .T. ) ;
#3159 = DIRECTION ( 'NONE',  ( 0.000000000000000000, 1.000000000000000000, 0.000000000000000000 ) ) ;
#3160 = ORIENTED_EDGE ( 'NONE', *, *, #2737, .T. ) ;
#3161 = CARTESIAN_POINT ( 'NONE',  ( -0.02474982812358193437, 2.287716660354924603, -2.500000000000000444 ) ) ;
#3162 = VERTEX_POINT ( 'NONE', #1074 ) ;
#3163 = CARTESIAN_POINT ( 'NONE',  ( 1.764690985716501626, 7.252852974186331458, 2.499999999999999556 ) ) ;
#3164 = CARTESIAN_POINT ( 'NONE',  ( -1.394099926539036360, 4.174447467539729395, 2.500000000000000000 ) ) ;
#3165 = EDGE_CURVE ( 'NONE', #1961, #5723, #1723, .T. ) ;
#3166 = CARTESIAN_POINT ( 'NONE',  ( -1.536268592057259852, 5.105534674931693218, 2.500000000000000000 ) ) ;
#3167 = VERTEX_POINT ( 'NONE', #3257 ) ;
#3168 = DIRECTION ( 'NONE',  ( -1.000000000000000000, 0.000000000000000000, 0.000000000000000000 ) ) ;
#3169 = EDGE_LOOP ( 'NONE', ( #5665, #4948, #3586, #4454 ) ) ;
#3170 = LINE ( 'NONE', #2186, #5198 ) ;
#3171 = PRESENTATION_STYLE_ASSIGNMENT (( #1179 ) ) ;
#3172 = SURFACE_STYLE_USAGE ( .BOTH. , #2605 ) ;
#3173 = B_SPLINE_CURVE_WITH_KNOTS ( 'NONE', 3,
 ( #450, #5879, #1353, #2435, #3353 ),
 .UNSPECIFIED., .F., .F.,
 ( 4, 1, 4 ),
 ( 0.000000000000000000, 0.5271548120356746026, 1.000000000000000000 ),
 .UNSPECIFIED. ) ;
#3174 = DIRECTION ( 'NONE',  ( -1.000000000000000000, 0.000000000000000000, 0.000000000000000000 ) ) ;
#3175 = ORIENTED_EDGE ( 'NONE', *, *, #5666, .F. ) ;
#3176 = CARTESIAN_POINT ( 'NONE',  ( -1.526175668364402327, 4.435884949777940456, 2.500000000000000000 ) ) ;
#3177 = CARTESIAN_POINT ( 'NONE',  ( 6.117559101153710266, 10.99995381846703602, 2.117559101153680512 ) ) ;
#3178 = VECTOR ( 'NONE', #2474, 1000.000000000000000 ) ;
#3179 = SURFACE_STYLE_FILL_AREA ( #5628 ) ;
#3180 = DIRECTION ( 'NONE',  ( -0.9922778767136679612, 0.1240347345892057196, 1.008590465289621211E-16 ) ) ;
#3181 =( LENGTH_UNIT ( ) NAMED_UNIT ( * ) SI_UNIT ( .MILLI., .METRE. ) );
#3182 = STYLED_ITEM ( 'NONE', ( #5862 ), #2750 ) ;
#3183 = LINE ( 'NONE', #5700, #3474 ) ;
#3184 = CARTESIAN_POINT ( 'NONE',  ( -0.6999999999999999556, 2.983104794274953786, -2.500000000000000444 ) ) ;
#3185 = ORIENTED_EDGE ( 'NONE', *, *, #3624, .F. ) ;
#3186 = CARTESIAN_POINT ( 'NONE',  ( -1.969534385991798198, 4.586184817057939789, 2.500000000000000000 ) ) ;
#3187 = SURFACE_STYLE_USAGE ( .BOTH. , #3219 ) ;
#3188 = CARTESIAN_POINT ( 'NONE',  ( 3.640439931629259718, 4.089208645426794853, 2.499999999999999556 ) ) ;
#3189 = VECTOR ( 'NONE', #4286, 1000.000000000000000 ) ;
#3190 = ORIENTED_EDGE ( 'NONE', *, *, #2963, .T. ) ;
#3191 = DIRECTION ( 'NONE',  ( -9.637352644315546235E-15, -1.000000000000000000, 9.795786256852348022E-31 ) ) ;
#3192 = AXIS2_PLACEMENT_3D ( 'NONE', #5249, #1215, #4211 ) ;
#3193 = LINE ( 'NONE', #3320, #5071 ) ;
#3194 = ORIENTED_EDGE ( 'NONE', *, *, #5094, .T. ) ;
#3195 = LINE ( 'NONE', #4165, #3975 ) ;
#3196 = LINE ( 'NONE', #2699, #237 ) ;
#3197 = FILL_AREA_STYLE ('',( #3677 ) ) ;
#3198 = EDGE_CURVE ( 'NONE', #2157, #4343, #2579, .T. ) ;
#3199 = LINE ( 'NONE', #4206, #1163 ) ;
#3200 = AXIS2_PLACEMENT_3D ( 'NONE', #492, #5482, #976 ) ;
#3201 = VERTEX_POINT ( 'NONE', #5274 ) ;
#3202 = EDGE_CURVE ( 'NONE', #5247, #4197, #5949, .T. ) ;
#3203 = ORIENTED_EDGE ( 'NONE', *, *, #6185, .F. ) ;
#3204 = CARTESIAN_POINT ( 'NONE',  ( 2.802777593966921721, 4.543348255816405334, 2.499999999999999556 ) ) ;
#3205 = MECHANICAL_DESIGN_GEOMETRIC_PRESENTATION_REPRESENTATION (  '', ( #2260 ), #4783 ) ;
#3206 = SURFACE_STYLE_USAGE ( .BOTH. , #1721 ) ;
#3207 = FACE_OUTER_BOUND ( 'NONE', #3703, .T. ) ;
#3208 = ADVANCED_FACE ( 'NONE', ( #2239 ), #2836, .F. ) ;
#3209 = COLOUR_RGB ( '',0.6941176470588235059, 0.09803921568627450844, 0.09803921568627450844 ) ;
#3210 = VERTEX_POINT ( 'NONE', #5335 ) ;
#3211 = LINE ( 'NONE', #4278, #2176 ) ;
#3212 = CARTESIAN_POINT ( 'NONE',  ( -3.735968066113272368, 8.025580246913603943, 2.500000000000000000 ) ) ;
#3213 = CARTESIAN_POINT ( 'NONE',  ( 3.787761360200688987, 4.543348255816405334, 2.499999999999999556 ) ) ;
#3214 = FILL_AREA_STYLE ('',( #3730 ) ) ;
#3215 = CARTESIAN_POINT ( 'NONE',  ( -6.242960422516522279, 10.95279564025747554, -2.242960422516547592 ) ) ;
#3216 = ORIENTED_EDGE ( 'NONE', *, *, #5798, .F. ) ;
#3217 = MECHANICAL_DESIGN_GEOMETRIC_PRESENTATION_REPRESENTATION (  '', ( #6507 ), #5648 ) ;
#3218 =( NAMED_UNIT ( * ) PLANE_ANGLE_UNIT ( ) SI_UNIT ( $, .RADIAN. ) );
#3219 = SURFACE_SIDE_STYLE ('',( #1194 ) ) ;
#3220 = CARTESIAN_POINT ( 'NONE',  ( -1.839356864814571502, 8.025580246913603943, 2.500000000000000000 ) ) ;
#3221 = ORIENTED_EDGE ( 'NONE', *, *, #3059, .T. ) ;
#3222 = FACE_OUTER_BOUND ( 'NONE', #2841, .T. ) ;
#3223 = DIRECTION ( 'NONE',  ( 0.5056715232898540968, 0.8627260924150367272, -5.139845288577320541E-17 ) ) ;
#3224 = ORIENTED_EDGE ( 'NONE', *, *, #3158, .F. ) ;
#3225 = DIRECTION ( 'NONE',  ( 0.000000000000000000, -1.000000000000000000, 0.000000000000000000 ) ) ;
#3226 =( NAMED_UNIT ( * ) PLANE_ANGLE_UNIT ( ) SI_UNIT ( $, .RADIAN. ) );
#3227 = VERTEX_POINT ( 'NONE', #3778 ) ;
#3228 = SURFACE_SIDE_STYLE ('',( #630 ) ) ;
#3229 = EDGE_LOOP ( 'NONE', ( #6510, #1141, #2903, #3044 ) ) ;
#3230 = CARTESIAN_POINT ( 'NONE',  ( -0.5162666989443319698, 3.975777608461344315, 2.500000000000000000 ) ) ;
#3231 = CARTESIAN_POINT ( 'NONE',  ( -2.003239591646865048, 4.994889988564696459, 2.500000000000000000 ) ) ;
#3232 = CARTESIAN_POINT ( 'NONE',  ( -1.706341442736648784, 3.796595009063158610, 2.500000000000000000 ) ) ;
#3233 = AXIS2_PLACEMENT_3D ( 'NONE', #787, #2205, #3249 ) ;
#3234 = AXIS2_PLACEMENT_3D ( 'NONE', #2100, #1666, #4098 ) ;
#3235 = EDGE_CURVE ( 'NONE', #3914, #4498, #6237, .T. ) ;
#3236 = VERTEX_POINT ( 'NONE', #2700 ) ;
#3237 = CARTESIAN_POINT ( 'NONE',  ( -6.399999999999999467, 0.2000000000000022593, 2.500000000000000444 ) ) ;
#3238 = CARTESIAN_POINT ( 'NONE',  ( -0.3468769007127399662, 3.825282703442384413, 2.500000000000000000 ) ) ;
#3239 = SURFACE_STYLE_USAGE ( .BOTH. , #3723 ) ;
#3240 = CARTESIAN_POINT ( 'NONE',  ( -0.2793933907885969292, 4.712179424647574777, 2.500000000000000000 ) ) ;
#3241 =( GEOMETRIC_REPRESENTATION_CONTEXT ( 3 ) GLOBAL_UNCERTAINTY_ASSIGNED_CONTEXT ( ( #904 ) ) GLOBAL_UNIT_ASSIGNED_CONTEXT ( ( #3066, #33, #5050 ) ) REPRESENTATION_CONTEXT ( 'NONE', 'WORKASPACE' ) );
#3242 = PRESENTATION_LAYER_ASSIGNMENT (  '', '', ( #945 ) ) ;
#3243 = SURFACE_STYLE_FILL_AREA ( #340 ) ;
#3244 = CARTESIAN_POINT ( 'NONE',  ( 2.602353323378839178, 6.798713363796720976, 2.499999999999999556 ) ) ;
#3245 = ORIENTED_EDGE ( 'NONE', *, *, #5578, .F. ) ;
#3246 = SURFACE_SIDE_STYLE ('',( #3734 ) ) ;
#3247 = COLOUR_RGB ( '',0.6941176470588235059, 0.09803921568627450844, 0.09803921568627450844 ) ;
#3248 = B_SPLINE_CURVE_WITH_KNOTS ( 'NONE', 3,
 ( #3491, #1953, #3033, #1582, #2514 ),
 .UNSPECIFIED., .F., .F.,
 ( 4, 1, 4 ),
 ( 0.000000000000000000, 0.5271548120356771561, 1.000000000000000000 ),
 .UNSPECIFIED. ) ;
#3249 = DIRECTION ( 'NONE',  ( 1.000000000000000000, 0.000000000000000000, -3.388131789017202589E-17 ) ) ;
#3250 = ORIENTED_EDGE ( 'NONE', *, *, #1002, .T. ) ;
#3251 = COLOUR_RGB ( '',0.6941176470588235059, 0.09803921568627450844, 0.09803921568627450844 ) ;
#3252 = EDGE_CURVE ( 'NONE', #3079, #5889, #4455, .T. ) ;
#3253 = CARTESIAN_POINT ( 'NONE',  ( -3.598386897282103369, 7.668538850809706986, 2.500000000000000000 ) ) ;
#3254 = LINE ( 'NONE', #5206, #3909 ) ;
#3255 = VERTEX_POINT ( 'NONE', #5848 ) ;
#3256 = DIRECTION ( 'NONE',  ( -9.637352644315546235E-15, -1.000000000000000000, 0.000000000000000000 ) ) ;
#3257 = CARTESIAN_POINT ( 'NONE',  ( 3.128670451109778927, 4.190669684387834160, 2.499999999999999556 ) ) ;
#3258 = AXIS2_PLACEMENT_3D ( 'NONE', #4272, #4310, #1337 ) ;
#3259 = DIRECTION ( 'NONE',  ( -1.000000000000000000, 0.000000000000000000, 0.000000000000000000 ) ) ;
#3260 = CARTESIAN_POINT ( 'NONE',  ( 4.024431245456761452, 6.525580246913603943, 2.499999999999999556 ) ) ;
#3261 = ORIENTED_EDGE ( 'NONE', *, *, #3421, .T. ) ;
#3262 = EDGE_LOOP ( 'NONE', ( #4736, #5815, #1363, #1570 ) ) ;
#3263 = CARTESIAN_POINT ( 'NONE',  ( 0.4355468750000000000, 3.143651669274953431, -2.500000000000000888 ) ) ;
#3264 = CARTESIAN_POINT ( 'NONE',  ( 5.999999999999998224, 11.00000000000000000, 1.999999999999999112 ) ) ;
#3265 = PLANE ( 'NONE',  #3863 ) ;
#3266 = ADVANCED_FACE ( 'NONE', ( #1710 ), #2768, .F. ) ;
#3267 = CARTESIAN_POINT ( 'NONE',  ( -1.387951427819095196, 6.969064820342948607, 2.500000000000000000 ) ) ;
#3268 = CIRCLE ( 'NONE', #4427, 0.009999999999999592548 ) ;
#3269 = ORIENTED_EDGE ( 'NONE', *, *, #496, .T. ) ;
#3270 = CARTESIAN_POINT ( 'NONE',  ( 6.499999997475040203, 10.57915107069525185, 2.499999997475052638 ) ) ;
#3271 = DIRECTION ( 'NONE',  ( 0.000000000000000000, -1.000000000000000000, 0.000000000000000000 ) ) ;
#3272 = FILL_AREA_STYLE_COLOUR ( '', #5896 ) ;
#3273 = CARTESIAN_POINT ( 'NONE',  ( -1.493368759263292711, 5.282739881559451511, 2.500000000000000000 ) ) ;
#3274 =( GEOMETRIC_REPRESENTATION_CONTEXT ( 3 ) GLOBAL_UNCERTAINTY_ASSIGNED_CONTEXT ( ( #4351 ) ) GLOBAL_UNIT_ASSIGNED_CONTEXT ( ( #3003, #3919, #6015 ) ) REPRESENTATION_CONTEXT ( 'NONE', 'WORKASPACE' ) );
#3275 = ORIENTED_EDGE ( 'NONE', *, *, #1206, .T. ) ;
#3276 = FACE_OUTER_BOUND ( 'NONE', #906, .T. ) ;
#3277 = CARTESIAN_POINT ( 'NONE',  ( -6.436893216934543638, 10.75180943524419064, -2.349514573547642815 ) ) ;
#3278 = EDGE_LOOP ( 'NONE', ( #4239, #4080, #4589, #3627 ) ) ;
#3279 = EDGE_CURVE ( 'NONE', #1283, #4604, #4977, .T. ) ;
#3280 =( NAMED_UNIT ( * ) SI_UNIT ( $, .STERADIAN. ) SOLID_ANGLE_UNIT ( ) );
#3281 = STYLED_ITEM ( 'NONE', ( #627 ), #4565 ) ;
#3282 = ORIENTED_EDGE ( 'NONE', *, *, #283, .T. ) ;
#3283 = CARTESIAN_POINT ( 'NONE',  ( -3.322311410269116472, 6.525580246913603943, 2.500000000000000000 ) ) ;
#3284 = FILL_AREA_STYLE_COLOUR ( '', #1599 ) ;
#3285 = ORIENTED_EDGE ( 'NONE', *, *, #4268, .T. ) ;
#3286 = CARTESIAN_POINT ( 'NONE',  ( 6.242960422516571128, 10.95279564025747199, -2.242960422516573793 ) ) ;
#3287 = CARTESIAN_POINT ( 'NONE',  ( -2.033761339308642224, 4.212408126515512663, 2.500000000000000000 ) ) ;
#3288 = VECTOR ( 'NONE', #2868, 1000.000000000000000 ) ;
#3289 = FILL_AREA_STYLE ('',( #5273 ) ) ;
#3290 = FILL_AREA_STYLE ('',( #4775 ) ) ;
#3291 = MECHANICAL_DESIGN_GEOMETRIC_PRESENTATION_REPRESENTATION (  '', ( #2031 ), #4986 ) ;
#3292 = COLOUR_RGB ( '',0.6941176470588235059, 0.09803921568627450844, 0.09803921568627450844 ) ;
#3293 = CYLINDRICAL_SURFACE ( 'NONE', #4654, 0.1000000000000002554 ) ;
#3294 = ORIENTED_EDGE ( 'NONE', *, *, #3645, .F. ) ;
#3295 = EDGE_LOOP ( 'NONE', ( #5147, #1453, #3933, #1364 ) ) ;
#3296 = FILL_AREA_STYLE_COLOUR ( '', #1768 ) ;
#3297 = LINE ( 'NONE', #2846, #564 ) ;
#3298 = STYLED_ITEM ( 'NONE', ( #6275 ), #3208 ) ;
#3299 = CARTESIAN_POINT ( 'NONE',  ( 5.000000000000000000, 1.500000000000000000, -0.2499999999999995282 ) ) ;
#3300 = CARTESIAN_POINT ( 'NONE',  ( -6.299999999999999822, 0.000000000000000000, -2.300000000000000711 ) ) ;
#3301 = PRODUCT ( 'FKS3 PCM10 W5 H11 L13', 'FKS3 PCM10 W5 H11 L13', '', ( #2449 ) ) ;
#3302 = EDGE_LOOP ( 'NONE', ( #218, #94, #3860, #5481 ) ) ;
#3303 =( LENGTH_UNIT ( ) NAMED_UNIT ( * ) SI_UNIT ( .MILLI., .METRE. ) );
#3304 = FACE_OUTER_BOUND ( 'NONE', #3578, .T. ) ;
#3305 = LINE ( 'NONE', #4730, #1632 ) ;
#3306 = CARTESIAN_POINT ( 'NONE',  ( -1.247518891622092063, 4.114037648257746760, 2.500000000000000000 ) ) ;
#3307 = PRESENTATION_STYLE_ASSIGNMENT (( #1313 ) ) ;
#3308 = UNCERTAINTY_MEASURE_WITH_UNIT (LENGTH_MEASURE( 1.000000000000000082E-05 ), #6552, 'distance_accuracy_value', 'NONE');
#3309 =( NAMED_UNIT ( * ) PLANE_ANGLE_UNIT ( ) SI_UNIT ( $, .RADIAN. ) );
#3310 = ORIENTED_EDGE ( 'NONE', *, *, #597, .F. ) ;
#3311 = CARTESIAN_POINT ( 'NONE',  ( -1.692948585593791577, 3.971919684387833716, 2.500000000000000000 ) ) ;
#3312 = VERTEX_POINT ( 'NONE', #2342 ) ;
#3313 = CARTESIAN_POINT ( 'NONE',  ( -0.1269471953538554576, 3.964044374353740796, 2.500000000000000000 ) ) ;
#3314 = ORIENTED_EDGE ( 'NONE', *, *, #5741, .T. ) ;
#3315 = EDGE_CURVE ( 'NONE', #4563, #5103, #1387, .T. ) ;
#3316 = B_SPLINE_CURVE_WITH_KNOTS ( 'NONE', 3,
 ( #3471, #38, #3628, #1623, #1651, #5190, #5121, #1087, #5694, #2158, #3176, #2192, #2122, #2087, #5656, #6187, #4088, #2055, #159 ),
 .UNSPECIFIED., .F., .F.,
 ( 4, 1, 1, 1, 1, 1, 1, 1, 1, 1, 1, 1, 1, 1, 1, 1, 4 ),
 ( 0.000000000000000000, 0.06282749138136049794, 0.1223726895779749801, 0.1803837658619592277, 0.2364891989894691571, 0.2926289502320347236, 0.3503980605968401441, 0.4101926792197947425, 0.4734229773823771525, 0.5102124852509644093, 0.5552799601987788991, 0.6084730122619773640, 0.6698570376582471120, 0.7400379641843830569, 0.8179174674906487530, 0.9048122599055260507, 1.000000000000000000 ),
 .UNSPECIFIED. ) ;
#3317 = VECTOR ( 'NONE', #811, 1000.000000000000000 ) ;
#3318 = PRESENTATION_STYLE_ASSIGNMENT (( #4905 ) ) ;
#3319 = ADVANCED_FACE ( 'NONE', ( #3456 ), #5476, .F. ) ;
#3320 = CARTESIAN_POINT ( 'NONE',  ( 2.602353323378839178, 6.798713363796720976, 2.499999999999999556 ) ) ;
#3321 = ORIENTED_EDGE ( 'NONE', *, *, #4352, .F. ) ;
#3322 = CARTESIAN_POINT ( 'NONE',  ( 6.399999999999999467, 10.49999999999999822, -2.500000000000001332 ) ) ;
#3323 = CARTESIAN_POINT ( 'NONE',  ( -0.01807785016307302678, 4.476727921948137734, 2.500000000000000000 ) ) ;
#3324 = EDGE_CURVE ( 'NONE', #4717, #2315, #6378, .T. ) ;
#3325 = PRESENTATION_STYLE_ASSIGNMENT (( #5744 ) ) ;
#3326 = CARTESIAN_POINT ( 'NONE',  ( -5.239999999999998437, -3.108558907404501873E-17, 2.299999999999999822 ) ) ;
#3327 = EDGE_CURVE ( 'NONE', #2866, #5549, #422, .T. ) ;
#3328 = EDGE_CURVE ( 'NONE', #1182, #6211, #1880, .T. ) ;
#3329 = UNCERTAINTY_MEASURE_WITH_UNIT (LENGTH_MEASURE( 1.000000000000000082E-05 ), #2304, 'distance_accuracy_value', 'NONE');
#3330 = LINE ( 'NONE', #834, #4546 ) ;
#3331 = COLOUR_RGB ( '',0.6941176470588235059, 0.09803921568627450844, 0.09803921568627450844 ) ;
#3332 = ORIENTED_EDGE ( 'NONE', *, *, #1007, .F. ) ;
#3333 = VERTEX_POINT ( 'NONE', #1000 ) ;
#3334 = CARTESIAN_POINT ( 'NONE',  ( -4.105184786892493776, 7.042118396264253732, 2.500000000000000000 ) ) ;
#3335 = CARTESIAN_POINT ( 'NONE',  ( 1.866495126434453811, 4.190669684387834160, 2.499999999999999556 ) ) ;
#3336 = B_SPLINE_CURVE_WITH_KNOTS ( 'NONE', 3,
 ( #1113, #3440, #5612, #6496, #3061, #1548, #1140, #4171, #3555, #2637, #6147 ),
 .UNSPECIFIED., .F., .F.,
 ( 4, 1, 1, 1, 1, 1, 1, 1, 4 ),
 ( 0.000000000000000000, 0.1114944938940529706, 0.2242212952306936180, 0.3433215085531499122, 0.4730358046307088227, 0.6071596553302567312, 0.7347146275708489327, 0.8647424600424661323, 1.000000000000000000 ),
 .UNSPECIFIED. ) ;
#3337 = EDGE_CURVE ( 'NONE', #566, #5790, #1447, .T. ) ;
#3338 = ORIENTED_EDGE ( 'NONE', *, *, #1778, .F. ) ;
#3339 = LINE ( 'NONE', #5900, #3917 ) ;
#3340 = CARTESIAN_POINT ( 'NONE',  ( -3.162510273905479341, 4.335961892180041133, 2.500000000000000000 ) ) ;
#3341 = CARTESIAN_POINT ( 'NONE',  ( -1.511946726811131070, 3.824677342132934310, 2.500000000000000000 ) ) ;
#3342 = CARTESIAN_POINT ( 'NONE',  ( 0.2609909829942154702, 4.236912481018610066, -2.500000000000000888 ) ) ;
#3343 = CARTESIAN_POINT ( 'NONE',  ( -0.4034457302765027120, 4.117327995961704623, 2.500000000000000000 ) ) ;
#3344 = ORIENTED_EDGE ( 'NONE', *, *, #5806, .T. ) ;
#3345 = CARTESIAN_POINT ( 'NONE',  ( 0.07044069485561958721, 5.196315885408314905, 2.499999999999999556 ) ) ;
#3346 = AXIS2_PLACEMENT_3D ( 'NONE', #3974, #4442, #1480 ) ;
#3347 = ORIENTED_EDGE ( 'NONE', *, *, #3235, .F. ) ;
#3348 = CARTESIAN_POINT ( 'NONE',  ( 0.5916115586494586909, 3.355098107377531225, -2.500000000000000888 ) ) ;
#3349 = EDGE_CURVE ( 'NONE', #4611, #6233, #4172, .T. ) ;
#3350 = STYLED_ITEM ( 'NONE', ( #6054 ), #6463 ) ;
#3351 = ORIENTED_EDGE ( 'NONE', *, *, #2120, .T. ) ;
#3352 = DIRECTION ( 'NONE',  ( 0.5061170637016741969, -0.8624647922263234401, -5.144373937475060500E-17 ) ) ;
#3353 = CARTESIAN_POINT ( 'NONE',  ( 3.789447479222995963, 7.076919532627890419, 2.499999999999999556 ) ) ;
#3354 = ORIENTED_EDGE ( 'NONE', *, *, #1993, .T. ) ;
#3355 = SURFACE_STYLE_FILL_AREA ( #5307 ) ;
#3356 = DIRECTION ( 'NONE',  ( 0.000000000000000000, -1.000000000000000000, 0.000000000000000000 ) ) ;
#3357 = CARTESIAN_POINT ( 'NONE',  ( -2.198203317482915864, 4.192888605411135394, 2.500000000000000000 ) ) ;
#3358 = PRESENTATION_LAYER_ASSIGNMENT (  '', '', ( #2614 ) ) ;
#3359 = SURFACE_SIDE_STYLE ('',( #2995 ) ) ;
#3360 = ORIENTED_EDGE ( 'NONE', *, *, #1806, .T. ) ;
#3361 = VECTOR ( 'NONE', #1497, 1000.000000000000114 ) ;
#3362 = VERTEX_POINT ( 'NONE', #6481 ) ;
#3363 = SURFACE_SIDE_STYLE ('',( #1365 ) ) ;
#3364 = SURFACE_SIDE_STYLE ('',( #493 ) ) ;
#3365 = CARTESIAN_POINT ( 'NONE',  ( 3.800545451109779371, 3.816075528543677819, 2.499999999999999556 ) ) ;
#3366 =( GEOMETRIC_REPRESENTATION_CONTEXT ( 3 ) GLOBAL_UNCERTAINTY_ASSIGNED_CONTEXT ( ( #6362 ) ) GLOBAL_UNIT_ASSIGNED_CONTEXT ( ( #805, #2712, #1246 ) ) REPRESENTATION_CONTEXT ( 'NONE', 'WORKASPACE' ) );
#3367 = VERTEX_POINT ( 'NONE', #5370 ) ;
#3368 = CARTESIAN_POINT ( 'NONE',  ( -0.1442535541721866876, 7.726670579751882428, 2.500000000000000000 ) ) ;
#3369 = UNCERTAINTY_MEASURE_WITH_UNIT (LENGTH_MEASURE( 1.000000000000000082E-05 ), #3303, 'distance_accuracy_value', 'NONE');
#3370 = PLANE ( 'NONE',  #2027 ) ;
#3371 = DIRECTION ( 'NONE',  ( 1.885568995626964287E-16, 0.000000000000000000, 1.000000000000000000 ) ) ;
#3372 = PRESENTATION_LAYER_ASSIGNMENT (  '', '', ( #5374 ) ) ;
#3373 = SURFACE_SIDE_STYLE ('',( #6018 ) ) ;
#3374 = DIRECTION ( 'NONE',  ( 0.000000000000000000, 0.000000000000000000, 1.000000000000000000 ) ) ;
#3375 = DIRECTION ( 'NONE',  ( 1.000000000000000000, -0.000000000000000000, -3.388131789017202589E-17 ) ) ;
#3376 = ORIENTED_EDGE ( 'NONE', *, *, #3991, .F. ) ;
#3377 =( NAMED_UNIT ( * ) PLANE_ANGLE_UNIT ( ) SI_UNIT ( $, .RADIAN. ) );
#3378 = FACE_BOUND ( 'NONE', #1070, .T. ) ;
#3379 = ORIENTED_EDGE ( 'NONE', *, *, #6031, .T. ) ;
#3380 = VECTOR ( 'NONE', #4403, 1000.000000000000000 ) ;
#3381 = ORIENTED_EDGE ( 'NONE', *, *, #1209, .F. ) ;
#3382 = DIRECTION ( 'NONE',  ( 0.5055407125233157828, 0.8628027514915665996, -5.138515676227958969E-17 ) ) ;
#3383 = CARTESIAN_POINT ( 'NONE',  ( 3.021121749811077617, 4.373908320751469958, 2.499999999999999556 ) ) ;
#3384 = EDGE_LOOP ( 'NONE', ( #364, #3709, #6483, #1914, #4269, #1597, #3250, #5306, #2577, #4883, #4768, #547, #4260, #3849, #5461, #4749, #5859 ) ) ;
#3385 = SURFACE_STYLE_USAGE ( .BOTH. , #5531 ) ;
#3386 = COLOUR_RGB ( '',0.6941176470588235059, 0.09803921568627450844, 0.09803921568627450844 ) ;
#3388 = CARTESIAN_POINT ( 'NONE',  ( -1.822999200925423002, 5.151403981050614256, 2.500000000000000000 ) ) ;
#3387 = CARTESIAN_POINT ( 'NONE',  ( -1.051308975204181984, 8.025580246913603943, 2.500000000000000000 ) ) ;
#3389 = DIRECTION ( 'NONE',  ( -1.000000000000000000, 0.000000000000000000, 0.000000000000000000 ) ) ;
#3390 = FACE_OUTER_BOUND ( 'NONE', #2665, .T. ) ;
#3391 = MECHANICAL_DESIGN_GEOMETRIC_PRESENTATION_REPRESENTATION (  '', ( #4223 ), #5827 ) ;
#3392 = CARTESIAN_POINT ( 'NONE',  ( 4.650000000000001243, 0.1000000000000004913, 12.49999999999999645 ) ) ;
#3393 = ORIENTED_EDGE ( 'NONE', *, *, #6031, .F. ) ;
#3394 = ORIENTED_EDGE ( 'NONE', *, *, #3878, .T. ) ;
#3395 = CARTESIAN_POINT ( 'NONE',  ( -0.3499999999999999223, 2.944042294274953342, -2.500000000000000444 ) ) ;
#3396 = LINE ( 'NONE', #3464, #2102 ) ;
#3397 = MECHANICAL_DESIGN_GEOMETRIC_PRESENTATION_REPRESENTATION (  '', ( #1604 ), #129 ) ;
#3398 = SURFACE_STYLE_FILL_AREA ( #2906 ) ;
#3399 = AXIS2_PLACEMENT_3D ( 'NONE', #6236, #3225, #3676 ) ;
#3400 = ORIENTED_EDGE ( 'NONE', *, *, #3118, .F. ) ;
#3401 = B_SPLINE_CURVE_WITH_KNOTS ( 'NONE', 3,
 ( #5568, #3052, #1188, #1481, #51, #4037, #3481, #6107, #1001, #5729, #6224, #2200, #4510, #2067, #19, #556, #1036, #6068, #2561 ),
 .UNSPECIFIED., .F., .F.,
 ( 4, 1, 1, 1, 1, 1, 1, 1, 1, 1, 1, 1, 1, 1, 1, 1, 4 ),
 ( 0.000000000000000000, 0.07873440133139739117, 0.1535873034585127361, 0.2243560392990874841, 0.2921102160913939261, 0.3570934123059965049, 0.4197680939602722594, 0.4806493576084649444, 0.5402799185669214799, 0.5989477704601414709, 0.6560316815841117366, 0.7123343828235287889, 0.7681152404421208724, 0.8246273202553449089, 0.8817432422022608574, 0.9400191451264191533, 1.000000000000000000 ),
 .UNSPECIFIED. ) ;
#3402 = CIRCLE ( 'NONE', #1111, 0.1500000000000003830 ) ;
#3403 = VECTOR ( 'NONE', #2216, 1000.000000000000000 ) ;
#3404 = SURFACE_STYLE_USAGE ( .BOTH. , #6391 ) ;
#3405 = PLANE ( 'NONE',  #117 ) ;
#3406 = SURFACE_SIDE_STYLE ('',( #2909 ) ) ;
#3407 = EDGE_CURVE ( 'NONE', #4611, #5247, #4818, .T. ) ;
#3408 =( NAMED_UNIT ( * ) PLANE_ANGLE_UNIT ( ) SI_UNIT ( $, .RADIAN. ) );
#3409 =( LENGTH_UNIT ( ) NAMED_UNIT ( * ) SI_UNIT ( .MILLI., .METRE. ) );
#3410 = UNCERTAINTY_MEASURE_WITH_UNIT (LENGTH_MEASURE( 1.000000000000000082E-05 ), #3790, 'distance_accuracy_value', 'NONE');
#3411 = EDGE_CURVE ( 'NONE', #2987, #4467, #3944, .T. ) ;
#3412 = ORIENTED_EDGE ( 'NONE', *, *, #582, .F. ) ;
#3413 = PRESENTATION_STYLE_ASSIGNMENT (( #5494 ) ) ;
#3414 = CARTESIAN_POINT ( 'NONE',  ( 0.1095992415447099022, 5.133522348540201286, 2.499999999999999556 ) ) ;
#3415 = ORIENTED_EDGE ( 'NONE', *, *, #2029, .T. ) ;
#3416 = CARTESIAN_POINT ( 'NONE',  ( 3.640439931629259718, 4.292333645426794853, 2.499999999999999556 ) ) ;
#3417 = COLOUR_RGB ( '',0.6941176470588235059, 0.09803921568627450844, 0.09803921568627450844 ) ;
#3418 = VERTEX_POINT ( 'NONE', #901 ) ;
#3419 = PRESENTATION_STYLE_ASSIGNMENT (( #515 ) ) ;
#3420 = CARTESIAN_POINT ( 'NONE',  ( 3.173781894807410797, 6.798713363796720976, 2.499999999999999556 ) ) ;
#3421 = EDGE_CURVE ( 'NONE', #1283, #2827, #1763, .T. ) ;
#3422 = ORIENTED_EDGE ( 'NONE', *, *, #2377, .T. ) ;
#3423 =( LENGTH_UNIT ( ) NAMED_UNIT ( * ) SI_UNIT ( .MILLI., .METRE. ) );
#3425 = CARTESIAN_POINT ( 'NONE',  ( 5.249999999999999112, 11.00000000000000000, 2.499999999999999112 ) ) ;
#3424 = CARTESIAN_POINT ( 'NONE',  ( -1.051308975204181984, 8.025580246913603943, 2.500000000000000000 ) ) ;
#3426 = DIRECTION ( 'NONE',  ( -1.239088197126290570E-16, -0.000000000000000000, -1.000000000000000000 ) ) ;
#3427 = SURFACE_STYLE_USAGE ( .BOTH. , #1418 ) ;
#3428 = ORIENTED_EDGE ( 'NONE', *, *, #2537, .T. ) ;
#3429 = CARTESIAN_POINT ( 'NONE',  ( 2.602353323378839178, 7.001838363796720976, 2.499999999999999556 ) ) ;
#3430 = ORIENTED_CLOSED_SHELL ( 'NONE', *, #2321, .F. );
#3431 = VERTEX_POINT ( 'NONE', #6035 ) ;
#3432 = VERTEX_POINT ( 'NONE', #2101 ) ;
#3433 = CARTESIAN_POINT ( 'NONE',  ( -0.3260034608445646631, 3.112318843992593731, -2.500000000000000444 ) ) ;
#3434 = LINE ( 'NONE', #4850, #2942 ) ;
#3435 = DIRECTION ( 'NONE',  ( 0.000000000000000000, 0.000000000000000000, -1.000000000000000000 ) ) ;
#3436 = VERTEX_POINT ( 'NONE', #5131 ) ;
#3437 = CARTESIAN_POINT ( 'NONE',  ( -5.000000000000000000, -1.900000000000000133, -3.406857464491785501E-16 ) ) ;
#3438 = CARTESIAN_POINT ( 'NONE',  ( -2.207964819360025643, 4.303088515556664717, 2.500000000000000000 ) ) ;
#3439 = DIRECTION ( 'NONE',  ( -1.000000000000000000, 0.000000000000000000, 1.016439536705160653E-16 ) ) ;
#3440 = CARTESIAN_POINT ( 'NONE',  ( 0.6447533123789053189, 2.777954248105999113, -2.500000000000000888 ) ) ;
#3441 = ORIENTED_EDGE ( 'NONE', *, *, #3959, .F. ) ;
#3442 = CARTESIAN_POINT ( 'NONE',  ( -0.1060248766976122498, 7.837845126427591680, 2.500000000000000000 ) ) ;
#3443 = FACE_BOUND ( 'NONE', #1817, .T. ) ;
#3444 = ORIENTED_EDGE ( 'NONE', *, *, #4503, .F. ) ;
#3445 = CARTESIAN_POINT ( 'NONE',  ( -0.1189565134693102849, 4.545384262205389270, 2.500000000000000000 ) ) ;
#3446 = CARTESIAN_POINT ( 'NONE',  ( 3.592550321239649680, 4.373908320751469958, 2.499999999999999556 ) ) ;
#3447 = EDGE_CURVE ( 'NONE', #1299, #5215, #4671, .T. ) ;
#3448 = AXIS2_PLACEMENT_3D ( 'NONE', #4194, #3573, #2657 ) ;
#3449 = ORIENTED_EDGE ( 'NONE', *, *, #3337, .F. ) ;
#3450 = CARTESIAN_POINT ( 'NONE',  ( -3.678439657022363640, 7.668538850809706986, 2.500000000000000000 ) ) ;
#3451 = DIRECTION ( 'NONE',  ( 0.000000000000000000, 0.000000000000000000, -1.000000000000000000 ) ) ;
#3452 = ORIENTED_EDGE ( 'NONE', *, *, #5197, .T. ) ;
#3453 = CARTESIAN_POINT ( 'NONE',  ( -0.4143947603834355342, 4.955514069010210854, 2.500000000000000000 ) ) ;
#3455 = DIRECTION ( 'NONE',  ( 0.000000000000000000, -0.000000000000000000, -1.000000000000000000 ) ) ;
#3454 = DIRECTION ( 'NONE',  ( 0.5055407125233157828, 0.8628027514915665996, -5.138515676227958969E-17 ) ) ;
#3456 = FACE_OUTER_BOUND ( 'NONE', #1288, .T. ) ;
#3457 = COLOUR_RGB ( '',0.8313725490196077761, 0.8392156862745098200, 0.8313725490196077761 ) ;
#3458 = CARTESIAN_POINT ( 'NONE',  ( -2.068584742934229670, 3.932451068846306352, 2.500000000000000000 ) ) ;
#3459 = EDGE_CURVE ( 'NONE', #2981, #4132, #586, .T. ) ;
#3460 = UNCERTAINTY_MEASURE_WITH_UNIT (LENGTH_MEASURE( 1.000000000000000082E-05 ), #5651, 'distance_accuracy_value', 'NONE');
#3461 = ORIENTED_EDGE ( 'NONE', *, *, #3411, .T. ) ;
#3462 = CARTESIAN_POINT ( 'NONE',  ( 1.778832788772116036, 4.543348255816405334, 2.499999999999999556 ) ) ;
#3463 = ORIENTED_EDGE ( 'NONE', *, *, #957, .F. ) ;
#3464 = CARTESIAN_POINT ( 'NONE',  ( 3.233440985716502070, 6.900174402757759395, 2.499999999999999556 ) ) ;
#3465 = ORIENTED_EDGE ( 'NONE', *, *, #6196, .F. ) ;
#3466 = CARTESIAN_POINT ( 'NONE',  ( 2.030924751950267559, 7.001838363796720976, 2.499999999999999556 ) ) ;
#3467 = CARTESIAN_POINT ( 'NONE',  ( -4.749999999999999112, 0.01000000000000002970, 2.500000000000000444 ) ) ;
#3468 = AXIS2_PLACEMENT_3D ( 'NONE', #1302, #5220, #223 ) ;
#3469 = FACE_OUTER_BOUND ( 'NONE', #116, .T. ) ;
#3470 = ORIENTED_EDGE ( 'NONE', *, *, #220, .F. ) ;
#3471 = CARTESIAN_POINT ( 'NONE',  ( -1.389783001178207300, 4.228819035037184371, 2.500000000000000000 ) ) ;
#3472 = DIRECTION ( 'NONE',  ( -1.239088197126290570E-16, -0.000000000000000000, -1.000000000000000000 ) ) ;
#3473 = CARTESIAN_POINT ( 'NONE',  ( 0.05177544038023419032, 4.266258158413807067, 2.499999999999999556 ) ) ;
#3474 = VECTOR ( 'NONE', #166, 1000.000000000000000 ) ;
#3475 = ORIENTED_EDGE ( 'NONE', *, *, #4534, .F. ) ;
#3476 = EDGE_CURVE ( 'NONE', #4359, #3682, #1451, .T. ) ;
#3477 = VERTEX_POINT ( 'NONE', #1100 ) ;
#3478 = CARTESIAN_POINT ( 'NONE',  ( 3.734111750541629249, 7.020599565337423797, 2.499999999999999556 ) ) ;
#3479 = FACE_OUTER_BOUND ( 'NONE', #23, .T. ) ;
#3480 = DIRECTION ( 'NONE',  ( 0.5061170637016741969, -0.8624647922263234401, -5.144373937475060500E-17 ) ) ;
#3481 = CARTESIAN_POINT ( 'NONE',  ( -0.5092922069142261643, 5.159207293551840934, 2.500000000000000000 ) ) ;
#3482 = VERTEX_POINT ( 'NONE', #2501 ) ;
#3483 = VECTOR ( 'NONE', #2782, 1000.000000000000000 ) ;
#3484 = ORIENTED_EDGE ( 'NONE', *, *, #2237, .T. ) ;
#3485 = CARTESIAN_POINT ( 'NONE',  ( -4.214458325853531306, 4.497893710361859476, 2.500000000000000000 ) ) ;
#3486 = FILL_AREA_STYLE ('',( #5483 ) ) ;
#3487 = LINE ( 'NONE', #3950, #6441 ) ;
#3488 = VECTOR ( 'NONE', #3524, 1000.000000000000000 ) ;
#3489 = B_SPLINE_CURVE_WITH_KNOTS ( 'NONE', 3,
 ( #832, #2930, #5884, #1359, #2410, #6379, #4473, #6442, #2838, #3458, #1912, #4843, #5336, #5477, #2471, #3357, #5411, #971, #1881 ),
 .UNSPECIFIED., .F., .F.,
 ( 4, 1, 1, 1, 1, 1, 1, 1, 1, 1, 1, 1, 1, 1, 1, 1, 4 ),
 ( 0.000000000000000000, 0.06906221142851841355, 0.1347658792836470276, 0.1976107057024328872, 0.2585282108425823178, 0.3181274252810148417, 0.3770582660618971849, 0.4356857915191240105, 0.4947336263914079990, 0.5540911070636512781, 0.6133334186580049474, 0.6729241889746491179, 0.7340655047106265929, 0.7962987887860584202, 0.8612408916846037155, 0.9289703310657811963, 1.000000000000000000 ),
 .UNSPECIFIED. ) ;
#3490 = ORIENTED_EDGE ( 'NONE', *, *, #1326, .T. ) ;
#3491 = CARTESIAN_POINT ( 'NONE',  ( 2.602353323378839178, 7.001838363796720976, 2.499999999999999556 ) ) ;
#3492 = VECTOR ( 'NONE', #5749, 1000.000000000000114 ) ;
#3493 =( GEOMETRIC_REPRESENTATION_CONTEXT ( 3 ) GLOBAL_UNCERTAINTY_ASSIGNED_CONTEXT ( ( #4154 ) ) GLOBAL_UNIT_ASSIGNED_CONTEXT ( ( #4083, #1646, #6152 ) ) REPRESENTATION_CONTEXT ( 'NONE', 'WORKASPACE' ) );
#3494 = DIRECTION ( 'NONE',  ( -0.2266922687168954065, -0.9739664343826162085, 2.304189845892429521E-17 ) ) ;
#3495 = VECTOR ( 'NONE', #6184, 1000.000000000000000 ) ;
#3496 = VERTEX_POINT ( 'NONE', #3085 ) ;
#3497 = LINE ( 'NONE', #6055, #2373 ) ;
#3498 = DIRECTION ( 'NONE',  ( -0.000000000000000000, -1.000000000000000000, -0.000000000000000000 ) ) ;
#3499 = CYLINDRICAL_SURFACE ( 'NONE', #2576, 0.1000000000000002554 ) ;
#3500 = EDGE_CURVE ( 'NONE', #588, #5782, #2588, .T. ) ;
#3501 = VERTEX_POINT ( 'NONE', #4006 ) ;
#3502 = DIRECTION ( 'NONE',  ( -1.000000000000000000, 8.470329472543348517E-16, 0.000000000000000000 ) ) ;
#3503 = DIRECTION ( 'NONE',  ( -0.5056996249503958873, 0.8627096205126201234, 5.140130924965538164E-17 ) ) ;
#3504 = ORIENTED_EDGE ( 'NONE', *, *, #626, .T. ) ;
#3505 = CARTESIAN_POINT ( 'NONE',  ( 1.659920451109778261, 4.543348255816405334, 2.499999999999999556 ) ) ;
#3506 = STYLED_ITEM ( 'NONE', ( #4432 ), #5311 ) ;
#3508 = PRESENTATION_STYLE_ASSIGNMENT (( #3943 ) ) ;
#3507 = CARTESIAN_POINT ( 'NONE',  ( -0.6470595623109903771, 4.074840891318224578, -2.500000000000000444 ) ) ;
#3509 = CARTESIAN_POINT ( 'NONE',  ( 2.449693178382505998, 4.373908320751469958, 2.499999999999999556 ) ) ;
#3510 = FACE_OUTER_BOUND ( 'NONE', #3605, .T. ) ;
#3511 = EDGE_CURVE ( 'NONE', #3201, #5673, #4099, .T. ) ;
#3512 = EDGE_CURVE ( 'NONE', #6287, #698, #6505, .T. ) ;
#3513 = CIRCLE ( 'NONE', #5213, 0.2500000000000003886 ) ;
#3514 = ORIENTED_EDGE ( 'NONE', *, *, #616, .F. ) ;
#3515 = CARTESIAN_POINT ( 'NONE',  ( -0.3762508973215625829, 2.379908601554193481, -2.500000000000000444 ) ) ;
#3516 = ORIENTED_EDGE ( 'NONE', *, *, #5329, .T. ) ;
#3517 = FACE_BOUND ( 'NONE', #4511, .T. ) ;
#3518 = SURFACE_STYLE_USAGE ( .BOTH. , #25 ) ;
#3519 = DIRECTION ( 'NONE',  ( -0.000000000000000000, -0.000000000000000000, 1.000000000000000000 ) ) ;
#3520 = CYLINDRICAL_SURFACE ( 'NONE', #3871, 0.1000000000000002554 ) ;
#3521 = EDGE_CURVE ( 'NONE', #572, #825, #4036, .T. ) ;
#3522 = DIRECTION ( 'NONE',  ( 0.000000000000000000, 0.000000000000000000, 1.000000000000000000 ) ) ;
#3523 = ORIENTED_EDGE ( 'NONE', *, *, #205, .F. ) ;
#3524 = DIRECTION ( 'NONE',  ( -1.239088197126290570E-16, -0.000000000000000000, -1.000000000000000000 ) ) ;
#3525 = PLANE ( 'NONE',  #4398 ) ;
#3526 = SURFACE_STYLE_USAGE ( .BOTH. , #5185 ) ;
#3527 = DIRECTION ( 'NONE',  ( -0.5057030506726047925, -0.8627076124275367963, 5.140165745360487581E-17 ) ) ;
#3528 = EDGE_CURVE ( 'NONE', #1211, #410, #5132, .T. ) ;
#3529 = AXIS2_PLACEMENT_3D ( 'NONE', #6322, #4854, #5791 ) ;
#3530 = ORIENTED_EDGE ( 'NONE', *, *, #5867, .T. ) ;
#3531 = DIRECTION ( 'NONE',  ( 0.5056715232898533197, -0.8627260924150372823, -5.139845288577313145E-17 ) ) ;
#3532 = COLOUR_RGB ( '',0.6941176470588235059, 0.09803921568627450844, 0.09803921568627450844 ) ;
#3533 = CARTESIAN_POINT ( 'NONE',  ( -0.05511918599561741600, 4.511797045937798956, 2.500000000000000000 ) ) ;
#3534 = CARTESIAN_POINT ( 'NONE',  ( -2.153434097294133487, 5.051173844631748011, 2.500000000000000000 ) ) ;
#3535 = ORIENTED_EDGE ( 'NONE', *, *, #4692, .T. ) ;
#3536 = DIRECTION ( 'NONE',  ( 0.000000000000000000, 0.000000000000000000, 1.000000000000000000 ) ) ;
#3537 = DIRECTION ( 'NONE',  ( -1.000000000000000000, 0.000000000000000000, 0.000000000000000000 ) ) ;
#3538 = EDGE_LOOP ( 'NONE', ( #1644, #2945, #3077, #5301 ) ) ;
#3539 = CARTESIAN_POINT ( 'NONE',  ( -2.159436993271528493, 4.829449194245253096, 2.500000000000000000 ) ) ;
#3540 =( NAMED_UNIT ( * ) SI_UNIT ( $, .STERADIAN. ) SOLID_ANGLE_UNIT ( ) );
#3541 = CIRCLE ( 'NONE', #5330, 0.2500000000000003886 ) ;
#3542 = CARTESIAN_POINT ( 'NONE',  ( -5.000000000000000000, -1.900000000000000133, 0.1500000000000000500 ) ) ;
#3543 = DIRECTION ( 'NONE',  ( 1.000000000000000000, 0.000000000000000000, -1.016439536705160653E-16 ) ) ;
#3544 = VECTOR ( 'NONE', #6546, 1000.000000000000000 ) ;
#3545 = MECHANICAL_DESIGN_GEOMETRIC_PRESENTATION_REPRESENTATION (  '', ( #504 ), #2079 ) ;
#3546 = CARTESIAN_POINT ( 'NONE',  ( -0.6973007659005933112, 2.889658159670177806, -2.500000000000000444 ) ) ;
#3547 = ORIENTED_EDGE ( 'NONE', *, *, #5542, .T. ) ;
#3548 = CARTESIAN_POINT ( 'NONE',  ( -5.349999999999999645, 0.1000000000000004080, -2.300000000000001599 ) ) ;
#3549 = VECTOR ( 'NONE', #4751, 1000.000000000000000 ) ;
#3550 = PRESENTATION_STYLE_ASSIGNMENT (( #1486 ) ) ;
#3551 = CARTESIAN_POINT ( 'NONE',  ( 5.239999999999999325, -3.108558907404501873E-17, -2.500000000000001332 ) ) ;
#3552 = ADVANCED_FACE ( 'NONE', ( #2170 ), #6335, .F. ) ;
#3553 = CARTESIAN_POINT ( 'NONE',  ( -0.1007812499999999334, 3.612401669274953431, -2.500000000000000444 ) ) ;
#3554 = PRESENTATION_LAYER_ASSIGNMENT (  '', '', ( #1055 ) ) ;
#3555 = CARTESIAN_POINT ( 'NONE',  ( 0.5255626571573264183, 2.910993483259829873, -2.500000000000000888 ) ) ;
#3556 = VERTEX_POINT ( 'NONE', #2692 ) ;
#3557 =( LENGTH_UNIT ( ) NAMED_UNIT ( * ) SI_UNIT ( .MILLI., .METRE. ) );
#3558 = ORIENTED_EDGE ( 'NONE', *, *, #2114, .T. ) ;
#3559 = CARTESIAN_POINT ( 'NONE',  ( -2.964356864814571502, 8.025580246913603943, 2.500000000000000000 ) ) ;
#3560 = CARTESIAN_POINT ( 'NONE',  ( 4.750000000000000000, 0.01000000000000002970, -2.500000000000001332 ) ) ;
#3561 = CARTESIAN_POINT ( 'NONE',  ( 2.921689931629259274, 4.543348255816405334, 2.499999999999999556 ) ) ;
#3562 = VECTOR ( 'NONE', #4689, 1000.000000000000000 ) ;
#3563 = VERTEX_POINT ( 'NONE', #3220 ) ;
#3564 = CARTESIAN_POINT ( 'NONE',  ( 0.2076195962243901072, 4.268084457115107533, 2.499999999999999556 ) ) ;
#3565 = DIRECTION ( 'NONE',  ( -1.000000000000000000, 0.000000000000000000, -0.000000000000000000 ) ) ;
#3566 = CARTESIAN_POINT ( 'NONE',  ( -2.123786386334967080, 5.125605137691378488, 2.500000000000000000 ) ) ;
#3567 = STYLED_ITEM ( 'NONE', ( #191 ), #125 ) ;
#3568 = DIRECTION ( 'NONE',  ( -0.5056996249503958873, 0.8627096205126201234, 5.140130924965538164E-17 ) ) ;
#3569 = UNCERTAINTY_MEASURE_WITH_UNIT (LENGTH_MEASURE( 1.000000000000000082E-05 ), #1133, 'distance_accuracy_value', 'NONE');
#3570 = ORIENTED_EDGE ( 'NONE', *, *, #3122, .T. ) ;
#3571 = CIRCLE ( 'NONE', #2738, 0.009999999999999592548 ) ;
#3572 = VERTEX_POINT ( 'NONE', #1767 ) ;
#3573 = DIRECTION ( 'NONE',  ( -1.016439536705160653E-16, 0.000000000000000000, -1.000000000000000000 ) ) ;
#3574 = CARTESIAN_POINT ( 'NONE',  ( -5.249999999999997335, 0.1000000000000004219, 12.49999999999999822 ) ) ;
#3575 = PRESENTATION_LAYER_ASSIGNMENT (  '', '', ( #639 ) ) ;
#3576 = ORIENTED_EDGE ( 'NONE', *, *, #3500, .T. ) ;
#3577 = DIRECTION ( 'NONE',  ( -2.464095846557965385E-16, -1.000000000000000000, 3.053232080057890072E-32 ) ) ;
#3578 = EDGE_LOOP ( 'NONE', ( #3332, #2656, #1397, #1893 ) ) ;
#3579 = SURFACE_SIDE_STYLE ('',( #2505 ) ) ;
#3580 = DIRECTION ( 'NONE',  ( 0.000000000000000000, -1.000000000000000000, 0.000000000000000000 ) ) ;
#3581 = CARTESIAN_POINT ( 'NONE',  ( -5.000000000000000000, 1.500000000000000000, 0.2500000000000000555 ) ) ;
#3582 = CARTESIAN_POINT ( 'NONE',  ( 1.971265661041176953, 6.900174402757759395, 2.499999999999999556 ) ) ;
#3583 = EDGE_CURVE ( 'NONE', #4119, #558, #2795, .T. ) ;
#3584 = DIRECTION ( 'NONE',  ( -1.000000000000000000, 0.000000000000000000, 1.016439536705160653E-16 ) ) ;
#3585 = VERTEX_POINT ( 'NONE', #238 ) ;
#3586 = ORIENTED_EDGE ( 'NONE', *, *, #4264, .T. ) ;
#3587 = FILL_AREA_STYLE ('',( #569 ) ) ;
#3588 = CARTESIAN_POINT ( 'NONE',  ( -1.971705358758164106, 4.778458827948737664, 2.500000000000000000 ) ) ;
#3589 = SURFACE_STYLE_FILL_AREA ( #671 ) ;
#3590 = VECTOR ( 'NONE', #1579, 1000.000000000000114 ) ;
#3591 = FACE_OUTER_BOUND ( 'NONE', #4448, .T. ) ;
#3592 = EDGE_CURVE ( 'NONE', #3816, #3843, #5265, .T. ) ;
#3593 = AXIS2_PLACEMENT_3D ( 'NONE', #276, #6509, #6436 ) ;
#3594 = ORIENTED_EDGE ( 'NONE', *, *, #2242, .T. ) ;
#3595 = PLANE ( 'NONE',  #3529 ) ;
#3596 =( NAMED_UNIT ( * ) SI_UNIT ( $, .STERADIAN. ) SOLID_ANGLE_UNIT ( ) );
#3597 = VECTOR ( 'NONE', #3454, 1000.000000000000227 ) ;
#3598 = EDGE_CURVE ( 'NONE', #1627, #113, #4994, .T. ) ;
#3599 = FACE_OUTER_BOUND ( 'NONE', #5809, .T. ) ;
#3600 = LINE ( 'NONE', #4029, #1735 ) ;
#3601 = FILL_AREA_STYLE ('',( #642 ) ) ;
#3602 = VECTOR ( 'NONE', #3644, 1000.000000000000000 ) ;
#3603 = EDGE_CURVE ( 'NONE', #4921, #37, #5627, .T. ) ;
#3604 = ORIENTED_EDGE ( 'NONE', *, *, #4625, .T. ) ;
#3605 = EDGE_LOOP ( 'NONE', ( #674, #175, #6315, #5340 ) ) ;
#3606 = CARTESIAN_POINT ( 'NONE',  ( 2.554463712989229141, 7.083413039121395194, 2.499999999999999556 ) ) ;
#3607 = CARTESIAN_POINT ( 'NONE',  ( -0.2231430120455052679, 3.601361029771966038, -2.500000000000000444 ) ) ;
#3608 = EDGE_CURVE ( 'NONE', #3482, #2996, #2658, .T. ) ;
#3609 =( GEOMETRIC_REPRESENTATION_CONTEXT ( 3 ) GLOBAL_UNCERTAINTY_ASSIGNED_CONTEXT ( ( #1813 ) ) GLOBAL_UNIT_ASSIGNED_CONTEXT ( ( #87, #4204, #1675 ) ) REPRESENTATION_CONTEXT ( 'NONE', 'WORKASPACE' ) );
#3610 = VERTEX_POINT ( 'NONE', #5705 ) ;
#3611 = CARTESIAN_POINT ( 'NONE',  ( -0.5959375028414196640, 2.593181379622552019, -2.500000000000000444 ) ) ;
#3612 = ORIENTED_EDGE ( 'NONE', *, *, #3880, .T. ) ;
#3613 = SURFACE_SIDE_STYLE ('',( #4104 ) ) ;
#3614 = CYLINDRICAL_SURFACE ( 'NONE', #3399, 0.2500000000000003886 ) ;
#3615 = LINE ( 'NONE', #2073, #4879 ) ;
#3616 = CARTESIAN_POINT ( 'NONE',  ( 3.114122803898320413, 6.900174402757759395, 2.499999999999999556 ) ) ;
#3617 = VECTOR ( 'NONE', #3503, 1000.000000000000114 ) ;
#3618 = CARTESIAN_POINT ( 'NONE',  ( -1.558062816893061697, 5.120293939935849359, 2.500000000000000000 ) ) ;
#3619 = ORIENTED_EDGE ( 'NONE', *, *, #4492, .F. ) ;
#3620 = FILL_AREA_STYLE ('',( #4240 ) ) ;
#3621 = ORIENTED_EDGE ( 'NONE', *, *, #1164, .F. ) ;
#3622 = DIRECTION ( 'NONE',  ( 0.000000000000000000, -1.000000000000000000, 0.000000000000000000 ) ) ;
#3623 = CARTESIAN_POINT ( 'NONE',  ( 2.579876075093549215, 7.040393262179054368, 2.499999999999999556 ) ) ;
#3624 = EDGE_CURVE ( 'NONE', #1899, #3610, #1231, .T. ) ;
#3625 = CARTESIAN_POINT ( 'NONE',  ( -1.935237546632753158, 7.873084305355162016, 2.500000000000000000 ) ) ;
#3626 = VECTOR ( 'NONE', #1279, 1000.000000000000000 ) ;
#3627 = ORIENTED_EDGE ( 'NONE', *, *, #232, .F. ) ;
#3628 = CARTESIAN_POINT ( 'NONE',  ( -1.390770581110904347, 4.260589344342697871, 2.500000000000000000 ) ) ;
#3629 = CARTESIAN_POINT ( 'NONE',  ( 6.399999999795435990, 10.56546160611505769, 2.499999999999999112 ) ) ;
#3630 = CARTESIAN_POINT ( 'NONE',  ( -2.103126779440602778, 5.159384311555220926, 2.500000000000000000 ) ) ;
#3631 = DIRECTION ( 'NONE',  ( -1.000000000000000000, 0.000000000000000000, 1.016439536705160653E-16 ) ) ;
#3632 = EDGE_CURVE ( 'NONE', #6233, #4197, #1257, .T. ) ;
#3633 = MECHANICAL_DESIGN_GEOMETRIC_PRESENTATION_REPRESENTATION (  '', ( #6512 ), #1809 ) ;
#3634 = ORIENTED_EDGE ( 'NONE', *, *, #1247, .T. ) ;
#3635 = SURFACE_STYLE_USAGE ( .BOTH. , #2653 ) ;
#3636 = ORIENTED_EDGE ( 'NONE', *, *, #1653, .T. ) ;
#3637 = CARTESIAN_POINT ( 'NONE',  ( -4.750000000000059508, 6.300000000000014921, 2.299999999999999822 ) ) ;
#3638 = EDGE_CURVE ( 'NONE', #2254, #2907, #2714, .T. ) ;
#3639 = CARTESIAN_POINT ( 'NONE',  ( -0.1007812499999999334, 3.612401669274953431, -2.500000000000000444 ) ) ;
#3640 = LINE ( 'NONE', #1165, #563 ) ;
#3641 = ORIENTED_EDGE ( 'NONE', *, *, #3793, .F. ) ;
#3642 = CARTESIAN_POINT ( 'NONE',  ( 7.000000000000000888, 0.2000000000000000111, 12.49999999999999645 ) ) ;
#3643 = ORIENTED_EDGE ( 'NONE', *, *, #4518, .F. ) ;
#3644 = DIRECTION ( 'NONE',  ( 1.885568995626964040E-16, 0.000000000000000000, -1.000000000000000000 ) ) ;
#3645 = EDGE_CURVE ( 'NONE', #598, #3572, #1639, .T. ) ;
#3646 = FACE_OUTER_BOUND ( 'NONE', #807, .T. ) ;
#3647 = LINE ( 'NONE', #5576, #4329 ) ;
#3648 = MECHANICAL_DESIGN_GEOMETRIC_PRESENTATION_REPRESENTATION (  '', ( #6528 ), #830 ) ;
#3649 = ORIENTED_EDGE ( 'NONE', *, *, #5995, .F. ) ;
#3650 = ORIENTED_EDGE ( 'NONE', *, *, #3023, .T. ) ;
#3651 = CARTESIAN_POINT ( 'NONE',  ( 2.497582788772116036, 4.292333645426794853, 2.499999999999999556 ) ) ;
#3652 = CARTESIAN_POINT ( 'NONE',  ( -3.236820289040831078, 6.778158899606441246, 2.500000000000000000 ) ) ;
#3653 = VECTOR ( 'NONE', #5539, 1000.000000000000000 ) ;
#3654 = VECTOR ( 'NONE', #2457, 1000.000000000000000 ) ;
#3655 = ORIENTED_EDGE ( 'NONE', *, *, #3726, .F. ) ;
#3656 = CARTESIAN_POINT ( 'NONE',  ( 6.131267308959690077, 11.00000000000000000, 2.105013847167740426 ) ) ;
#3657 = LINE ( 'NONE', #1789, #348 ) ;
#3658 =( NAMED_UNIT ( * ) PLANE_ANGLE_UNIT ( ) SI_UNIT ( $, .RADIAN. ) );
#3659 = CARTESIAN_POINT ( 'NONE',  ( -6.299999999999999822, 6.299999999999999822, -2.300000000000000711 ) ) ;
#3660 = DIRECTION ( 'NONE',  ( -1.000000000000000000, 1.117056783772943269E-15, 0.000000000000000000 ) ) ;
#3661 = VECTOR ( 'NONE', #5212, 1000.000000000000000 ) ;
#3662 =( LENGTH_UNIT ( ) NAMED_UNIT ( * ) SI_UNIT ( .MILLI., .METRE. ) );
#3663 = CARTESIAN_POINT ( 'NONE',  ( -5.249999999999997335, 0.1000000000000004219, 12.49999999999999822 ) ) ;
#3664 = LINE ( 'NONE', #684, #3826 ) ;
#3665 = COLOUR_RGB ( '',0.6941176470588235059, 0.09803921568627450844, 0.09803921568627450844 ) ;
#3666 = ORIENTED_EDGE ( 'NONE', *, *, #239, .T. ) ;
#3667 = DIRECTION ( 'NONE',  ( -0.000000000000000000, 1.000000000000000000, -0.000000000000000000 ) ) ;
#3668 =( BOUNDED_CURVE ( )  B_SPLINE_CURVE ( 3, ( #697, #4208, #5216, #4649 ),
 .UNSPECIFIED., .F., .F. ) 
 B_SPLINE_CURVE_WITH_KNOTS ( ( 4, 4 ),
 ( 0.000000000000000000, 1.570796326794896558 ),
 .UNSPECIFIED. ) 
 CURVE ( )  GEOMETRIC_REPRESENTATION_ITEM ( )  RATIONAL_B_SPLINE_CURVE ( ( 1.000000000000000000, 0.8047378541243649375, 0.8047378541243649375, 1.000000000000000000 ) ) 
 REPRESENTATION_ITEM ( '' )  );
#3669 = FILL_AREA_STYLE_COLOUR ( '', #4381 ) ;
#3670 = MECHANICAL_DESIGN_GEOMETRIC_PRESENTATION_REPRESENTATION (  '', ( #3567 ), #3366 ) ;
#3671 = VERTEX_POINT ( 'NONE', #6176 ) ;
#3672 = ADVANCED_FACE ( 'NONE', ( #3517, #1009, #621 ), #6549, .F. ) ;
#3673 = CARTESIAN_POINT ( 'NONE',  ( -4.073884578459975536, 6.889571468245899055, 2.500000000000000000 ) ) ;
#3674 = VERTEX_POINT ( 'NONE', #118 ) ;
#3675 = COLOUR_RGB ( '',0.5882352941176470784, 0.5882352941176470784, 0.6313725490196078205 ) ;
#3676 = DIRECTION ( 'NONE',  ( 0.000000000000000000, 0.000000000000000000, -1.000000000000000000 ) ) ;
#3677 = FILL_AREA_STYLE_COLOUR ( '', #231 ) ;
#3678 = DIRECTION ( 'NONE',  ( -1.239088197126290570E-16, 0.000000000000000000, -1.000000000000000000 ) ) ;
#3679 = CARTESIAN_POINT ( 'NONE',  ( 3.335245126434454033, 4.543348255816405334, 2.499999999999999556 ) ) ;
#3680 = ORIENTED_EDGE ( 'NONE', *, *, #4881, .F. ) ;
#3681 = FILL_AREA_STYLE ('',( #1212 ) ) ;
#3682 = VERTEX_POINT ( 'NONE', #1608 ) ;
#3683 =( NAMED_UNIT ( * ) PLANE_ANGLE_UNIT ( ) SI_UNIT ( $, .RADIAN. ) );
#3684 = VECTOR ( 'NONE', #4520, 1000.000000000000000 ) ;
#3685 = ORIENTED_EDGE ( 'NONE', *, *, #3892, .F. ) ;
#3686 = LINE ( 'NONE', #5695, #6387 ) ;
#3687 = COLOUR_RGB ( '',0.6941176470588235059, 0.09803921568627450844, 0.09803921568627450844 ) ;
#3688 = FILL_AREA_STYLE ('',( #5157 ) ) ;
#3689 = SURFACE_SIDE_STYLE ('',( #229 ) ) ;
#3690 = CARTESIAN_POINT ( 'NONE',  ( -1.363703389217847839, 3.914669323015293134, 2.500000000000000000 ) ) ;
#3691 = PRESENTATION_LAYER_ASSIGNMENT (  '', '', ( #2543 ) ) ;
#3692 = EDGE_CURVE ( 'NONE', #1887, #3255, #6309, .T. ) ;
#3693 = CARTESIAN_POINT ( 'NONE',  ( 5.250000000000000000, 0.1000000000000004219, 2.499999999999998668 ) ) ;
#3694 = LINE ( 'NONE', #1697, #571 ) ;
#3695 = ORIENTED_EDGE ( 'NONE', *, *, #972, .F. ) ;
#3696 = CARTESIAN_POINT ( 'NONE',  ( 0.3210804487598336032, 2.765889838500769748, -2.500000000000000888 ) ) ;
#3697 = EDGE_CURVE ( 'NONE', #2370, #5247, #4043, .T. ) ;
#3698 = AXIS2_PLACEMENT_3D ( 'NONE', #4429, #5324, #343 ) ;
#3699 = VERTEX_POINT ( 'NONE', #2071 ) ;
#3700 = LINE ( 'NONE', #2208, #1408 ) ;
#3701 = AXIS2_PLACEMENT_3D ( 'NONE', #658, #88, #3126 ) ;
#3702 = DIRECTION ( 'NONE',  ( -0.5057030506726042374, -0.8627076124275370184, 5.140165745360481418E-17 ) ) ;
#3703 = EDGE_LOOP ( 'NONE', ( #3621, #1318, #3475, #2488, #3381, #5640, #4440, #550, #4478, #5438 ) ) ;
#3704 = CARTESIAN_POINT ( 'NONE',  ( -1.788122980083937108, 3.981689412269911799, 2.500000000000000000 ) ) ;
#3705 = CARTESIAN_POINT ( 'NONE',  ( -0.1788286688696258397, 4.718950661325845175, 2.500000000000000000 ) ) ;
#3706 = CARTESIAN_POINT ( 'NONE',  ( 5.000000000000000000, -1.900000000000000133, 8.839610526981747557E-16 ) ) ;
#3707 = SURFACE_STYLE_USAGE ( .BOTH. , #5682 ) ;
#3708 = FILL_AREA_STYLE_COLOUR ( '', #763 ) ;
#3709 = ORIENTED_EDGE ( 'NONE', *, *, #5745, .T. ) ;
#3710 =( NAMED_UNIT ( * ) PLANE_ANGLE_UNIT ( ) SI_UNIT ( $, .RADIAN. ) );
#3711 = ORIENTED_EDGE ( 'NONE', *, *, #5305, .T. ) ;
#3712 = LINE ( 'NONE', #5248, #4878 ) ;
#3713 = SURFACE_SIDE_STYLE ('',( #5855 ) ) ;
#3714 = DIRECTION ( 'NONE',  ( -0.000000000000000000, -1.000000000000000000, -0.000000000000000000 ) ) ;
#3715 = EDGE_CURVE ( 'NONE', #2981, #3367, #4071, .T. ) ;
#3716 = VECTOR ( 'NONE', #1662, 1000.000000000000000 ) ;
#3717 = EDGE_CURVE ( 'NONE', #5638, #5732, #24, .T. ) ;
#3718 = SURFACE_SIDE_STYLE ('',( #1722 ) ) ;
#3719 = CIRCLE ( 'NONE', #4354, 0.009999999999999592548 ) ;
#3720 = VERTEX_POINT ( 'NONE', #2106 ) ;
#3721 = FACE_OUTER_BOUND ( 'NONE', #2145, .T. ) ;
#3722 =( NAMED_UNIT ( * ) SI_UNIT ( $, .STERADIAN. ) SOLID_ANGLE_UNIT ( ) );
#3723 = SURFACE_SIDE_STYLE ('',( #2221 ) ) ;
#3724 =( NAMED_UNIT ( * ) SI_UNIT ( $, .STERADIAN. ) SOLID_ANGLE_UNIT ( ) );
#3725 = CARTESIAN_POINT ( 'NONE',  ( -1.457238516512300519, 3.848443069000737626, 2.500000000000000000 ) ) ;
#3726 = EDGE_CURVE ( 'NONE', #37, #6365, #2534, .T. ) ;
#3727 = LINE ( 'NONE', #2024, #3361 ) ;
#3728 = STYLED_ITEM ( 'NONE', ( #4758 ), #1831 ) ;
#3729 = APPLICATION_CONTEXT ( 'automotive_design' ) ;
#3730 = FILL_AREA_STYLE_COLOUR ( '', #1378 ) ;
#3731 = CARTESIAN_POINT ( 'NONE',  ( -5.999999999999999112, 11.00000000000000000, -1.999999999999999556 ) ) ;
#3732 = ORIENTED_EDGE ( 'NONE', *, *, #1013, .F. ) ;
#3733 = AXIS2_PLACEMENT_3D ( 'NONE', #1859, #5755, #297 ) ;
#3734 = SURFACE_STYLE_FILL_AREA ( #1732 ) ;
#3735 = CARTESIAN_POINT ( 'NONE',  ( -0.1615112517029516637, 5.177482843025743797, 2.500000000000000000 ) ) ;
#3736 = ORIENTED_EDGE ( 'NONE', *, *, #104, .F. ) ;
#3737 = DIRECTION ( 'NONE',  ( -1.000000000000000000, 0.000000000000000000, 0.000000000000000000 ) ) ;
#3738 = DIRECTION ( 'NONE',  ( -0.5054136732061080828, 0.8628771748842990474, 5.137224398380700146E-17 ) ) ;
#3739 =( GEOMETRIC_REPRESENTATION_CONTEXT ( 3 ) GLOBAL_UNCERTAINTY_ASSIGNED_CONTEXT ( ( #1790 ) ) GLOBAL_UNIT_ASSIGNED_CONTEXT ( ( #1340, #4314, #1689 ) ) REPRESENTATION_CONTEXT ( 'NONE', 'WORKASPACE' ) );
#3740 = VERTEX_POINT ( 'NONE', #1513 ) ;
#3741 = DIRECTION ( 'NONE',  ( -1.016439536705160653E-16, 0.000000000000000000, -1.000000000000000000 ) ) ;
#3742 =( NAMED_UNIT ( * ) SI_UNIT ( $, .STERADIAN. ) SOLID_ANGLE_UNIT ( ) );
#3743 = DIRECTION ( 'NONE',  ( 0.5055407125233157828, 0.8628027514915665996, -5.138515676227958969E-17 ) ) ;
#3744 =( NAMED_UNIT ( * ) PLANE_ANGLE_UNIT ( ) SI_UNIT ( $, .RADIAN. ) );
#3745 = VECTOR ( 'NONE', #3256, 1000.000000000000000 ) ;
#3746 = EDGE_CURVE ( 'NONE', #2246, #3162, #5106, .T. ) ;
#3747 = CARTESIAN_POINT ( 'NONE',  ( -6.300000000000000711, 6.299999999999999822, 2.299999999999999822 ) ) ;
#3748 = EDGE_LOOP ( 'NONE', ( #5450, #5765, #5854, #4513, #5511, #400, #2994, #5469, #4048, #1967, #6518, #1438, #6455, #3650, #6159, #3817, #6516, #3987, #1506 ) ) ;
#3749 = VERTEX_POINT ( 'NONE', #5044 ) ;
#3750 = CARTESIAN_POINT ( 'NONE',  ( -0.5895932123391035562, 4.209207252128862820, 2.500000000000000000 ) ) ;
#3751 = CARTESIAN_POINT ( 'NONE',  ( -1.568899368322704602, 4.628113737159316621, 2.500000000000000000 ) ) ;
#3752 = CARTESIAN_POINT ( 'NONE',  ( -1.739835539559466904, 5.160134808094968051, 2.500000000000000000 ) ) ;
#3753 = CARTESIAN_POINT ( 'NONE',  ( -1.406809620644912995, 6.908354903391847657, 2.500000000000000000 ) ) ;
#3754 = PRESENTATION_LAYER_ASSIGNMENT (  '', '', ( #5031 ) ) ;
#3755 = ORIENTED_EDGE ( 'NONE', *, *, #104, .T. ) ;
#3756 =( NAMED_UNIT ( * ) SI_UNIT ( $, .STERADIAN. ) SOLID_ANGLE_UNIT ( ) );
#3757 = DIRECTION ( 'NONE',  ( -0.5054136732061080828, 0.8628771748842990474, 5.137224398380700146E-17 ) ) ;
#3758 =( LENGTH_UNIT ( ) NAMED_UNIT ( * ) SI_UNIT ( .MILLI., .METRE. ) );
#3759 = CARTESIAN_POINT ( 'NONE',  ( -3.959689657022363196, 6.525580246913603943, 2.500000000000000000 ) ) ;
#3760 = CIRCLE ( 'NONE', #943, 0.2500000000000003886 ) ;
#3761 = FILL_AREA_STYLE ('',( #2786 ) ) ;
#3762 = COLOUR_RGB ( '',0.8313725490196077761, 0.8392156862745098200, 0.8313725490196077761 ) ;
#3763 = CARTESIAN_POINT ( 'NONE',  ( -1.605636740472423662, 5.323636452442195299, 2.500000000000000000 ) ) ;
#3764 = CARTESIAN_POINT ( 'NONE',  ( 2.789790580979908619, 3.816075528543677819, 2.499999999999999556 ) ) ;
#3765 = ORIENTED_EDGE ( 'NONE', *, *, #635, .F. ) ;
#3766 = FILL_AREA_STYLE_COLOUR ( '', #1157 ) ;
#3767 = CARTESIAN_POINT ( 'NONE',  ( -6.208794714927536873, 10.94611338752708285, -2.260993393659463724 ) ) ;
#3768 = ORIENTED_EDGE ( 'NONE', *, *, #6447, .F. ) ;
#3769 =( NAMED_UNIT ( * ) SI_UNIT ( $, .STERADIAN. ) SOLID_ANGLE_UNIT ( ) );
#3770 = FILL_AREA_STYLE_COLOUR ( '', #5670 ) ;
#3771 = ORIENTED_EDGE ( 'NONE', *, *, #5109, .F. ) ;
#3772 = VECTOR ( 'NONE', #2575, 1000.000000000000000 ) ;
#3773 = FACE_OUTER_BOUND ( 'NONE', #3070, .T. ) ;
#3774 = ORIENTED_EDGE ( 'NONE', *, *, #748, .T. ) ;
#3775 = CARTESIAN_POINT ( 'NONE',  ( 6.208794714927591052, 10.94611338752708285, -2.260993393659464612 ) ) ;
#3776 = CARTESIAN_POINT ( 'NONE',  ( -1.832511313726984392, 3.994572434188896626, 2.500000000000000000 ) ) ;
#3777 =( NAMED_UNIT ( * ) SI_UNIT ( $, .STERADIAN. ) SOLID_ANGLE_UNIT ( ) );
#3778 = CARTESIAN_POINT ( 'NONE',  ( 6.299999999999998046, 0.2000000000000000111, -2.300000000000000711 ) ) ;
#3779 = SURFACE_STYLE_FILL_AREA ( #3290 ) ;
#3780 = VERTEX_POINT ( 'NONE', #4548 ) ;
#3781 = ORIENTED_EDGE ( 'NONE', *, *, #1863, .F. ) ;
#3782 = CARTESIAN_POINT ( 'NONE',  ( -0.01796874999999995004, 3.337401669274953520, -2.500000000000000444 ) ) ;
#3783 = CARTESIAN_POINT ( 'NONE',  ( 6.499999999999999112, 10.79289321881345032, 2.399999999999999911 ) ) ;
#3784 = LINE ( 'NONE', #3299, #6434 ) ;
#3785 = AXIS2_PLACEMENT_3D ( 'NONE', #3663, #5096, #44 ) ;
#3786 = PRODUCT_RELATED_PRODUCT_CATEGORY ( 'part', '', ( #3301 ) ) ;
#3787 = ADVANCED_FACE ( 'NONE', ( #6075 ), #2592, .T. ) ;
#3788 = ORIENTED_EDGE ( 'NONE', *, *, #3198, .T. ) ;
#3789 = FILL_AREA_STYLE ('',( #6220 ) ) ;
#3790 =( LENGTH_UNIT ( ) NAMED_UNIT ( * ) SI_UNIT ( .MILLI., .METRE. ) );
#3791 = DIRECTION ( 'NONE',  ( 1.000000000000000000, 0.000000000000000000, -1.016439536705160653E-16 ) ) ;
#3792 = DIRECTION ( 'NONE',  ( -1.000000000000000000, 0.000000000000000000, 0.000000000000000000 ) ) ;
#3793 = EDGE_CURVE ( 'NONE', #5444, #5278, #2329, .T. ) ;
#3794 = CARTESIAN_POINT ( 'NONE',  ( 0.2433593750000000167, 4.237401669274952987, -2.500000000000000888 ) ) ;
#3795 = EDGE_CURVE ( 'NONE', #5918, #4183, #4773, .T. ) ;
#3796 = CARTESIAN_POINT ( 'NONE',  ( -0.2856790512500249068, 3.970240838620478385, 2.500000000000000000 ) ) ;
#3797 = VERTEX_POINT ( 'NONE', #2178 ) ;
#3798 = DIRECTION ( 'NONE',  ( 0.000000000000000000, 0.000000000000000000, -1.000000000000000000 ) ) ;
#3799 = CARTESIAN_POINT ( 'NONE',  ( -0.1924213542759216633, 5.335199309112451438, 2.500000000000000000 ) ) ;
#3800 = ORIENTED_EDGE ( 'NONE', *, *, #4109, .F. ) ;
#3801 = LINE ( 'NONE', #2726, #6514 ) ;
#3802 = SURFACE_STYLE_USAGE ( .BOTH. , #171 ) ;
#3803 = EDGE_CURVE ( 'NONE', #5472, #5768, #3195, .T. ) ;
#3804 = COLOUR_RGB ( '',0.6941176470588235059, 0.09803921568627450844, 0.09803921568627450844 ) ;
#3805 = EDGE_LOOP ( 'NONE', ( #3294, #2748, #6183, #1426, #3224, #1682, #6301, #2680, #3393, #1703, #2429, #5115, #5098, #1836, #6543 ) ) ;
#3806 = CARTESIAN_POINT ( 'NONE',  ( -0.8053674167626234670, 8.025580246913603943, 2.500000000000000000 ) ) ;
#3807 = ORIENTED_EDGE ( 'NONE', *, *, #1581, .T. ) ;
#3808 = CARTESIAN_POINT ( 'NONE',  ( 6.500000000000000000, 10.49999999999999822, -2.400000000000001243 ) ) ;
#3809 = CARTESIAN_POINT ( 'NONE',  ( 0.03449844198606889095, 4.383876372223152629, 2.499999999999999556 ) ) ;
#3810 = VECTOR ( 'NONE', #2438, 1000.000000000000000 ) ;
#3811 = DIRECTION ( 'NONE',  ( -1.000000000000000000, 0.000000000000000000, 0.000000000000000000 ) ) ;
#3812 = DIRECTION ( 'NONE',  ( 1.171416970435733203E-16, -0.000000000000000000, 1.000000000000000000 ) ) ;
#3813 = ADVANCED_FACE ( 'NONE', ( #5308 ), #1169, .F. ) ;
#3814 = VECTOR ( 'NONE', #3884, 1000.000000000000114 ) ;
#3815 = LINE ( 'NONE', #250, #4756 ) ;
#3816 = VERTEX_POINT ( 'NONE', #1293 ) ;
#3817 = ORIENTED_EDGE ( 'NONE', *, *, #6185, .T. ) ;
#3818 = DIRECTION ( 'NONE',  ( -0.000000000000000000, -0.000000000000000000, -1.000000000000000000 ) ) ;
#3819 = DIRECTION ( 'NONE',  ( 1.000000000000000000, 0.000000000000000000, -1.016439536705160653E-16 ) ) ;
#3820 = VECTOR ( 'NONE', #5210, 1000.000000000000000 ) ;
#3821 = CARTESIAN_POINT ( 'NONE',  ( 1.970391230330557297, 4.367414814257964295, 2.499999999999999556 ) ) ;
#3822 = SURFACE_STYLE_FILL_AREA ( #1338 ) ;
#3823 = ORIENTED_EDGE ( 'NONE', *, *, #4852, .T. ) ;
#3824 = CARTESIAN_POINT ( 'NONE',  ( 2.310145531171047040, 6.525580246913603943, 2.499999999999999556 ) ) ;
#3825 = DIRECTION ( 'NONE',  ( 0.000000000000000000, -1.000000000000000000, 0.000000000000000000 ) ) ;
#3826 = VECTOR ( 'NONE', #5701, 1000.000000000000114 ) ;
#3827 = CARTESIAN_POINT ( 'NONE',  ( -5.249999999999997335, 0.1000000000000004219, 12.49999999999999822 ) ) ;
#3828 = DIRECTION ( 'NONE',  ( 1.000000000000000000, 0.000000000000000000, -1.016439536705160653E-16 ) ) ;
#3829 = UNCERTAINTY_MEASURE_WITH_UNIT (LENGTH_MEASURE( 1.000000000000000082E-05 ), #3181, 'distance_accuracy_value', 'NONE');
#3830 = MECHANICAL_DESIGN_GEOMETRIC_PRESENTATION_REPRESENTATION (  '', ( #1325 ), #1016 ) ;
#3831 = LINE ( 'NONE', #6398, #1101 ) ;
#3832 = ORIENTED_EDGE ( 'NONE', *, *, #1137, .F. ) ;
#3833 =( LENGTH_UNIT ( ) NAMED_UNIT ( * ) SI_UNIT ( .MILLI., .METRE. ) );
#3834 = CARTESIAN_POINT ( 'NONE',  ( -6.400000000000000355, 10.49999999999999822, -2.500000000000000444 ) ) ;
#3835 = ORIENTED_EDGE ( 'NONE', *, *, #5666, .T. ) ;
#3836 = DIRECTION ( 'NONE',  ( 0.000000000000000000, 1.000000000000000000, 0.000000000000000000 ) ) ;
#3837 = B_SPLINE_CURVE_WITH_KNOTS ( 'NONE', 3,
 ( #949, #5423, #5547, #1459, #3889, #3005, #3466 ),
 .UNSPECIFIED., .F., .F.,
 ( 4, 1, 1, 1, 4 ),
 ( 0.000000000000000000, 0.2759400882070076610, 0.5327379385843445947, 0.7759418428336761764, 1.000000000000000000 ),
 .UNSPECIFIED. ) ;
#3838 = ORIENTED_EDGE ( 'NONE', *, *, #1786, .F. ) ;
#3839 = VECTOR ( 'NONE', #950, 1000.000000000000000 ) ;
#3840 = FACE_OUTER_BOUND ( 'NONE', #754, .T. ) ;
#3841 = EDGE_CURVE ( 'NONE', #3362, #4030, #2307, .T. ) ;
#3842 = CARTESIAN_POINT ( 'NONE',  ( -4.750000000000000000, 0.01000000000000002970, -2.300000000000001599 ) ) ;
#3843 = VERTEX_POINT ( 'NONE', #6501 ) ;
#3844 = CARTESIAN_POINT ( 'NONE',  ( 6.105013847167704455, 10.99999999999999822, -2.131267308959649220 ) ) ;
#3845 = CARTESIAN_POINT ( 'NONE',  ( 6.399999999999999467, 10.49999999999999822, -2.500000000000000888 ) ) ;
#3846 = CARTESIAN_POINT ( 'NONE',  ( -6.299999999999999822, 0.2000000000000000111, 2.299999999999999822 ) ) ;
#3847 = UNCERTAINTY_MEASURE_WITH_UNIT (LENGTH_MEASURE( 1.000000000000000082E-05 ), #6338, 'distance_accuracy_value', 'NONE');
#3848 = CARTESIAN_POINT ( 'NONE',  ( 0.1141980193791409248, 3.323540318148814343, -2.500000000000000888 ) ) ;
#3849 = ORIENTED_EDGE ( 'NONE', *, *, #635, .T. ) ;
#3850 = VERTEX_POINT ( 'NONE', #5552 ) ;
#3851 = FILL_AREA_STYLE ('',( #6385 ) ) ;
#3852 = PRESENTATION_STYLE_ASSIGNMENT (( #5514 ) ) ;
#3853 = EDGE_LOOP ( 'NONE', ( #4103, #924, #2174, #1688 ) ) ;
#3854 = CARTESIAN_POINT ( 'NONE',  ( -3.162510273905479341, 3.816075528543677375, 2.500000000000000000 ) ) ;
#3855 = CARTESIAN_POINT ( 'NONE',  ( 2.073475645914972798, 4.543348255816405334, 2.499999999999999556 ) ) ;
#3856 = SURFACE_STYLE_USAGE ( .BOTH. , #3890 ) ;
#3857 = CARTESIAN_POINT ( 'NONE',  ( 5.000000000000000000, 0.5000000000000000000, 0.2500000000000012768 ) ) ;
#3858 = CARTESIAN_POINT ( 'NONE',  ( -1.288538079803729808, 5.015067935236794838, 2.500000000000000000 ) ) ;
#3859 = CARTESIAN_POINT ( 'NONE',  ( -0.4131939116482523100, 4.145856929935325397, 2.500000000000000000 ) ) ;
#3860 = ORIENTED_EDGE ( 'NONE', *, *, #505, .F. ) ;
#3861 = CARTESIAN_POINT ( 'NONE',  ( -0.2093852739054796741, 8.025580246913603943, 2.500000000000000000 ) ) ;
#3862 = CARTESIAN_POINT ( 'NONE',  ( -6.000000000000000000, 11.00000000000000000, -2.000000000000000888 ) ) ;
#3863 = AXIS2_PLACEMENT_3D ( 'NONE', #2711, #4722, #3455 ) ;
#3864 = ORIENTED_EDGE ( 'NONE', *, *, #3104, .T. ) ;
#3865 = AXIS2_PLACEMENT_3D ( 'NONE', #5800, #4761, #1868 ) ;
#3866 = COLOUR_RGB ( '',0.5882352941176470784, 0.5882352941176470784, 0.6313725490196078205 ) ;
#3867 = EDGE_CURVE ( 'NONE', #3025, #4657, #1999, .T. ) ;
#3868 = ORIENTED_EDGE ( 'NONE', *, *, #5507, .T. ) ;
#3869 =( NAMED_UNIT ( * ) SI_UNIT ( $, .STERADIAN. ) SOLID_ANGLE_UNIT ( ) );
#3870 = LINE ( 'NONE', #1475, #4445 ) ;
#3871 = AXIS2_PLACEMENT_3D ( 'NONE', #532, #5543, #5110 ) ;
#3872 = ORIENTED_EDGE ( 'NONE', *, *, #298, .T. ) ;
#3874 = CARTESIAN_POINT ( 'NONE',  ( -1.985335739365850172, 5.038386327277557974, 2.500000000000000000 ) ) ;
#3873 = DIRECTION ( 'NONE',  ( 0.000000000000000000, 0.000000000000000000, -1.000000000000000000 ) ) ;
#3875 = DIRECTION ( 'NONE',  ( 1.885568995626964287E-16, 0.000000000000000000, 1.000000000000000000 ) ) ;
#3876 = CARTESIAN_POINT ( 'NONE',  ( 2.337477269291596826, 3.816075528543677819, 2.499999999999999556 ) ) ;
#3877 =( GEOMETRIC_REPRESENTATION_CONTEXT ( 3 ) GLOBAL_UNCERTAINTY_ASSIGNED_CONTEXT ( ( #4285 ) ) GLOBAL_UNIT_ASSIGNED_CONTEXT ( ( #779, #2857, #5322 ) ) REPRESENTATION_CONTEXT ( 'NONE', 'WORKASPACE' ) );
#3878 = EDGE_CURVE ( 'NONE', #6547, #6348, #4397, .T. ) ;
#3879 = PLANE ( 'NONE',  #1197 ) ;
#3880 = EDGE_CURVE ( 'NONE', #251, #1707, #3760, .T. ) ;
#3881 = ORIENTED_EDGE ( 'NONE', *, *, #295, .T. ) ;
#3882 = ORIENTED_EDGE ( 'NONE', *, *, #1571, .T. ) ;
#3883 = DIRECTION ( 'NONE',  ( -1.000000000000000000, 0.000000000000000000, 1.016439536705160653E-16 ) ) ;
#3884 = DIRECTION ( 'NONE',  ( -0.2845454261257280848, 0.9586625581876699886, 2.892232211028075835E-17 ) ) ;
#3885 = DIRECTION ( 'NONE',  ( 1.000000000000000000, 0.000000000000000000, -1.016439536705160653E-16 ) ) ;
#3886 = EDGE_LOOP ( 'NONE', ( #5144, #5498, #1988, #5048, #3558, #1583, #4626, #4547, #1517, #3422, #2413, #1482, #1306, #6333, #2627 ) ) ;
#3887 = SHAPE_DEFINITION_REPRESENTATION ( #4347, #3080 ) ;
#3888 = CARTESIAN_POINT ( 'NONE',  ( -1.930051553079686233, 4.741477119712913968, 2.500000000000000000 ) ) ;
#3889 = CARTESIAN_POINT ( 'NONE',  ( 2.019826036255914836, 7.020599565337423797, 2.499999999999999556 ) ) ;
#3890 = SURFACE_SIDE_STYLE ('',( #4891 ) ) ;
#3891 = LINE ( 'NONE', #1401, #1362 ) ;
#3892 = EDGE_CURVE ( 'NONE', #6219, #1877, #1158, .T. ) ;
#3893 = ORIENTED_EDGE ( 'NONE', *, *, #4379, .F. ) ;
#3894 = LINE ( 'NONE', #442, #3654 ) ;
#3895 = CARTESIAN_POINT ( 'NONE',  ( -5.349999999999998757, 0.1000000000000004080, 2.299999999999999822 ) ) ;
#3896 = ORIENTED_EDGE ( 'NONE', *, *, #2467, .T. ) ;
#3897 = CARTESIAN_POINT ( 'NONE',  ( 3.629341215934906550, 4.311094846967498562, 2.499999999999999556 ) ) ;
#3898 = EDGE_CURVE ( 'NONE', #2907, #2608, #502, .T. ) ;
#3899 = STYLED_ITEM ( 'NONE', ( #3419 ), #6090 ) ;
#3900 = ORIENTED_EDGE ( 'NONE', *, *, #1196, .T. ) ;
#3901 = SURFACE_STYLE_FILL_AREA ( #1905 ) ;
#3902 = CARTESIAN_POINT ( 'NONE',  ( 4.750000000000000000, -4.577742506049883909E-14, -2.500000000000001332 ) ) ;
#3903 = ORIENTED_EDGE ( 'NONE', *, *, #6454, .T. ) ;
#3904 = CARTESIAN_POINT ( 'NONE',  ( -3.318354429749635237, 5.316075528543677819, 2.500000000000000000 ) ) ;
#3905 = MECHANICAL_DESIGN_GEOMETRIC_PRESENTATION_REPRESENTATION (  '', ( #2542 ), #6239 ) ;
#3906 = SURFACE_STYLE_FILL_AREA ( #3289 ) ;
#3907 = CARTESIAN_POINT ( 'NONE',  ( -6.300000000000007816, 0.2000000000000013989, 2.299999999999999822 ) ) ;
#3908 = DIRECTION ( 'NONE',  ( 1.000000000000000000, 0.000000000000000000, 0.000000000000000000 ) ) ;
#3909 = VECTOR ( 'NONE', #3223, 1000.000000000000114 ) ;
#3910 = VERTEX_POINT ( 'NONE', #959 ) ;
#3911 = LINE ( 'NONE', #4913, #2971 ) ;
#3912 = COLOUR_RGB ( '',0.6941176470588235059, 0.09803921568627450844, 0.09803921568627450844 ) ;
#3913 = ORIENTED_EDGE ( 'NONE', *, *, #1562, .T. ) ;
#3914 = VERTEX_POINT ( 'NONE', #2460 ) ;
#3915 =( NAMED_UNIT ( * ) PLANE_ANGLE_UNIT ( ) SI_UNIT ( $, .RADIAN. ) );
#3916 = LINE ( 'NONE', #465, #747 ) ;
#3917 = VECTOR ( 'NONE', #848, 1000.000000000000000 ) ;
#3918 = ORIENTED_EDGE ( 'NONE', *, *, #1671, .T. ) ;
#3919 =( NAMED_UNIT ( * ) PLANE_ANGLE_UNIT ( ) SI_UNIT ( $, .RADIAN. ) );
#3920 = EDGE_CURVE ( 'NONE', #3910, #5632, #29, .T. ) ;
#3921 = MECHANICAL_DESIGN_GEOMETRIC_PRESENTATION_REPRESENTATION (  '', ( #4988 ), #6478 ) ;
#3922 = CARTESIAN_POINT ( 'NONE',  ( -1.878985951452309511, 4.716094885665833125, 2.500000000000000000 ) ) ;
#3923 = ADVANCED_FACE ( 'NONE', ( #1888 ), #5378, .F. ) ;
#3924 = LINE ( 'NONE', #5959, #880 ) ;
#3925 = CARTESIAN_POINT ( 'NONE',  ( -6.299999999999999822, 0.5000000000000000000, -2.300000000000000711 ) ) ;
#3926 = CARTESIAN_POINT ( 'NONE',  ( -0.5983869699674306819, 4.200885029506774337, -2.500000000000000444 ) ) ;
#3927 = SURFACE_SIDE_STYLE ('',( #4460 ) ) ;
#3928 = UNCERTAINTY_MEASURE_WITH_UNIT (LENGTH_MEASURE( 1.000000000000000082E-05 ), #1262, 'distance_accuracy_value', 'NONE');
#3929 = FILL_AREA_STYLE ('',( #310 ) ) ;
#3930 = ORIENTED_EDGE ( 'NONE', *, *, #8, .T. ) ;
#3931 = LINE ( 'NONE', #4431, #2302 ) ;
#3932 = FACE_BOUND ( 'NONE', #4642, .T. ) ;
#3933 = ORIENTED_EDGE ( 'NONE', *, *, #3202, .F. ) ;
#3934 = CARTESIAN_POINT ( 'NONE',  ( 0.2527010832484605785, 2.320642941472015774, -2.500000000000000888 ) ) ;
#3935 = DIRECTION ( 'NONE',  ( -1.000000000000000000, 0.000000000000000000, 1.016439536705160653E-16 ) ) ;
#3936 = STYLED_ITEM ( 'NONE', ( #2655 ), #5177 ) ;
#3937 = ORIENTED_EDGE ( 'NONE', *, *, #1875, .T. ) ;
#3938 = CARTESIAN_POINT ( 'NONE',  ( -3.658693822119811312, 7.752185235911221106, 2.500000000000000000 ) ) ;
#3939 = CARTESIAN_POINT ( 'NONE',  ( -0.006914204153820646508, 4.646982626934104132, 2.500000000000000000 ) ) ;
#3940 = VERTEX_POINT ( 'NONE', #2382 ) ;
#3941 = CARTESIAN_POINT ( 'NONE',  ( -2.845951832347037413, 4.707613677894326720, 2.500000000000000000 ) ) ;
#3943 = SURFACE_STYLE_USAGE ( .BOTH. , #553 ) ;
#3942 = CARTESIAN_POINT ( 'NONE',  ( -6.400000000000002132, 0.2000000000000040079, 2.500000000000000444 ) ) ;
#3944 = LINE ( 'NONE', #5410, #5894 ) ;
#3945 = VECTOR ( 'NONE', #604, 1000.000000000000114 ) ;
#3946 = ORIENTED_EDGE ( 'NONE', *, *, #2493, .F. ) ;
#3947 =( NAMED_UNIT ( * ) PLANE_ANGLE_UNIT ( ) SI_UNIT ( $, .RADIAN. ) );
#3948 = ORIENTED_EDGE ( 'NONE', *, *, #6156, .F. ) ;
#3949 = CARTESIAN_POINT ( 'NONE',  ( -4.214458325853531306, 4.673218385686534582, 2.500000000000000000 ) ) ;
#3950 = CARTESIAN_POINT ( 'NONE',  ( -6.399999999999999467, 10.49999999999999822, 2.500000000000000444 ) ) ;
#3951 =( NAMED_UNIT ( * ) SI_UNIT ( $, .STERADIAN. ) SOLID_ANGLE_UNIT ( ) );
#3952 = CIRCLE ( 'NONE', #3448, 0.1000000000000002554 ) ;
#3953 = ORIENTED_EDGE ( 'NONE', *, *, #300, .T. ) ;
#3954 = CYLINDRICAL_SURFACE ( 'NONE', #2769, 0.1000000000000006994 ) ;
#3955 = CARTESIAN_POINT ( 'NONE',  ( -4.749999999999998224, -4.577742506049883909E-14, 12.49999999999999822 ) ) ;
#3956 = CARTESIAN_POINT ( 'NONE',  ( -0.4157570271522333383, 4.945945658413807955, 2.500000000000000000 ) ) ;
#3957 = CARTESIAN_POINT ( 'NONE',  ( -0.5347728225826968718, 4.229426470180233544, -2.500000000000000444 ) ) ;
#3958 = FILL_AREA_STYLE ('',( #5988 ) ) ;
#3959 = EDGE_CURVE ( 'NONE', #3682, #2887, #5223, .T. ) ;
#3960 = ORIENTED_EDGE ( 'NONE', *, *, #368, .F. ) ;
#3961 = SURFACE_SIDE_STYLE ('',( #1900 ) ) ;
#3962 = LINE ( 'NONE', #4564, #141 ) ;
#3963 = VERTEX_POINT ( 'NONE', #4848 ) ;
#3964 = CARTESIAN_POINT ( 'NONE',  ( -1.364483374019505479, 4.532163781884070985, 2.500000000000000000 ) ) ;
#3965 = CIRCLE ( 'NONE', #5623, 0.009999999999999592548 ) ;
#3966 = ORIENTED_EDGE ( 'NONE', *, *, #1569, .F. ) ;
#3967 = AXIS2_PLACEMENT_3D ( 'NONE', #388, #2407, #1634 ) ;
#3968 = CARTESIAN_POINT ( 'NONE',  ( -5.000000000000000000, -1.900000000000000133, -3.406857464491785501E-16 ) ) ;
#3969 = DIRECTION ( 'NONE',  ( -0.000000000000000000, -1.000000000000000000, -0.000000000000000000 ) ) ;
#3970 = ORIENTED_EDGE ( 'NONE', *, *, #4968, .F. ) ;
#3971 = CARTESIAN_POINT ( 'NONE',  ( -4.214458325853531306, 3.816075528543677819, 2.500000000000000000 ) ) ;
#3973 = CARTESIAN_POINT ( 'NONE',  ( -6.482351395890323609, 10.65305593890103353, 2.482351395890351142 ) ) ;
#3972 = CARTESIAN_POINT ( 'NONE',  ( -0.4717687721035089821, 3.937953780568772988, -2.500000000000000444 ) ) ;
#3974 = CARTESIAN_POINT ( 'NONE',  ( 5.000000000000000000, -2.000000000000000000, 8.839610526981747557E-16 ) ) ;
#3975 = VECTOR ( 'NONE', #5709, 1000.000000000000000 ) ;
#3976 = AXIS2_PLACEMENT_3D ( 'NONE', #5523, #4026, #4998 ) ;
#3977 = TOROIDAL_SURFACE ( 'NONE', #1987, 0.1500000000000003830, 0.1000000000000000056 ) ;
#3978 = ORIENTED_EDGE ( 'NONE', *, *, #5119, .F. ) ;
#3979 = CARTESIAN_POINT ( 'NONE',  ( 2.323132544158060142, 6.525580246913603943, 2.499999999999999556 ) ) ;
#3980 = VERTEX_POINT ( 'NONE', #5417 ) ;
#3981 = CARTESIAN_POINT ( 'NONE',  ( -5.249999999999998224, 0.1000000000000004219, 2.299999999999999822 ) ) ;
#3982 = DIRECTION ( 'NONE',  ( -0.000000000000000000, 1.000000000000000000, 0.000000000000000000 ) ) ;
#3983 = AXIS2_PLACEMENT_3D ( 'NONE', #730, #5814, #1205 ) ;
#3984 = DIRECTION ( 'NONE',  ( -0.000000000000000000, 0.000000000000000000, 1.000000000000000000 ) ) ;
#3985 = LINE ( 'NONE', #5737, #230 ) ;
#3986 = MECHANICAL_DESIGN_GEOMETRIC_PRESENTATION_REPRESENTATION (  '', ( #623 ), #1470 ) ;
#3987 = ORIENTED_EDGE ( 'NONE', *, *, #5995, .T. ) ;
#3988 = PRESENTATION_STYLE_ASSIGNMENT (( #1518 ) ) ;
#3989 = CARTESIAN_POINT ( 'NONE',  ( 3.321103323378839622, 7.252852974186331458, 2.499999999999999556 ) ) ;
#3990 = CARTESIAN_POINT ( 'NONE',  ( -0.6476562500000000444, 4.085448544274953520, -2.500000000000000444 ) ) ;
#3991 = EDGE_CURVE ( 'NONE', #911, #124, #6418, .T. ) ;
#3992 = LINE ( 'NONE', #2980, #4190 ) ;
#3993 = ORIENTED_EDGE ( 'NONE', *, *, #3528, .F. ) ;
#3994 = LINE ( 'NONE', #4529, #1884 ) ;
#3995 = DIRECTION ( 'NONE',  ( -1.016439536705160653E-16, 0.000000000000000000, -1.000000000000000000 ) ) ;
#3996 = CARTESIAN_POINT ( 'NONE',  ( 0.5010369143484759702, 2.464673629347203576, -2.500000000000000888 ) ) ;
#3997 =( NAMED_UNIT ( * ) SI_UNIT ( $, .STERADIAN. ) SOLID_ANGLE_UNIT ( ) );
#3998 = EDGE_CURVE ( 'NONE', #6339, #1936, #4917, .T. ) ;
#3999 = EDGE_CURVE ( 'NONE', #3563, #2902, #840, .T. ) ;
#4000 = ORIENTED_EDGE ( 'NONE', *, *, #5380, .T. ) ;
#4001 = CARTESIAN_POINT ( 'NONE',  ( 0.4355468750000000000, 3.143651669274953431, -2.500000000000000888 ) ) ;
#4002 = ORIENTED_EDGE ( 'NONE', *, *, #948, .T. ) ;
#4003 = CARTESIAN_POINT ( 'NONE',  ( -0.3128153166688669162, 5.148175101420926048, 2.500000000000000000 ) ) ;
#4004 = EDGE_CURVE ( 'NONE', #1787, #4475, #1300, .T. ) ;
#4005 = SURFACE_STYLE_USAGE ( .BOTH. , #421 ) ;
#4006 = CARTESIAN_POINT ( 'NONE',  ( -4.750000000000000888, 0.1000000000000004913, -2.300000000000001599 ) ) ;
#4007 = VECTOR ( 'NONE', #4536, 1000.000000000000000 ) ;
#4008 = EDGE_LOOP ( 'NONE', ( #1107, #1236, #2115 ) ) ;
#4009 =( GEOMETRIC_REPRESENTATION_CONTEXT ( 3 ) GLOBAL_UNCERTAINTY_ASSIGNED_CONTEXT ( ( #4306 ) ) GLOBAL_UNIT_ASSIGNED_CONTEXT ( ( #1637, #6137, #5042 ) ) REPRESENTATION_CONTEXT ( 'NONE', 'WORKASPACE' ) );
#4010 = ORIENTED_EDGE ( 'NONE', *, *, #1091, .F. ) ;
#4011 = DIRECTION ( 'NONE',  ( 0.000000000000000000, -1.000000000000000000, 0.000000000000000000 ) ) ;
#4012 = LINE ( 'NONE', #2014, #5086 ) ;
#4013 = CARTESIAN_POINT ( 'NONE',  ( -0.01975459208729825333, 4.639127476595625410, 2.500000000000000000 ) ) ;
#4014 =( GEOMETRIC_REPRESENTATION_CONTEXT ( 3 ) GLOBAL_UNCERTAINTY_ASSIGNED_CONTEXT ( ( #3329 ) ) GLOBAL_UNIT_ASSIGNED_CONTEXT ( ( #2304, #5843, #4872 ) ) REPRESENTATION_CONTEXT ( 'NONE', 'WORKASPACE' ) );
#4015 = PRESENTATION_LAYER_ASSIGNMENT (  '', '', ( #443 ) ) ;
#4016 = DIRECTION ( 'NONE',  ( -1.016439536705160653E-16, 0.000000000000000000, -1.000000000000000000 ) ) ;
#4017 = ORIENTED_EDGE ( 'NONE', *, *, #4828, .T. ) ;
#4018 = DIRECTION ( 'NONE',  ( 0.000000000000000000, -1.000000000000000000, 0.000000000000000000 ) ) ;
#4019 = CARTESIAN_POINT ( 'NONE',  ( -5.249999999999997335, 0.009999999999999968983, 12.49999999999999822 ) ) ;
#4020 = SURFACE_SIDE_STYLE ('',( #2604 ) ) ;
#4021 =( GEOMETRIC_REPRESENTATION_CONTEXT ( 3 ) GLOBAL_UNCERTAINTY_ASSIGNED_CONTEXT ( ( #833 ) ) GLOBAL_UNIT_ASSIGNED_CONTEXT ( ( #4302, #4262, #3777 ) ) REPRESENTATION_CONTEXT ( 'NONE', 'WORKASPACE' ) );
#4022 =( LENGTH_UNIT ( ) NAMED_UNIT ( * ) SI_UNIT ( .MILLI., .METRE. ) );
#4023 =( LENGTH_UNIT ( ) NAMED_UNIT ( * ) SI_UNIT ( .MILLI., .METRE. ) );
#4024 = AXIS2_PLACEMENT_3D ( 'NONE', #4482, #3982, #1917 ) ;
#4025 = EDGE_LOOP ( 'NONE', ( #5120, #2136, #6416, #6091 ) ) ;
#4026 = DIRECTION ( 'NONE',  ( 1.000000000000000000, -0.000000000000000000, 0.000000000000000000 ) ) ;
#4027 =( NAMED_UNIT ( * ) PLANE_ANGLE_UNIT ( ) SI_UNIT ( $, .RADIAN. ) );
#4028 = CARTESIAN_POINT ( 'NONE',  ( 0.5843717243955162122, 2.571026498460724063, -2.500000000000000888 ) ) ;
#4029 = CARTESIAN_POINT ( 'NONE',  ( -6.300000000000000711, 0.000000000000000000, 2.299999999999999822 ) ) ;
#4030 = VERTEX_POINT ( 'NONE', #5313 ) ;
#4031 = CYLINDRICAL_SURFACE ( 'NONE', #200, 0.5000000000000000000 ) ;
#4032 = CARTESIAN_POINT ( 'NONE',  ( 3.021121749811077617, 4.373908320751469958, 2.499999999999999556 ) ) ;
#4033 = ORIENTED_EDGE ( 'NONE', *, *, #464, .F. ) ;
#4035 = CARTESIAN_POINT ( 'NONE',  ( -4.759999999999998899, 0.000000000000000000, 12.49999999999999822 ) ) ;
#4034 = CARTESIAN_POINT ( 'NONE',  ( -6.299999999999999822, 6.299999999999999822, -2.300000000000000711 ) ) ;
#4036 = LINE ( 'NONE', #1538, #1981 ) ;
#4037 = CARTESIAN_POINT ( 'NONE',  ( -0.5263081316885738214, 5.125865215640777350, 2.500000000000000000 ) ) ;
#4038 = B_SPLINE_CURVE_WITH_KNOTS ( 'NONE', 3,
 ( #929, #3507, #1033, #6066, #2007, #5532, #4539, #5037, #1507, #3972, #3020 ),
 .UNSPECIFIED., .F., .F.,
 ( 4, 1, 1, 1, 1, 1, 1, 1, 4 ),
 ( 0.000000000000000000, 0.1167583307127268155, 0.2265500585096100750, 0.3340596342207610148, 0.4466915513637667035, 0.5648600896971684993, 0.6929874715703947530, 0.8375928782755142077, 1.000000000000000000 ),
 .UNSPECIFIED. ) ;
#4039 = MECHANICAL_DESIGN_GEOMETRIC_PRESENTATION_REPRESENTATION (  '', ( #2679 ), #468 ) ;
#4040 = ORIENTED_EDGE ( 'NONE', *, *, #6171, .T. ) ;
#4041 = DIRECTION ( 'NONE',  ( 0.2060883395805926666, 0.9785333904823657614, -2.094763364036334203E-17 ) ) ;
#4042 = ORIENTED_EDGE ( 'NONE', *, *, #4170, .T. ) ;
#4043 = LINE ( 'NONE', #2997, #3029 ) ;
#4044 = PLANE ( 'NONE',  #3200 ) ;
#4045 = CARTESIAN_POINT ( 'NONE',  ( -6.299999999999999822, 0.5000000000000000000, -2.300000000000000711 ) ) ;
#4046 = CARTESIAN_POINT ( 'NONE',  ( 0.1090191976290066922, 3.571302922250608969, -2.500000000000000888 ) ) ;
#4047 = SURFACE_STYLE_USAGE ( .BOTH. , #5646 ) ;
#4048 = ORIENTED_EDGE ( 'NONE', *, *, #1323, .T. ) ;
#4049 = MECHANICAL_DESIGN_GEOMETRIC_PRESENTATION_REPRESENTATION (  '', ( #919 ), #3111 ) ;
#4050 = CARTESIAN_POINT ( 'NONE',  ( 5.000000000000000000, -2.000000000000000000, 8.839610526981747557E-16 ) ) ;
#4051 = DIRECTION ( 'NONE',  ( 9.637352644315546235E-15, 1.000000000000000000, 0.000000000000000000 ) ) ;
#4052 = EDGE_LOOP ( 'NONE', ( #2010, #4017, #5035, #2830 ) ) ;
#4053 =( LENGTH_UNIT ( ) NAMED_UNIT ( * ) SI_UNIT ( .MILLI., .METRE. ) );
#4054 = FILL_AREA_STYLE ('',( #2490 ) ) ;
#4055 = CARTESIAN_POINT ( 'NONE',  ( -2.402770014165220847, 6.525580246913603943, 2.500000000000000000 ) ) ;
#4056 = ORIENTED_EDGE ( 'NONE', *, *, #2746, .F. ) ;
#4057 = CARTESIAN_POINT ( 'NONE',  ( -3.135115793385999439, 6.525580246913603943, 2.500000000000000000 ) ) ;
#4058 = CARTESIAN_POINT ( 'NONE',  ( 1.903676969058254453, 4.330888543809129132, 2.499999999999999556 ) ) ;
#4059 = COLOUR_RGB ( '',0.8313725490196077761, 0.8392156862745098200, 0.8313725490196077761 ) ;
#4060 = ORIENTED_EDGE ( 'NONE', *, *, #5057, .F. ) ;
#4061 = LINE ( 'NONE', #1128, #2809 ) ;
#4062 =( GEOMETRIC_REPRESENTATION_CONTEXT ( 3 ) GLOBAL_UNCERTAINTY_ASSIGNED_CONTEXT ( ( #309 ) ) GLOBAL_UNIT_ASSIGNED_CONTEXT ( ( #320, #6272, #2802 ) ) REPRESENTATION_CONTEXT ( 'NONE', 'WORKASPACE' ) );
#4063 = CARTESIAN_POINT ( 'NONE',  ( -0.3404276201689586112, 2.833615277451918324, -2.500000000000000444 ) ) ;
#4064 = SURFACE_STYLE_FILL_AREA ( #5010 ) ;
#4065 = EDGE_CURVE ( 'NONE', #2315, #4467, #390, .T. ) ;
#4066 = VECTOR ( 'NONE', #4738, 1000.000000000000114 ) ;
#4067 = COLOUR_RGB ( '',0.6941176470588235059, 0.09803921568627450844, 0.09803921568627450844 ) ;
#4068 = ORIENTED_EDGE ( 'NONE', *, *, #2642, .F. ) ;
#4069 = DIRECTION ( 'NONE',  ( 0.5056715232898540968, 0.8627260924150367272, -5.139845288577320541E-17 ) ) ;
#4070 = ORIENTED_EDGE ( 'NONE', *, *, #4762, .F. ) ;
#4071 = LINE ( 'NONE', #2013, #4825 ) ;
#4072 = FACE_OUTER_BOUND ( 'NONE', #2103, .T. ) ;
#4073 = DIRECTION ( 'NONE',  ( -1.000000000000000000, 0.000000000000000000, 0.000000000000000000 ) ) ;
#4074 = ADVANCED_FACE ( 'NONE', ( #328 ), #4344, .T. ) ;
#4075 = FILL_AREA_STYLE ('',( #59 ) ) ;
#4076 =( GEOMETRIC_REPRESENTATION_CONTEXT ( 3 ) GLOBAL_UNCERTAINTY_ASSIGNED_CONTEXT ( ( #337 ) ) GLOBAL_UNIT_ASSIGNED_CONTEXT ( ( #2026, #3377, #6021 ) ) REPRESENTATION_CONTEXT ( 'NONE', 'WORKASPACE' ) );
#4077 = EDGE_CURVE ( 'NONE', #4082, #5054, #3965, .T. ) ;
#4078 = STYLED_ITEM ( 'NONE', ( #3098 ), #2519 ) ;
#4079 = CARTESIAN_POINT ( 'NONE',  ( 2.894561115586631761, 6.525580246913603943, 2.499999999999999556 ) ) ;
#4080 = ORIENTED_EDGE ( 'NONE', *, *, #2773, .T. ) ;
#4081 = PRESENTATION_LAYER_ASSIGNMENT (  '', '', ( #405 ) ) ;
#4082 = VERTEX_POINT ( 'NONE', #2476 ) ;
#4083 =( LENGTH_UNIT ( ) NAMED_UNIT ( * ) SI_UNIT ( .MILLI., .METRE. ) );
#4084 = DIRECTION ( 'NONE',  ( -1.000000000000000000, 0.000000000000000000, 1.016439536705160653E-16 ) ) ;
#4085 = CARTESIAN_POINT ( 'NONE',  ( -5.239999999999998437, 0.009999999999999970718, 12.49999999999999822 ) ) ;
#4086 = CARTESIAN_POINT ( 'NONE',  ( -0.2886684521692135519, 4.538840294938125020, 2.500000000000000000 ) ) ;
#4087 = ORIENTED_EDGE ( 'NONE', *, *, #4815, .F. ) ;
#4088 = CARTESIAN_POINT ( 'NONE',  ( -1.718631941604388924, 4.499928389323446964, 2.500000000000000000 ) ) ;
#4089 = CARTESIAN_POINT ( 'NONE',  ( -4.749999999999998224, 0.01000000000000002970, 12.49999999999999822 ) ) ;
#4090 = CARTESIAN_POINT ( 'NONE',  ( 1.983035141560657522, 7.083413039121395194, 2.499999999999999556 ) ) ;
#4091 = CARTESIAN_POINT ( 'NONE',  ( -2.079237364616265626, 5.191439040190149790, 2.500000000000000000 ) ) ;
#4092 = UNCERTAINTY_MEASURE_WITH_UNIT (LENGTH_MEASURE( 1.000000000000000082E-05 ), #727, 'distance_accuracy_value', 'NONE');
#4093 = ORIENTED_EDGE ( 'NONE', *, *, #3715, .F. ) ;
#4094 = DIRECTION ( 'NONE',  ( -1.000000000000000000, 0.000000000000000000, 1.016439536705160653E-16 ) ) ;
#4095 = CARTESIAN_POINT ( 'NONE',  ( -6.300000000000000711, 6.299999999999999822, 2.299999999999999822 ) ) ;
#4096 = EDGE_LOOP ( 'NONE', ( #2456, #5435, #6125, #3245 ) ) ;
#4097 = CARTESIAN_POINT ( 'NONE',  ( -0.4157570271522333383, 4.945945658413807955, 2.500000000000000000 ) ) ;
#4098 = DIRECTION ( 'NONE',  ( -1.000000000000000000, 0.000000000000000000, 1.016439536705160653E-16 ) ) ;
#4099 = LINE ( 'NONE', #4541, #715 ) ;
#4100 = AXIS2_PLACEMENT_3D ( 'NONE', #4699, #5160, #548 ) ;
#4101 = VERTEX_POINT ( 'NONE', #5607 ) ;
#4102 = CARTESIAN_POINT ( 'NONE',  ( 3.668037334226662782, 4.042130723348872579, 2.499999999999999556 ) ) ;
#4103 = ORIENTED_EDGE ( 'NONE', *, *, #2974, .T. ) ;
#4104 = SURFACE_STYLE_FILL_AREA ( #86 ) ;
#4105 = CARTESIAN_POINT ( 'NONE',  ( 0.04687844527549211299, 4.612439331330651093, 2.499999999999999556 ) ) ;
#4106 = SURFACE_SIDE_STYLE ('',( #90 ) ) ;
#4107 = CARTESIAN_POINT ( 'NONE',  ( -1.664575655768900431, 5.156109155175058412, 2.500000000000000000 ) ) ;
#4108 = VERTEX_POINT ( 'NONE', #4584 ) ;
#4109 = EDGE_CURVE ( 'NONE', #1617, #2433, #6485, .T. ) ;
#4110 = DIRECTION ( 'NONE',  ( -1.000000000000000000, 0.000000000000000000, 1.016439536705160653E-16 ) ) ;
#4111 = ORIENTED_EDGE ( 'NONE', *, *, #6171, .F. ) ;
#4112 = CARTESIAN_POINT ( 'NONE',  ( 0.6003906250000000666, 3.298339169274953520, -2.500000000000000888 ) ) ;
#4113 = CARTESIAN_POINT ( 'NONE',  ( -0.2988739102691163607, 4.535637216855366916, 2.500000000000000000 ) ) ;
#4114 = DIRECTION ( 'NONE',  ( 0.000000000000000000, 0.000000000000000000, -1.000000000000000000 ) ) ;
#4115 = VECTOR ( 'NONE', #357, 1000.000000000000114 ) ;
#4116 = LINE ( 'NONE', #3625, #6070 ) ;
#4117 = EDGE_CURVE ( 'NONE', #3477, #1413, #2072, .T. ) ;
#4118 = EDGE_CURVE ( 'NONE', #2615, #2844, #4012, .T. ) ;
#4119 = VERTEX_POINT ( 'NONE', #1514 ) ;
#4120 = SURFACE_STYLE_USAGE ( .BOTH. , #675 ) ;
#4121 = CARTESIAN_POINT ( 'NONE',  ( 6.420424794944867841, 10.78142850328715419, 2.420424794944858515 ) ) ;
#4122 =( GEOMETRIC_REPRESENTATION_CONTEXT ( 3 ) GLOBAL_UNCERTAINTY_ASSIGNED_CONTEXT ( ( #1360 ) ) GLOBAL_UNIT_ASSIGNED_CONTEXT ( ( #4876, #246, #6409 ) ) REPRESENTATION_CONTEXT ( 'NONE', 'WORKASPACE' ) );
#4123 = CARTESIAN_POINT ( 'NONE',  ( -4.048873910269116472, 6.735300214446072076, 2.500000000000000000 ) ) ;
#4124 = VECTOR ( 'NONE', #2571, 1000.000000000000000 ) ;
#4125 = ORIENTED_EDGE ( 'NONE', *, *, #3511, .F. ) ;
#4126 = DIRECTION ( 'NONE',  ( -1.000000000000000000, 0.000000000000000000, 0.000000000000000000 ) ) ;
#4127 = PLANE ( 'NONE',  #792 ) ;
#4128 = EDGE_LOOP ( 'NONE', ( #4936, #3275, #5649, #5294 ) ) ;
#4129 = CARTESIAN_POINT ( 'NONE',  ( -1.992753039946943749, 4.598888003493781795, 2.500000000000000000 ) ) ;
#4130 = CARTESIAN_POINT ( 'NONE',  ( -0.1909643030354825632, 2.588790902421060025, -2.500000000000000444 ) ) ;
#4131 = CARTESIAN_POINT ( 'NONE',  ( 6.399999999999998579, 0.2000000000000001499, -2.500000000000001776 ) ) ;
#4132 = VERTEX_POINT ( 'NONE', #3981 ) ;
#4133 = CARTESIAN_POINT ( 'NONE',  ( -0.05893796164164125800, 2.288338139246416159, -2.500000000000000444 ) ) ;
#4134 = VECTOR ( 'NONE', #1869, 1000.000000000000000 ) ;
#4135 = ORIENTED_EDGE ( 'NONE', *, *, #875, .T. ) ;
#4136 = PRESENTATION_STYLE_ASSIGNMENT (( #5573 ) ) ;
#4137 = SURFACE_STYLE_FILL_AREA ( #1135 ) ;
#4138 = CARTESIAN_POINT ( 'NONE',  ( -1.681270920749862841, 3.972156995202111851, 2.500000000000000000 ) ) ;
#4139 = VECTOR ( 'NONE', #1369, 1000.000000000000000 ) ;
#4140 = CARTESIAN_POINT ( 'NONE',  ( 3.493118503057831337, 4.543348255816405334, 2.499999999999999556 ) ) ;
#4141 = ORIENTED_EDGE ( 'NONE', *, *, #3135, .F. ) ;
#4142 = VERTEX_POINT ( 'NONE', #3949 ) ;
#4143 = CARTESIAN_POINT ( 'NONE',  ( 5.250000000000000000, 0.1000000000000004219, 2.299999999999999822 ) ) ;
#4144 =( NAMED_UNIT ( * ) PLANE_ANGLE_UNIT ( ) SI_UNIT ( $, .RADIAN. ) );
#4145 = CARTESIAN_POINT ( 'NONE',  ( -2.012643236509997102, 4.905509859915801130, 2.500000000000000000 ) ) ;
#4146 = EDGE_CURVE ( 'NONE', #6230, #5805, #4480, .T. ) ;
#4147 =( NAMED_UNIT ( * ) SI_UNIT ( $, .STERADIAN. ) SOLID_ANGLE_UNIT ( ) );
#4148 = ORIENTED_EDGE ( 'NONE', *, *, #4591, .T. ) ;
#4149 = CARTESIAN_POINT ( 'NONE',  ( 6.299999999999998934, 6.299999999999999822, 2.299999999999999822 ) ) ;
#4150 = DIRECTION ( 'NONE',  ( 1.000000000000000000, 0.000000000000000000, 0.000000000000000000 ) ) ;
#4151 = CARTESIAN_POINT ( 'NONE',  ( 0.04132839637114739395, 2.539340113285321721, -2.500000000000000888 ) ) ;
#4152 = ADVANCED_FACE ( 'NONE', ( #4072 ), #4044, .F. ) ;
#4153 = STYLED_ITEM ( 'NONE', ( #1221 ), #6503 ) ;
#4154 = UNCERTAINTY_MEASURE_WITH_UNIT (LENGTH_MEASURE( 1.000000000000000082E-05 ), #4083, 'distance_accuracy_value', 'NONE');
#4155 = CARTESIAN_POINT ( 'NONE',  ( -6.482351395890323609, 10.65305593890103353, -2.482351395890338708 ) ) ;
#4156 = ORIENTED_EDGE ( 'NONE', *, *, #6226, .F. ) ;
#4157 = CARTESIAN_POINT ( 'NONE',  ( -5.000000000000000000, -1.900000000000000133, -3.406857464491785501E-16 ) ) ;
#4158 = CARTESIAN_POINT ( 'NONE',  ( -6.208794714927536873, 10.94611338752708285, 2.260993393659463280 ) ) ;
#4159 = VERTEX_POINT ( 'NONE', #5014 ) ;
#4160 = SURFACE_STYLE_USAGE ( .BOTH. , #2173 ) ;
#4161 = EDGE_LOOP ( 'NONE', ( #2121, #1166, #3145, #5799, #863, #2129, #2732, #5655, #2639, #2892, #2244, #4470, #1168, #800, #4399 ) ) ;
#4162 = CARTESIAN_POINT ( 'NONE',  ( 2.231349022538350102, 4.543348255816405334, 2.499999999999999556 ) ) ;
#4163 = ORIENTED_EDGE ( 'NONE', *, *, #3803, .T. ) ;
#4164 = AXIS2_PLACEMENT_3D ( 'NONE', #4234, #3741, #4299 ) ;
#4165 = CARTESIAN_POINT ( 'NONE',  ( -4.649999999999997691, 0.2000000000000005107, 12.49999999999999822 ) ) ;
#4166 = B_SPLINE_CURVE_WITH_KNOTS ( 'NONE', 3,
 ( #4551, #2109, #2047, #6143, #4046, #1611, #5644, #6078, #1546, #1138, #3553 ),
 .UNSPECIFIED., .F., .F.,
 ( 4, 1, 1, 1, 1, 1, 1, 1, 4 ),
 ( 0.000000000000000000, 0.1445038918250243776, 0.2817994906783476972, 0.4136731472091029760, 0.5401592023144614618, 0.6610650352905742544, 0.7776803969070549272, 0.8908311600299232413, 1.000000000000000000 ),
 .UNSPECIFIED. ) ;
#4167 = CARTESIAN_POINT ( 'NONE',  ( -0.07575859503600604339, 4.776067967676266512, 2.500000000000000000 ) ) ;
#4168 = DIRECTION ( 'NONE',  ( -1.016439536705160653E-16, 0.000000000000000000, -1.000000000000000000 ) ) ;
#4169 = CARTESIAN_POINT ( 'NONE',  ( -4.749999999999999112, 0.01000000000000002970, 2.299999999999999822 ) ) ;
#4170 = EDGE_CURVE ( 'NONE', #5821, #4030, #4457, .T. ) ;
#4171 = CARTESIAN_POINT ( 'NONE',  ( 0.5545804675881933488, 2.902162506542938392, -2.500000000000000888 ) ) ;
#4172 = CIRCLE ( 'NONE', #3346, 0.1500000000000003830 ) ;
#4173 = ORIENTED_EDGE ( 'NONE', *, *, #3324, .T. ) ;
#4174 = DIRECTION ( 'NONE',  ( -1.000000000000000000, 0.000000000000000000, 1.016439536705160653E-16 ) ) ;
#4175 = ORIENTED_EDGE ( 'NONE', *, *, #2722, .F. ) ;
#4176 = DIRECTION ( 'NONE',  ( -1.239088197126290570E-16, -0.000000000000000000, -1.000000000000000000 ) ) ;
#4177 = SURFACE_STYLE_FILL_AREA ( #5049 ) ;
#4178 =( LENGTH_UNIT ( ) NAMED_UNIT ( * ) SI_UNIT ( .MILLI., .METRE. ) );
#4179 = CARTESIAN_POINT ( 'NONE',  ( 3.640439931629259718, 4.292333645426794853, 2.499999999999999556 ) ) ;
#4180 = VECTOR ( 'NONE', #3498, 1000.000000000000000 ) ;
#4181 = CARTESIAN_POINT ( 'NONE',  ( 3.700099022538350990, 4.190669684387834160, 2.499999999999999556 ) ) ;
#4182 = EDGE_CURVE ( 'NONE', #946, #1907, #214, .T. ) ;
#4183 = VERTEX_POINT ( 'NONE', #4644 ) ;
#4184 = SURFACE_STYLE_FILL_AREA ( #773 ) ;
#4185 = DIRECTION ( 'NONE',  ( -0.000000000000000000, -1.000000000000000000, -0.000000000000000000 ) ) ;
#4186 =( NAMED_UNIT ( * ) SI_UNIT ( $, .STERADIAN. ) SOLID_ANGLE_UNIT ( ) );
#4187 = CARTESIAN_POINT ( 'NONE',  ( -0.01250000000000000937, 2.537401669274953697, -2.500000000000000444 ) ) ;
#4188 = MECHANICAL_DESIGN_GEOMETRIC_PRESENTATION_REPRESENTATION (  '', ( #5146 ), #5363 ) ;
#4189 = LINE ( 'NONE', #2947, #36 ) ;
#4190 = VECTOR ( 'NONE', #1050, 1000.000000000000000 ) ;
#4191 = EDGE_CURVE ( 'NONE', #1563, #2298, #2238, .T. ) ;
#4192 = ORIENTED_EDGE ( 'NONE', *, *, #4362, .F. ) ;
#4193 = EDGE_CURVE ( 'NONE', #2191, #1512, #4616, .T. ) ;
#4194 = CARTESIAN_POINT ( 'NONE',  ( -4.649999999999998579, 0.1000000000000004913, 2.500000000000000444 ) ) ;
#4195 =( NAMED_UNIT ( * ) SI_UNIT ( $, .STERADIAN. ) SOLID_ANGLE_UNIT ( ) );
#4196 = CARTESIAN_POINT ( 'NONE',  ( 3.580780840720169333, 4.190669684387834160, 2.499999999999999556 ) ) ;
#4197 = VERTEX_POINT ( 'NONE', #2141 ) ;
#4198 = LINE ( 'NONE', #1491, #3081 ) ;
#4199 = ADVANCED_FACE ( 'NONE', ( #693 ), #3614, .T. ) ;
#4200 = EDGE_CURVE ( 'NONE', #1531, #1627, #2704, .T. ) ;
#4201 = ORIENTED_EDGE ( 'NONE', *, *, #1323, .F. ) ;
#4202 = SURFACE_STYLE_USAGE ( .BOTH. , #2210 ) ;
#4203 = MECHANICAL_DESIGN_GEOMETRIC_PRESENTATION_REPRESENTATION (  '', ( #5374 ), #5904 ) ;
#4204 =( NAMED_UNIT ( * ) PLANE_ANGLE_UNIT ( ) SI_UNIT ( $, .RADIAN. ) );
#4205 = CARTESIAN_POINT ( 'NONE',  ( 3.106283816342313653, 4.355576258744253693, 2.499999999999999556 ) ) ;
#4206 = CARTESIAN_POINT ( 'NONE',  ( -6.300000000000000711, 0.000000000000000000, 2.299999999999999822 ) ) ;
#4207 = ORIENTED_EDGE ( 'NONE', *, *, #4422, .T. ) ;
#4208 = CARTESIAN_POINT ( 'NONE',  ( 6.399999999999998579, 10.79289321881345032, 2.499999999999998224 ) ) ;
#4209 = EDGE_CURVE ( 'NONE', #1731, #654, #3196, .T. ) ;
#4210 = ORIENTED_EDGE ( 'NONE', *, *, #881, .T. ) ;
#4211 = DIRECTION ( 'NONE',  ( 1.000000000000000000, 0.000000000000000000, 0.000000000000000000 ) ) ;
#4212 = CARTESIAN_POINT ( 'NONE',  ( 2.541819801759129582, 4.367414814257964295, 2.499999999999999556 ) ) ;
#4213 = LINE ( 'NONE', #5719, #1896 ) ;
#4214 = CIRCLE ( 'NONE', #3060, 0.009999999999999592548 ) ;
#4215 = VERTEX_POINT ( 'NONE', #2593 ) ;
#4216 = PLANE ( 'NONE',  #5227 ) ;
#4217 = DIRECTION ( 'NONE',  ( 0.000000000000000000, 1.000000000000000000, 0.000000000000000000 ) ) ;
#4218 = VECTOR ( 'NONE', #4041, 1000.000000000000114 ) ;
#4219 = DIRECTION ( 'NONE',  ( -0.5054136732061080828, -0.8628771748842990474, 5.137224398380700146E-17 ) ) ;
#4220 = FILL_AREA_STYLE_COLOUR ( '', #1952 ) ;
#4221 = CARTESIAN_POINT ( 'NONE',  ( -1.272899884295090489, 4.887504099972248994, 2.500000000000000000 ) ) ;
#4222 = MECHANICAL_DESIGN_GEOMETRIC_PRESENTATION_REPRESENTATION (  '', ( #2543 ), #3069 ) ;
#4223 = STYLED_ITEM ( 'NONE', ( #2483 ), #2833 ) ;
#4224 = UNCERTAINTY_MEASURE_WITH_UNIT (LENGTH_MEASURE( 1.000000000000000082E-05 ), #1253, 'distance_accuracy_value', 'NONE');
#4225 = VERTEX_POINT ( 'NONE', #5680 ) ;
#4226 = FILL_AREA_STYLE ('',( #4255 ) ) ;
#4227 = FILL_AREA_STYLE ('',( #3770 ) ) ;
#4228 =( GEOMETRIC_REPRESENTATION_CONTEXT ( 3 ) GLOBAL_UNCERTAINTY_ASSIGNED_CONTEXT ( ( #5459 ) ) GLOBAL_UNIT_ASSIGNED_CONTEXT ( ( #6242, #5114, #5179 ) ) REPRESENTATION_CONTEXT ( 'NONE', 'WORKASPACE' ) );
#4229 = EDGE_CURVE ( 'NONE', #3501, #1589, #991, .T. ) ;
#4230 = ORIENTED_EDGE ( 'NONE', *, *, #3059, .F. ) ;
#4231 =( NAMED_UNIT ( * ) PLANE_ANGLE_UNIT ( ) SI_UNIT ( $, .RADIAN. ) );
#4232 = SURFACE_STYLE_FILL_AREA ( #1290 ) ;
#4233 = ORIENTED_EDGE ( 'NONE', *, *, #2480, .T. ) ;
#4234 = CARTESIAN_POINT ( 'NONE',  ( -6.399999999999999467, 11.00000000000000000, 2.500000000000000444 ) ) ;
#4235 = CARTESIAN_POINT ( 'NONE',  ( -0.2292626620647386926, 4.710351472778359749, 2.500000000000000000 ) ) ;
#4236 =( NAMED_UNIT ( * ) SI_UNIT ( $, .STERADIAN. ) SOLID_ANGLE_UNIT ( ) );
#4237 = SURFACE_STYLE_USAGE ( .BOTH. , #1296 ) ;
#4238 = CARTESIAN_POINT ( 'NONE',  ( -2.484344689489894620, 3.816075528543677375, 2.500000000000000000 ) ) ;
#4239 = ORIENTED_EDGE ( 'NONE', *, *, #5484, .T. ) ;
#4240 = FILL_AREA_STYLE_COLOUR ( '', #6038 ) ;
#4241 = EDGE_LOOP ( 'NONE', ( #3547, #3948, #211, #6130 ) ) ;
#4242 = CARTESIAN_POINT ( 'NONE',  ( -0.01796874999999995004, 3.337401669274953520, -2.500000000000000444 ) ) ;
#4243 = CARTESIAN_POINT ( 'NONE',  ( -1.793320888387774481, 5.156266394835255618, 2.500000000000000000 ) ) ;
#4244 = CARTESIAN_POINT ( 'NONE',  ( -0.2002537803989865306, 5.179711892180042909, 2.500000000000000000 ) ) ;
#4245 = DIRECTION ( 'NONE',  ( -1.000000000000000000, 0.000000000000000000, 1.016439536705160653E-16 ) ) ;
#4246 = ORIENTED_EDGE ( 'NONE', *, *, #2155, .T. ) ;
#4247 = CARTESIAN_POINT ( 'NONE',  ( 6.399999999999998579, 10.49999999999999822, 2.499999999999999112 ) ) ;
#4248 = CARTESIAN_POINT ( 'NONE',  ( -0.4400352544471457517, 3.885385696348372164, 2.500000000000000000 ) ) ;
#4249 = SURFACE_SIDE_STYLE ('',( #198 ) ) ;
#4250 = CARTESIAN_POINT ( 'NONE',  ( 0.4314473828330471217, 4.158380810080725354, -2.500000000000000888 ) ) ;
#4251 = AXIS2_PLACEMENT_3D ( 'NONE', #1691, #1224, #2484 ) ;
#4252 = UNCERTAINTY_MEASURE_WITH_UNIT (LENGTH_MEASURE( 1.000000000000000082E-05 ), #709, 'distance_accuracy_value', 'NONE');
#4253 = FACE_OUTER_BOUND ( 'NONE', #5872, .T. ) ;
#4254 = ORIENTED_EDGE ( 'NONE', *, *, #6361, .T. ) ;
#4255 = FILL_AREA_STYLE_COLOUR ( '', #3331 ) ;
#4256 = CARTESIAN_POINT ( 'NONE',  ( -0.03696691463659679960, 5.084682740111321486, 2.500000000000000000 ) ) ;
#4257 = EDGE_LOOP ( 'NONE', ( #6321, #1419, #3900, #3896, #2386, #393, #4797, #785, #1605, #1780, #3484, #1476, #1716, #5375, #486, #5263, #1818, #2400, #1321 ) ) ;
#4258 = DIRECTION ( 'NONE',  ( -1.239088197126290570E-16, -0.000000000000000000, -1.000000000000000000 ) ) ;
#4259 = CARTESIAN_POINT ( 'NONE',  ( 0.7771989206347589274, 8.466350291807936301, 2.499999999999999556 ) ) ;
#4260 = ORIENTED_EDGE ( 'NONE', *, *, #2253, .T. ) ;
#4261 = DIRECTION ( 'NONE',  ( -0.5057194997124211389, 0.8626979700976572518, 5.140332939904590317E-17 ) ) ;
#4262 =( NAMED_UNIT ( * ) PLANE_ANGLE_UNIT ( ) SI_UNIT ( $, .RADIAN. ) );
#4263 =( LENGTH_UNIT ( ) NAMED_UNIT ( * ) SI_UNIT ( .MILLI., .METRE. ) );
#4264 = EDGE_CURVE ( 'NONE', #1707, #2228, #657, .T. ) ;
#4265 = LINE ( 'NONE', #1678, #2839 ) ;
#4266 = LINE ( 'NONE', #3260, #6027 ) ;
#4267 = ORIENTED_EDGE ( 'NONE', *, *, #6023, .F. ) ;
#4268 = EDGE_CURVE ( 'NONE', #4382, #2741, #5919, .T. ) ;
#4269 = ORIENTED_EDGE ( 'NONE', *, *, #3638, .T. ) ;
#4270 = CARTESIAN_POINT ( 'NONE',  ( -0.1468494528491103845, 3.313140007000956011, -2.500000000000000444 ) ) ;
#4271 = CARTESIAN_POINT ( 'NONE',  ( -1.472033975331067168, 4.594571757604637874, 2.500000000000000000 ) ) ;
#4272 = CARTESIAN_POINT ( 'NONE',  ( -6.399999999999999467, 11.00000000000000000, 2.500000000000000444 ) ) ;
#4273 = FILL_AREA_STYLE_COLOUR ( '', #696 ) ;
#4274 = EDGE_CURVE ( 'NONE', #4864, #1899, #1265, .T. ) ;
#4275 =( GEOMETRIC_REPRESENTATION_CONTEXT ( 3 ) GLOBAL_UNCERTAINTY_ASSIGNED_CONTEXT ( ( #1090 ) ) GLOBAL_UNIT_ASSIGNED_CONTEXT ( ( #148, #1239, #5946 ) ) REPRESENTATION_CONTEXT ( 'NONE', 'WORKASPACE' ) );
#4276 = AXIS2_PLACEMENT_3D ( 'NONE', #4085, #34, #1586 ) ;
#4277 = EDGE_LOOP ( 'NONE', ( #4897, #2043, #2916, #6173, #1615, #5530, #4437, #5377, #3379, #3666, #4602, #4984, #1473, #5982, #3133 ) ) ;
#4278 = CARTESIAN_POINT ( 'NONE',  ( 3.919660710850039642, 3.816075528543677819, 2.499999999999999556 ) ) ;
#4279 = LINE ( 'NONE', #4822, #5083 ) ;
#4280 = EDGE_CURVE ( 'NONE', #2064, #145, #6307, .T. ) ;
#4281 = UNCERTAINTY_MEASURE_WITH_UNIT (LENGTH_MEASURE( 1.000000000000000082E-05 ), #6029, 'distance_accuracy_value', 'NONE');
#4282 = DIRECTION ( 'NONE',  ( 0.000000000000000000, 1.000000000000000000, 0.000000000000000000 ) ) ;
#4283 = DIRECTION ( 'NONE',  ( -0.000000000000000000, -0.000000000000000000, -1.000000000000000000 ) ) ;
#4284 = LINE ( 'NONE', #6360, #1063 ) ;
#4285 = UNCERTAINTY_MEASURE_WITH_UNIT (LENGTH_MEASURE( 1.000000000000000082E-05 ), #779, 'distance_accuracy_value', 'NONE');
#4286 = DIRECTION ( 'NONE',  ( 0.000000000000000000, 1.000000000000000000, 0.000000000000000000 ) ) ;
#4287 = VERTEX_POINT ( 'NONE', #3845 ) ;
#4288 = CARTESIAN_POINT ( 'NONE',  ( 3.499999999999999556, 0.2000000000000000111, -2.300000000000000266 ) ) ;
#4289 = FILL_AREA_STYLE ('',( #4735 ) ) ;
#4290 = EDGE_LOOP ( 'NONE', ( #1915, #5909, #4916, #5781 ) ) ;
#4291 = LINE ( 'NONE', #1803, #2919 ) ;
#4292 = VECTOR ( 'NONE', #2536, 1000.000000000000114 ) ;
#4293 = EDGE_CURVE ( 'NONE', #6039, #4727, #4909, .T. ) ;
#4294 = CARTESIAN_POINT ( 'NONE',  ( -0.008706985602283126569, 5.001155453777410997, 2.500000000000000000 ) ) ;
#4295 = COLOUR_RGB ( '',0.6941176470588235059, 0.09803921568627450844, 0.09803921568627450844 ) ;
#4296 = ORIENTED_EDGE ( 'NONE', *, *, #3324, .F. ) ;
#4297 = CARTESIAN_POINT ( 'NONE',  ( -6.400000000000011902, 0.2000000000000022593, 2.500000000000000444 ) ) ;
#4298 = ORIENTED_EDGE ( 'NONE', *, *, #4610, .F. ) ;
#4299 = DIRECTION ( 'NONE',  ( -1.000000000000000000, 0.000000000000000000, 1.016439536705160653E-16 ) ) ;
#4300 = CARTESIAN_POINT ( 'NONE',  ( -1.709319360920804165, 3.972435254433133167, 2.500000000000000000 ) ) ;
#4301 = ADVANCED_FACE ( 'NONE', ( #1356 ), #760, .T. ) ;
#4302 =( LENGTH_UNIT ( ) NAMED_UNIT ( * ) SI_UNIT ( .MILLI., .METRE. ) );
#4303 = FILL_AREA_STYLE_COLOUR ( '', #5622 ) ;
#4304 = VECTOR ( 'NONE', #4378, 1000.000000000000114 ) ;
#4305 = LINE ( 'NONE', #1812, #6213 ) ;
#4306 = UNCERTAINTY_MEASURE_WITH_UNIT (LENGTH_MEASURE( 1.000000000000000082E-05 ), #1637, 'distance_accuracy_value', 'NONE');
#4307 = ORIENTED_EDGE ( 'NONE', *, *, #1581, .F. ) ;
#4308 = ORIENTED_EDGE ( 'NONE', *, *, #1393, .F. ) ;
#4309 = CARTESIAN_POINT ( 'NONE',  ( -1.682210881188110019, 4.658435891948004226, 2.500000000000000000 ) ) ;
#4310 = DIRECTION ( 'NONE',  ( -1.016439536705160653E-16, 0.000000000000000000, -1.000000000000000000 ) ) ;
#4311 = VECTOR ( 'NONE', #5662, 1000.000000000000000 ) ;
#4312 = EDGE_CURVE ( 'NONE', #4433, #2615, #6439, .T. ) ;
#4313 = ORIENTED_EDGE ( 'NONE', *, *, #4146, .F. ) ;
#4314 =( NAMED_UNIT ( * ) PLANE_ANGLE_UNIT ( ) SI_UNIT ( $, .RADIAN. ) );
#4315 = CARTESIAN_POINT ( 'NONE',  ( 3.361219152408480682, 3.816075528543677819, 2.499999999999999556 ) ) ;
#4316 = LINE ( 'NONE', #3827, #5721 ) ;
#4317 = FILL_AREA_STYLE ('',( #4220 ) ) ;
#4318 = STYLED_ITEM ( 'NONE', ( #5366 ), #5980 ) ;
#4319 = PRESENTATION_STYLE_ASSIGNMENT (( #851 ) ) ;
#4320 = CARTESIAN_POINT ( 'NONE',  ( 0.4720227113527489249, 4.045183374097800488, -2.500000000000000888 ) ) ;
#4321 = ADVANCED_FACE ( 'NONE', ( #322 ), #5812, .T. ) ;
#4322 = UNCERTAINTY_MEASURE_WITH_UNIT (LENGTH_MEASURE( 1.000000000000000082E-05 ), #3423, 'distance_accuracy_value', 'NONE');
#4323 = EDGE_LOOP ( 'NONE', ( #5064, #5312, #3376, #4230 ) ) ;
#4324 = SURFACE_STYLE_FILL_AREA ( #3214 ) ;
#4325 = FACE_BOUND ( 'NONE', #6167, .T. ) ;
#4326 = ORIENTED_EDGE ( 'NONE', *, *, #1669, .F. ) ;
#4327 = CYLINDRICAL_SURFACE ( 'NONE', #69, 0.1000000000000006994 ) ;
#4328 = CARTESIAN_POINT ( 'NONE',  ( 0.04148556391883673200, 4.169542145507730169, 2.499999999999999556 ) ) ;
#4329 = VECTOR ( 'NONE', #3584, 1000.000000000000000 ) ;
#4330 = VECTOR ( 'NONE', #1251, 1000.000000000000000 ) ;
#4331 = ORIENTED_EDGE ( 'NONE', *, *, #992, .T. ) ;
#4332 = DIRECTION ( 'NONE',  ( -9.637352644315544657E-15, -1.000000000000000000, 1.128935843762491673E-30 ) ) ;
#4333 = EDGE_LOOP ( 'NONE', ( #3868, #1861, #4307, #5217 ) ) ;
#4334 = CARTESIAN_POINT ( 'NONE',  ( 3.201379297404813862, 6.751635441718798702, 2.499999999999999556 ) ) ;
#4335 = AXIS2_PLACEMENT_3D ( 'NONE', #2149, #1144, #95 ) ;
#4336 = STYLED_ITEM ( 'NONE', ( #386 ), #4301 ) ;
#4337 = DIRECTION ( 'NONE',  ( -0.5057194997124211389, 0.8626979700976572518, 5.140332939904590317E-17 ) ) ;
#4338 =( NAMED_UNIT ( * ) PLANE_ANGLE_UNIT ( ) SI_UNIT ( $, .RADIAN. ) );
#4339 = CARTESIAN_POINT ( 'NONE',  ( -3.521073585593792021, 8.025580246913603943, 2.500000000000000000 ) ) ;
#4340 = AXIS2_PLACEMENT_3D ( 'NONE', #1616, #5685, #3168 ) ;
#4341 = LINE ( 'NONE', #2808, #985 ) ;
#4342 = ORIENTED_EDGE ( 'NONE', *, *, #4643, .F. ) ;
#4343 = VERTEX_POINT ( 'NONE', #968 ) ;
#4344 = CYLINDRICAL_SURFACE ( 'NONE', #1148, 0.2500000000000003886 ) ;
#4345 = CARTESIAN_POINT ( 'NONE',  ( 6.292893218813451206, 11.00000000000000178, 2.234314575050761587 ) ) ;
#4346 = DIRECTION ( 'NONE',  ( 0.2752428984807475665, -0.9613747171815559822, -2.797677642131566103E-17 ) ) ;
#4347 = PRODUCT_DEFINITION_SHAPE ( 'NONE', 'NONE',  #2835 ) ;
#4348 = EDGE_LOOP ( 'NONE', ( #3993, #1498, #3930, #6265 ) ) ;
#4349 = APPLICATION_PROTOCOL_DEFINITION ( 'draft international standard', 'automotive_design', 1998, #934 ) ;
#4350 = CARTESIAN_POINT ( 'NONE',  ( 0.1062600183023124784, 7.148956870290226639, 2.499999999999999556 ) ) ;
#4351 = UNCERTAINTY_MEASURE_WITH_UNIT (LENGTH_MEASURE( 1.000000000000000082E-05 ), #3003, 'distance_accuracy_value', 'NONE');
#4352 = EDGE_CURVE ( 'NONE', #3940, #30, #4038, .T. ) ;
#4353 = CARTESIAN_POINT ( 'NONE',  ( -1.332416163040687440, 5.126009409797687155, 2.500000000000000000 ) ) ;
#4354 = AXIS2_PLACEMENT_3D ( 'NONE', #5387, #1922, #4855 ) ;
#4355 = CARTESIAN_POINT ( 'NONE',  ( 1.926154217343544639, 4.089208645426794853, 2.499999999999999556 ) ) ;
#4356 = VERTEX_POINT ( 'NONE', #6002 ) ;
#4357 = PLANE ( 'NONE',  #288 ) ;
#4358 = CARTESIAN_POINT ( 'NONE',  ( -0.06782263103435172413, 5.308481580043186376, 2.500000000000000000 ) ) ;
#4359 = VERTEX_POINT ( 'NONE', #2469 ) ;
#4360 = DIRECTION ( 'NONE',  ( -1.000000000000000000, 0.000000000000000000, 0.000000000000000000 ) ) ;
#4361 = ADVANCED_FACE ( 'NONE', ( #3479 ), #1415, .F. ) ;
#4362 = EDGE_CURVE ( 'NONE', #4343, #6214, #1537, .T. ) ;
#4363 = ORIENTED_EDGE ( 'NONE', *, *, #6364, .F. ) ;
#4364 = LINE ( 'NONE', #6405, #6354 ) ;
#4365 = DIRECTION ( 'NONE',  ( -0.000000000000000000, -1.000000000000000000, -0.000000000000000000 ) ) ;
#4366 = EDGE_LOOP ( 'NONE', ( #6202, #6368, #6074, #596, #3394, #5297, #349, #6028, #2645, #2317 ) ) ;
#4367 = FILL_AREA_STYLE_COLOUR ( '', #5767 ) ;
#4369 = CARTESIAN_POINT ( 'NONE',  ( -1.957629768110939583, 5.076596691130225381, 2.500000000000000000 ) ) ;
#4368 = DIRECTION ( 'NONE',  ( -1.000000000000000000, 0.000000000000000000, 1.016439536705160653E-16 ) ) ;
#4370 = FILL_AREA_STYLE ('',( #456 ) ) ;
#4371 = CARTESIAN_POINT ( 'NONE',  ( 2.442247803898319969, 6.525580246913603943, 2.499999999999999556 ) ) ;
#4372 = VECTOR ( 'NONE', #1120, 1000.000000000000227 ) ;
#4373 = SURFACE_STYLE_USAGE ( .BOTH. , #3359 ) ;
#4374 = ORIENTED_EDGE ( 'NONE', *, *, #3592, .F. ) ;
#4375 = ORIENTED_EDGE ( 'NONE', *, *, #4690, .F. ) ;
#4376 = DIRECTION ( 'NONE',  ( -1.016439536705160653E-16, 0.000000000000000000, -1.000000000000000000 ) ) ;
#4377 =( LENGTH_UNIT ( ) NAMED_UNIT ( * ) SI_UNIT ( .MILLI., .METRE. ) );
#4378 = DIRECTION ( 'NONE',  ( -0.5057030506726042374, -0.8627076124275370184, 5.140165745360481418E-17 ) ) ;
#4379 = EDGE_CURVE ( 'NONE', #973, #2370, #224, .T. ) ;
#4380 = FILL_AREA_STYLE ('',( #2385 ) ) ;
#4381 = COLOUR_RGB ( '',0.5882352941176470784, 0.5882352941176470784, 0.6313725490196078205 ) ;
#4382 = VERTEX_POINT ( 'NONE', #3424 ) ;
#4383 = APPLICATION_PROTOCOL_DEFINITION ( 'draft international standard', 'automotive_design', 1998, #3729 ) ;
#4384 = FACE_OUTER_BOUND ( 'NONE', #868, .T. ) ;
#4385 = COLOUR_RGB ( '',0.6941176470588235059, 0.09803921568627450844, 0.09803921568627450844 ) ;
#4386 = CARTESIAN_POINT ( 'NONE',  ( 2.058522154547670180, 6.751635441718798702, 2.499999999999999556 ) ) ;
#4387 = FILL_AREA_STYLE ('',( #2388 ) ) ;
#4388 = EDGE_CURVE ( 'NONE', #3850, #4356, #6545, .T. ) ;
#4389 = DIRECTION ( 'NONE',  ( -1.239088197126290570E-16, -0.000000000000000000, -1.000000000000000000 ) ) ;
#4390 = AXIS2_PLACEMENT_3D ( 'NONE', #4472, #5505, #1943 ) ;
#4391 = SURFACE_STYLE_USAGE ( .BOTH. , #3927 ) ;
#4392 = UNCERTAINTY_MEASURE_WITH_UNIT (LENGTH_MEASURE( 1.000000000000000082E-05 ), #3113, 'distance_accuracy_value', 'NONE');
#4393 = SURFACE_STYLE_FILL_AREA ( #3929 ) ;
#4394 = VERTEX_POINT ( 'NONE', #4471 ) ;
#4395 = CARTESIAN_POINT ( 'NONE',  ( -0.09765635445986589613, 7.804799191816304216, 2.500000000000000000 ) ) ;
#4396 = CARTESIAN_POINT ( 'NONE',  ( -6.400000000000000355, 10.79289321881345032, -2.500000000000001776 ) ) ;
#4397 = CIRCLE ( 'NONE', #6097, 0.1000000000000002554 ) ;
#4398 = AXIS2_PLACEMENT_3D ( 'NONE', #4050, #6087, #2573 ) ;
#4399 = ORIENTED_EDGE ( 'NONE', *, *, #2843, .T. ) ;
#4400 = LINE ( 'NONE', #1934, #47 ) ;
#4401 = MECHANICAL_DESIGN_GEOMETRIC_PRESENTATION_REPRESENTATION (  '', ( #3350 ), #1660 ) ;
#4402 = ORIENTED_EDGE ( 'NONE', *, *, #3202, .T. ) ;
#4403 = DIRECTION ( 'NONE',  ( -1.000000000000000000, 2.464095846557965385E-16, 0.000000000000000000 ) ) ;
#4404 = EDGE_CURVE ( 'NONE', #3079, #5928, #4944, .T. ) ;
#4405 = CARTESIAN_POINT ( 'NONE',  ( 3.057912644506335376, 4.311094846967498562, 2.499999999999999556 ) ) ;
#4406 =( GEOMETRIC_REPRESENTATION_CONTEXT ( 3 ) GLOBAL_UNCERTAINTY_ASSIGNED_CONTEXT ( ( #5830 ) ) GLOBAL_UNIT_ASSIGNED_CONTEXT ( ( #6310, #5746, #659 ) ) REPRESENTATION_CONTEXT ( 'NONE', 'WORKASPACE' ) );
#4407 = ORIENTED_EDGE ( 'NONE', *, *, #4706, .T. ) ;
#4408 = DIRECTION ( 'NONE',  ( 0.000000000000000000, 1.000000000000000000, 0.000000000000000000 ) ) ;
#4410 = CARTESIAN_POINT ( 'NONE',  ( 6.234314575050762919, 11.00000000000000178, -2.292893218813453871 ) ) ;
#4409 = FILL_AREA_STYLE ('',( #5882 ) ) ;
#4411 = CARTESIAN_POINT ( 'NONE',  ( 5.000000000000000000, -1.900000000000000133, 0.1500000000000012990 ) ) ;
#4412 = CARTESIAN_POINT ( 'NONE',  ( 6.399999999999999467, 10.49999999999999822, 1.999999999999999112 ) ) ;
#4413 = COLOUR_RGB ( '',0.6941176470588235059, 0.09803921568627450844, 0.09803921568627450844 ) ;
#4414 = CARTESIAN_POINT ( 'NONE',  ( 0.4016465143218543310, 3.146743138286625996, -2.500000000000000888 ) ) ;
#4415 = ORIENTED_EDGE ( 'NONE', *, *, #4274, .F. ) ;
#4416 = ORIENTED_EDGE ( 'NONE', *, *, #3521, .T. ) ;
#4417 = DIRECTION ( 'NONE',  ( 0.2866676462876166509, -0.9580300937715463538, -2.913803295809438770E-17 ) ) ;
#4418 = SURFACE_STYLE_USAGE ( .BOTH. , #1366 ) ;
#4419 = CARTESIAN_POINT ( 'NONE',  ( -4.759999999999998899, 0.01000000000000002970, 2.500000000000000444 ) ) ;
#4420 = SURFACE_STYLE_USAGE ( .BOTH. , #1919 ) ;
#4421 = PRESENTATION_LAYER_ASSIGNMENT (  '', '', ( #6123 ) ) ;
#4422 = EDGE_CURVE ( 'NONE', #1441, #6548, #1941, .T. ) ;
#4423 = ORIENTED_EDGE ( 'NONE', *, *, #5881, .F. ) ;
#4424 = CARTESIAN_POINT ( 'NONE',  ( -1.964153942736649228, 4.768794684387833271, 2.500000000000000000 ) ) ;
#4425 = CARTESIAN_POINT ( 'NONE',  ( 0.4428553631690206882, 2.905411592092402184, -2.500000000000000888 ) ) ;
#4426 = FILL_AREA_STYLE ('',( #2420 ) ) ;
#4427 = AXIS2_PLACEMENT_3D ( 'NONE', #610, #2062, #4126 ) ;
#4428 = PLANE ( 'NONE',  #1270 ) ;
#4429 = CARTESIAN_POINT ( 'NONE',  ( 5.350000000000000533, 0.1000000000000004080, 2.299999999999999822 ) ) ;
#4430 = ORIENTED_EDGE ( 'NONE', *, *, #2056, .T. ) ;
#4431 = CARTESIAN_POINT ( 'NONE',  ( -3.989214819360025643, 7.012593233926590841, 2.500000000000000000 ) ) ;
#4432 = PRESENTATION_STYLE_ASSIGNMENT (( #409 ) ) ;
#4433 = VERTEX_POINT ( 'NONE', #4355 ) ;
#4434 = CARTESIAN_POINT ( 'NONE',  ( 0.01186052998492240391, 2.287530824034420096, -2.500000000000000888 ) ) ;
#4435 = DIRECTION ( 'NONE',  ( -0.5056996249503958873, 0.8627096205126201234, 5.140130924965538164E-17 ) ) ;
#4436 = EDGE_CURVE ( 'NONE', #3236, #1202, #5962, .T. ) ;
#4437 = ORIENTED_EDGE ( 'NONE', *, *, #3512, .T. ) ;
#4438 = DIRECTION ( 'NONE',  ( 1.016439536705160653E-16, -0.000000000000000000, 1.000000000000000000 ) ) ;
#4439 = CARTESIAN_POINT ( 'NONE',  ( 6.299999999999998934, 6.299999999999999822, 2.299999999999999822 ) ) ;
#4440 = ORIENTED_EDGE ( 'NONE', *, *, #1319, .F. ) ;
#4441 = DIRECTION ( 'NONE',  ( 0.000000000000000000, 0.000000000000000000, -1.000000000000000000 ) ) ;
#4442 = DIRECTION ( 'NONE',  ( 0.000000000000000000, -1.000000000000000000, 0.000000000000000000 ) ) ;
#4443 = EDGE_CURVE ( 'NONE', #5003, #5915, #1434, .T. ) ;
#4444 = FILL_AREA_STYLE ('',( #4911 ) ) ;
#4445 = VECTOR ( 'NONE', #3969, 1000.000000000000000 ) ;
#4446 = UNCERTAINTY_MEASURE_WITH_UNIT (LENGTH_MEASURE( 1.000000000000000082E-05 ), #6394, 'distance_accuracy_value', 'NONE');
#4447 = ORIENTED_EDGE ( 'NONE', *, *, #2974, .F. ) ;
#4448 = EDGE_LOOP ( 'NONE', ( #3953, #4719, #6376, #897 ) ) ;
#4449 = CARTESIAN_POINT ( 'NONE',  ( -1.535278131048337658, 6.525580246913603943, 2.500000000000000000 ) ) ;
#4450 = EDGE_CURVE ( 'NONE', #6433, #6339, #5908, .T. ) ;
#4451 = LINE ( 'NONE', #330, #1902 ) ;
#4452 = AXIS2_PLACEMENT_3D ( 'NONE', #1010, #6012, #6520 ) ;
#4453 = EDGE_CURVE ( 'NONE', #1263, #4287, #3831, .T. ) ;
#4454 = ORIENTED_EDGE ( 'NONE', *, *, #6071, .T. ) ;
#4455 = CIRCLE ( 'NONE', #5304, 0.009999999999999592548 ) ;
#4456 = FACE_OUTER_BOUND ( 'NONE', #3262, .T. ) ;
#4457 = CIRCLE ( 'NONE', #6158, 0.1000000000000002554 ) ;
#4458 = LINE ( 'NONE', #1430, #476 ) ;
#4459 = CARTESIAN_POINT ( 'NONE',  ( -0.4647408788147858183, 4.237006586798411689, -2.500000000000000444 ) ) ;
#4460 = SURFACE_STYLE_FILL_AREA ( #3958 ) ;
#4461 = DIRECTION ( 'NONE',  ( 1.000000000000000000, 0.000000000000000000, 0.000000000000000000 ) ) ;
#4462 = B_SPLINE_CURVE_WITH_KNOTS ( 'NONE', 3,
 ( #2249, #3752, #190, #4243, #3388, #5182, #2281, #1879, #2406, #5282, #4369, #5409, #3874, #6410, #3231, #5920, #1685, #5250, #6282 ),
 .UNSPECIFIED., .F., .F.,
 ( 4, 1, 1, 1, 1, 1, 1, 1, 1, 1, 1, 1, 1, 1, 1, 1, 4 ),
 ( 0.000000000000000000, 0.08042359312847242869, 0.1554478660209143714, 0.2274865779056517712, 0.2949489652405898332, 0.3597986509905203301, 0.4210200219417490342, 0.4819019994984992672, 0.5406082872412762974, 0.5984821386513653474, 0.6551515363375456369, 0.7102010032718260035, 0.7655971895723563403, 0.8217224591483830443, 0.8791641554936614478, 0.9383687171181133158, 1.000000000000000000 ),
 .UNSPECIFIED. ) ;
#4463 = VERTEX_POINT ( 'NONE', #920 ) ;
#4464 = CARTESIAN_POINT ( 'NONE',  ( -0.1112829865913778082, 7.859181664844538950, 2.500000000000000000 ) ) ;
#4465 = VERTEX_POINT ( 'NONE', #5428 ) ;
#4466 = CARTESIAN_POINT ( 'NONE',  ( -1.465270014165220180, 4.591643710361859476, 2.500000000000000000 ) ) ;
#4467 = VERTEX_POINT ( 'NONE', #5293 ) ;
#4468 = CARTESIAN_POINT ( 'NONE',  ( -3.668398331287600289, 7.709458040000970236, 2.500000000000000000 ) ) ;
#4469 = CARTESIAN_POINT ( 'NONE',  ( -5.000000000000000000, -1.900000000000000133, -3.406857464491785501E-16 ) ) ;
#4470 = ORIENTED_EDGE ( 'NONE', *, *, #5630, .T. ) ;
#4471 = CARTESIAN_POINT ( 'NONE',  ( 1.751703972729488745, 6.525580246913603943, 2.499999999999999556 ) ) ;
#4472 = CARTESIAN_POINT ( 'NONE',  ( 6.299999999999998934, 6.299999999999999822, 2.299999999999999822 ) ) ;
#4473 = CARTESIAN_POINT ( 'NONE',  ( -1.954018131901900546, 3.849033469100348714, 2.500000000000000000 ) ) ;
#4474 = VECTOR ( 'NONE', #4150, 1000.000000000000000 ) ;
#4475 = VERTEX_POINT ( 'NONE', #406 ) ;
#4476 = EDGE_CURVE ( 'NONE', #410, #6009, #4875, .T. ) ;
#4477 = CARTESIAN_POINT ( 'NONE',  ( 0.1451495014902112191, 3.310364364202689647, -2.500000000000000888 ) ) ;
#4478 = ORIENTED_EDGE ( 'NONE', *, *, #5741, .F. ) ;
#4479 = EDGE_CURVE ( 'NONE', #3816, #5805, #22, .T. ) ;
#4480 = LINE ( 'NONE', #4549, #2251 ) ;
#4481 = AXIS2_PLACEMENT_3D ( 'NONE', #1147, #3142, #3174 ) ;
#4482 = CARTESIAN_POINT ( 'NONE',  ( 1.565778053080502358E-15, 0.2000000000000005107, 12.49999999999999822 ) ) ;
#4483 = FILL_AREA_STYLE_COLOUR ( '', #1574 ) ;
#4484 = EDGE_CURVE ( 'NONE', #6540, #2254, #2393, .T. ) ;
#4485 = ORIENTED_EDGE ( 'NONE', *, *, #2999, .F. ) ;
#4486 = EDGE_CURVE ( 'NONE', #5706, #6414, #2886, .T. ) ;
#4487 = CARTESIAN_POINT ( 'NONE',  ( 3.700099022538350990, 4.190669684387834160, 2.499999999999999556 ) ) ;
#4488 = ADVANCED_FACE ( 'NONE', ( #2822 ), #4895, .F. ) ;
#4489 = CARTESIAN_POINT ( 'NONE',  ( 2.646590336365852725, 7.076919532627889531, 2.499999999999999556 ) ) ;
#4490 = SURFACE_STYLE_USAGE ( .BOTH. , #470 ) ;
#4491 = EDGE_CURVE ( 'NONE', #1877, #4504, #3336, .T. ) ;
#4492 = EDGE_CURVE ( 'NONE', #1802, #1531, #663, .T. ) ;
#4493 = ORIENTED_EDGE ( 'NONE', *, *, #5002, .T. ) ;
#4494 = CARTESIAN_POINT ( 'NONE',  ( -0.06567199848962412823, 7.692477133575005510, 2.500000000000000000 ) ) ;
#4495 = SURFACE_STYLE_FILL_AREA ( #4054 ) ;
#4496 = DIRECTION ( 'NONE',  ( -1.000000000000000000, 0.000000000000000000, 1.016439536705160653E-16 ) ) ;
#4497 = CARTESIAN_POINT ( 'NONE',  ( 3.333887414287930451, 6.525580246913603943, 2.499999999999999556 ) ) ;
#4498 = VERTEX_POINT ( 'NONE', #1174 ) ;
#4499 = COLOUR_RGB ( '',0.6941176470588235059, 0.09803921568627450844, 0.09803921568627450844 ) ;
#4500 = CIRCLE ( 'NONE', #837, 0.1000000000000002554 ) ;
#4501 = CARTESIAN_POINT ( 'NONE',  ( 5.000000000000000000, -2.000000000000000000, 8.839610526981747557E-16 ) ) ;
#4502 =( LENGTH_UNIT ( ) NAMED_UNIT ( * ) SI_UNIT ( .MILLI., .METRE. ) );
#4503 = EDGE_CURVE ( 'NONE', #2497, #2215, #892, .T. ) ;
#4504 = VERTEX_POINT ( 'NONE', #565 ) ;
#4505 = CARTESIAN_POINT ( 'NONE',  ( -0.2402636125206101536, 5.177851609108650166, 2.500000000000000000 ) ) ;
#4507 = FACE_OUTER_BOUND ( 'NONE', #4008, .T. ) ;
#4506 = DIRECTION ( 'NONE',  ( 0.000000000000000000, 1.000000000000000000, 0.000000000000000000 ) ) ;
#4508 = CARTESIAN_POINT ( 'NONE',  ( -0.3484514857691231593, 2.887800094922960525, -2.500000000000000444 ) ) ;
#4509 = PRESENTATION_LAYER_ASSIGNMENT (  '', '', ( #721 ) ) ;
#4510 = CARTESIAN_POINT ( 'NONE',  ( -0.3643660422091335449, 5.299501953742549176, 2.500000000000000000 ) ) ;
#4511 = EDGE_LOOP ( 'NONE', ( #5331, #961 ) ) ;
#4512 = MECHANICAL_DESIGN_GEOMETRIC_PRESENTATION_REPRESENTATION (  '', ( #4078 ), #5357 ) ;
#4513 = ORIENTED_EDGE ( 'NONE', *, *, #4486, .T. ) ;
#4514 = SURFACE_STYLE_FILL_AREA ( #6519 ) ;
#4515 = FACE_OUTER_BOUND ( 'NONE', #2177, .T. ) ;
#4516 = COLOUR_RGB ( '',0.6941176470588235059, 0.09803921568627450844, 0.09803921568627450844 ) ;
#4517 = PRESENTATION_STYLE_ASSIGNMENT (( #494 ) ) ;
#4518 = EDGE_CURVE ( 'NONE', #958, #5833, #5620, .T. ) ;
#4519 = MECHANICAL_DESIGN_GEOMETRIC_PRESENTATION_REPRESENTATION (  '', ( #6110 ), #5690 ) ;
#4520 = DIRECTION ( 'NONE',  ( 1.885568995626964287E-16, 0.000000000000000000, -1.000000000000000000 ) ) ;
#4521 = AXIS2_PLACEMENT_3D ( 'NONE', #503, #4929, #5521 ) ;
#4522 = ORIENTED_EDGE ( 'NONE', *, *, #5468, .F. ) ;
#4523 = DIRECTION ( 'NONE',  ( 0.000000000000000000, -0.000000000000000000, 1.000000000000000000 ) ) ;
#4524 = SURFACE_STYLE_USAGE ( .BOTH. , #5021 ) ;
#4525 = CARTESIAN_POINT ( 'NONE',  ( -2.002481708433605956, 4.834627126779382777, 2.500000000000000000 ) ) ;
#4526 = CARTESIAN_POINT ( 'NONE',  ( -0.4492187500000000555, 4.237401669274952987, -2.500000000000000444 ) ) ;
#4527 = EDGE_CURVE ( 'NONE', #528, #327, #4647, .T. ) ;
#4528 = ORIENTED_EDGE ( 'NONE', *, *, #6023, .T. ) ;
#4529 = CARTESIAN_POINT ( 'NONE',  ( 2.907548128573644863, 7.252852974186331458, 2.499999999999999556 ) ) ;
#4530 =( LENGTH_UNIT ( ) NAMED_UNIT ( * ) SI_UNIT ( .MILLI., .METRE. ) );
#4531 = VECTOR ( 'NONE', #5229, 1000.000000000000000 ) ;
#4532 = CARTESIAN_POINT ( 'NONE',  ( -0.007421875000000026541, 2.287401669274953697, -2.500000000000000444 ) ) ;
#4533 = CARTESIAN_POINT ( 'NONE',  ( -1.749987261433682662, 5.335233133911792436, 2.500000000000000000 ) ) ;
#4534 = EDGE_CURVE ( 'NONE', #4356, #3477, #3647, .T. ) ;
#4535 = VERTEX_POINT ( 'NONE', #2144 ) ;
#4536 = DIRECTION ( 'NONE',  ( 0.3036967722430826133, 0.9527687392694689228, -3.086894064776116036E-17 ) ) ;
#4537 = VERTEX_POINT ( 'NONE', #1959 ) ;
#4538 = CARTESIAN_POINT ( 'NONE',  ( -0.3895884501759386276, 5.048484122346620140, 2.500000000000000000 ) ) ;
#4540 = CARTESIAN_POINT ( 'NONE',  ( -2.484344689489894620, 3.816075528543677375, 2.500000000000000000 ) ) ;
#4539 = CARTESIAN_POINT ( 'NONE',  ( -0.5719158189744785181, 3.959095375165380570, -2.500000000000000444 ) ) ;
#4541 = CARTESIAN_POINT ( 'NONE',  ( -0.3871450141652199584, 6.973632194965551534, 2.500000000000000000 ) ) ;
#4543 = FACE_OUTER_BOUND ( 'NONE', #4580, .T. ) ;
#4542 = VECTOR ( 'NONE', #4801, 1000.000000000000000 ) ;
#4544 = ORIENTED_EDGE ( 'NONE', *, *, #5276, .F. ) ;
#4545 = FILL_AREA_STYLE ('',( #5923 ) ) ;
#4546 = VECTOR ( 'NONE', #2276, 1000.000000000000114 ) ;
#4547 = ORIENTED_EDGE ( 'NONE', *, *, #45, .T. ) ;
#4548 = CARTESIAN_POINT ( 'NONE',  ( 2.644904217343544861, 4.543348255816405334, 2.499999999999999556 ) ) ;
#4549 = CARTESIAN_POINT ( 'NONE',  ( 5.250000000000000888, 0.1000000000000004219, 12.49999999999999645 ) ) ;
#4550 = CARTESIAN_POINT ( 'NONE',  ( 2.776803567992895960, 3.816075528543677819, 2.499999999999999556 ) ) ;
#4551 = CARTESIAN_POINT ( 'NONE',  ( 0.2445312500000000611, 3.506151669274953697, -2.500000000000000888 ) ) ;
#4552 = AXIS2_PLACEMENT_3D ( 'NONE', #4469, #2955, #3451 ) ;
#4553 = STYLED_ITEM ( 'NONE', ( #5149 ), #2854 ) ;
#4554 = ORIENTED_EDGE ( 'NONE', *, *, #2746, .T. ) ;
#4555 = CARTESIAN_POINT ( 'NONE',  ( -4.370302481697687647, 5.316075528543677819, 2.500000000000000444 ) ) ;
#4556 = MECHANICAL_DESIGN_GEOMETRIC_PRESENTATION_REPRESENTATION (  '', ( #341 ), #4228 ) ;
#4557 = SURFACE_SIDE_STYLE ('',( #4177 ) ) ;
#4558 = LINE ( 'NONE', #1145, #289 ) ;
#4559 = VECTOR ( 'NONE', #6344, 1000.000000000000000 ) ;
#4560 =( NAMED_UNIT ( * ) SI_UNIT ( $, .STERADIAN. ) SOLID_ANGLE_UNIT ( ) );
#4561 = VECTOR ( 'NONE', #1177, 1000.000000000000114 ) ;
#4562 = VECTOR ( 'NONE', #6142, 1000.000000000000000 ) ;
#4563 = VERTEX_POINT ( 'NONE', #4140 ) ;
#4564 = CARTESIAN_POINT ( 'NONE',  ( 3.478976700002216482, 7.252852974186331458, 2.499999999999999556 ) ) ;
#4565 = ADVANCED_FACE ( 'NONE', ( #5112 ), #5460, .F. ) ;
#4566 = CARTESIAN_POINT ( 'NONE',  ( 6.500000000000000000, 11.00000000000000000, -2.400000000000000799 ) ) ;
#4567 = CARTESIAN_POINT ( 'NONE',  ( -6.299999999999998934, 0.5000000000000000000, 2.299999999999999822 ) ) ;
#4568 = LINE ( 'NONE', #42, #4716 ) ;
#4569 = UNCERTAINTY_MEASURE_WITH_UNIT (LENGTH_MEASURE( 1.000000000000000082E-05 ), #5513, 'distance_accuracy_value', 'NONE');
#4570 = STYLED_ITEM ( 'NONE', ( #3550 ), #4152 ) ;
#4571 =( BOUNDED_SURFACE ( )  B_SPLINE_SURFACE ( 3, 2, ( 
 ( #638, #5287, #4247 ),
 ( #6288, #3270, #3629 ),
 ( #775, #4628, #2647 ),
 ( #2123, #4121, #5657 ),
 ( #1152, #3147, #134 ),
 ( #2159, #1652, #1222 ),
 ( #3656, #3177, #5192 ),
 ( #676, #160, #2193 ) ),
 .UNSPECIFIED., .F., .F., .T. ) 
 B_SPLINE_SURFACE_WITH_KNOTS ( ( 4, 2, 2, 4 ),
 ( 3, 3 ),
 ( 6.283185307179586232, 6.675884388878310816, 7.068583470577034511, 7.853981633974482790 ),
 ( 0.000000000000000000, 1.000000000000000000 ),
 .UNSPECIFIED. ) 
 GEOMETRIC_REPRESENTATION_ITEM ( )  RATIONAL_B_SPLINE_SURFACE ( (
 ( 1.000000000000000000, 0.7071067811865475727, 1.000000000000000000),
 ( 1.000000000000000000, 0.7066756583515007017, 1.000000000000000000),
 ( 1.000000000000000000, 0.7265518703623919938, 1.000000000000000000),
 ( 1.000000000000000000, 0.7876783693348035076, 1.000000000000000000),
 ( 1.000000000000000000, 0.8282380132476101497, 1.000000000000000000),
 ( 1.000000000000000000, 0.9416001848581075917, 1.000000000000000000),
 ( 1.000000000000000000, 1.002675625928712400, 1.000000000000000000),
 ( 1.000000000000000000, 1.000000000000000000, 1.000000000000000000) ) ) 
 REPRESENTATION_ITEM ( '' )  SURFACE ( )  );
#4572 = ORIENTED_EDGE ( 'NONE', *, *, #3521, .F. ) ;
#4573 = EDGE_CURVE ( 'NONE', #5889, #1978, #3815, .T. ) ;
#4574 = VERTEX_POINT ( 'NONE', #764 ) ;
#4575 = DIRECTION ( 'NONE',  ( -1.000000000000000000, 0.000000000000000000, 0.000000000000000000 ) ) ;
#4576 = CARTESIAN_POINT ( 'NONE',  ( -5.999999999999999112, 11.00000000000000000, 1.999999999999999556 ) ) ;
#4577 = CARTESIAN_POINT ( 'NONE',  ( -0.2593982215809764735, 2.651578988359651223, -2.500000000000000444 ) ) ;
#4578 = CYLINDRICAL_SURFACE ( 'NONE', #2418, 0.1000000000000002554 ) ;
#4579 = VECTOR ( 'NONE', #3472, 1000.000000000000000 ) ;
#4580 = EDGE_LOOP ( 'NONE', ( #5888, #6349, #3136, #4210 ) ) ;
#4581 = LINE ( 'NONE', #54, #1396 ) ;
#4582 = VERTEX_POINT ( 'NONE', #1742 ) ;
#4583 = CARTESIAN_POINT ( 'NONE',  ( 0.000000000000000000, 0.5000000000000000000, 0.000000000000000000 ) ) ;
#4584 = CARTESIAN_POINT ( 'NONE',  ( -1.383999721957428708, 6.981850539121396082, 2.500000000000000000 ) ) ;
#4585 = CARTESIAN_POINT ( 'NONE',  ( 0.1453804070602835452, 4.515867889904739307, 2.499999999999999556 ) ) ;
#4586 = LINE ( 'NONE', #3582, #6319 ) ;
#4587 = VECTOR ( 'NONE', #6493, 1000.000000000000114 ) ;
#4588 = CARTESIAN_POINT ( 'NONE',  ( -1.438276553599399987, 4.937060025213458658, 2.500000000000000000 ) ) ;
#4589 = ORIENTED_EDGE ( 'NONE', *, *, #713, .T. ) ;
#4590 = SURFACE_STYLE_FILL_AREA ( #31 ) ;
#4591 = EDGE_CURVE ( 'NONE', #1679, #3167, #2705, .T. ) ;
#4592 = ORIENTED_EDGE ( 'NONE', *, *, #3198, .F. ) ;
#4593 = LINE ( 'NONE', #256, #3549 ) ;
#4594 = LINE ( 'NONE', #6154, #5997 ) ;
#4595 = CARTESIAN_POINT ( 'NONE',  ( -0.1990518258994272149, 4.556095294614280533, 2.500000000000000000 ) ) ;
#4596 =( GEOMETRIC_REPRESENTATION_CONTEXT ( 3 ) GLOBAL_UNCERTAINTY_ASSIGNED_CONTEXT ( ( #5901 ) ) GLOBAL_UNIT_ASSIGNED_CONTEXT ( ( #4053, #5625, #5088 ) ) REPRESENTATION_CONTEXT ( 'NONE', 'WORKASPACE' ) );
#4597 = ORIENTED_EDGE ( 'NONE', *, *, #5468, .T. ) ;
#4598 = CARTESIAN_POINT ( 'NONE',  ( 0.1157159626768346078, 3.962020982317714157, 2.499999999999999556 ) ) ;
#4599 = SURFACE_SIDE_STYLE ('',( #5123 ) ) ;
#4600 = DIRECTION ( 'NONE',  ( 1.000000000000000000, 0.000000000000000000, 0.000000000000000000 ) ) ;
#4601 = FACE_OUTER_BOUND ( 'NONE', #4323, .T. ) ;
#4602 = ORIENTED_EDGE ( 'NONE', *, *, #4280, .T. ) ;
#4603 = PRESENTATION_STYLE_ASSIGNMENT (( #2584 ) ) ;
#4604 = VERTEX_POINT ( 'NONE', #6240 ) ;
#4605 = LINE ( 'NONE', #140, #5654 ) ;
#4606 = CARTESIAN_POINT ( 'NONE',  ( -6.260993393659449069, 10.94611338752709706, 2.208794714927564851 ) ) ;
#4607 = VECTOR ( 'NONE', #2691, 1000.000000000000000 ) ;
#4608 = CARTESIAN_POINT ( 'NONE',  ( 2.442247803898319969, 6.525580246913603943, 2.499999999999999556 ) ) ;
#4609 =( GEOMETRIC_REPRESENTATION_CONTEXT ( 3 ) GLOBAL_UNCERTAINTY_ASSIGNED_CONTEXT ( ( #4224 ) ) GLOBAL_UNIT_ASSIGNED_CONTEXT ( ( #1253, #1727, #5728 ) ) REPRESENTATION_CONTEXT ( 'NONE', 'WORKASPACE' ) );
#4610 = EDGE_CURVE ( 'NONE', #1352, #5325, #799, .T. ) ;
#4611 = VERTEX_POINT ( 'NONE', #1713 ) ;
#4612 = CARTESIAN_POINT ( 'NONE',  ( -0.5715334941405341151, 2.556704935784011479, -2.500000000000000444 ) ) ;
#4613 = ORIENTED_EDGE ( 'NONE', *, *, #1277, .F. ) ;
#4614 = FILL_AREA_STYLE_COLOUR ( '', #835 ) ;
#4615 = AXIS2_PLACEMENT_3D ( 'NONE', #2021, #4653, #4084 ) ;
#4616 = LINE ( 'NONE', #119, #1115 ) ;
#4617 = CARTESIAN_POINT ( 'NONE',  ( -1.389783001178207300, 4.228819035037184371, 2.500000000000000000 ) ) ;
#4618 = EDGE_CURVE ( 'NONE', #725, #2520, #1331, .T. ) ;
#4619 = ORIENTED_EDGE ( 'NONE', *, *, #1626, .F. ) ;
#4620 = VERTEX_POINT ( 'NONE', #2771 ) ;
#4621 = DIRECTION ( 'NONE',  ( -0.5057194997124211389, 0.8626979700976572518, 5.140332939904590317E-17 ) ) ;
#4622 = PRESENTATION_STYLE_ASSIGNMENT (( #3006 ) ) ;
#4623 = LINE ( 'NONE', #2084, #1958 ) ;
#4624 = B_SPLINE_CURVE_WITH_KNOTS ( 'NONE', 3,
 ( #6395, #5828, #6292, #3306, #5864, #1757, #6260, #3690, #5321, #3725, #3341, #2819, #5760, #1225, #5353 ),
 .UNSPECIFIED., .F., .F.,
 ( 4, 1, 1, 1, 1, 1, 1, 1, 1, 1, 1, 1, 4 ),
 ( 0.000000000000000000, 0.08427347156089250169, 0.1665166244253436789, 0.2473877598069610106, 0.3288365457123066382, 0.4090983268496174441, 0.4877267016055337745, 0.5657077880693256455, 0.6449848608508590431, 0.7265584459444182075, 0.8120697979385853582, 0.9027287756276010100, 1.000000000000000000 ),
 .UNSPECIFIED. ) ;
#4625 = EDGE_CURVE ( 'NONE', #4537, #1352, #3330, .T. ) ;
#4626 = ORIENTED_EDGE ( 'NONE', *, *, #1569, .T. ) ;
#4627 = SURFACE_SIDE_STYLE ('',( #1052 ) ) ;
#4628 = CARTESIAN_POINT ( 'NONE',  ( 6.482351395890322721, 10.65305593890108149, 2.482351395890337376 ) ) ;
#4629 = CARTESIAN_POINT ( 'NONE',  ( 1.766048697863024985, 3.816075528543677819, 2.499999999999999556 ) ) ;
#4630 = CARTESIAN_POINT ( 'NONE',  ( -2.162369957477925819, 5.010707705676946233, 2.500000000000000000 ) ) ;
#4631 = VECTOR ( 'NONE', #5956, 1000.000000000000000 ) ;
#4632 = PRESENTATION_STYLE_ASSIGNMENT (( #2059 ) ) ;
#4633 = ORIENTED_EDGE ( 'NONE', *, *, #4118, .F. ) ;
#4634 =( NAMED_UNIT ( * ) SI_UNIT ( $, .STERADIAN. ) SOLID_ANGLE_UNIT ( ) );
#4635 = ORIENTED_EDGE ( 'NONE', *, *, #2480, .F. ) ;
#4636 = ORIENTED_EDGE ( 'NONE', *, *, #2624, .T. ) ;
#4637 = CARTESIAN_POINT ( 'NONE',  ( -3.532640144035350538, 5.140750853219002714, 2.500000000000000000 ) ) ;
#4638 = CARTESIAN_POINT ( 'NONE',  ( 0.3300781250000000000, 2.784667294274953520, -2.500000000000000888 ) ) ;
#4639 = CARTESIAN_POINT ( 'NONE',  ( -0.1075518776915240088, 2.549620314042693181, -2.500000000000000444 ) ) ;
#4640 = FACE_OUTER_BOUND ( 'NONE', #3278, .T. ) ;
#4641 = ORIENTED_EDGE ( 'NONE', *, *, #2757, .T. ) ;
#4642 = EDGE_LOOP ( 'NONE', ( #846, #5232, #706, #2673, #4135, #3570, #5580, #6466, #5358, #4641, #5019, #1743, #4407, #5853, #6181 ) ) ;
#4643 = EDGE_CURVE ( 'NONE', #1907, #1738, #4341, .T. ) ;
#4644 = CARTESIAN_POINT ( 'NONE',  ( -0.3335735855937913552, 7.148956870290226639, 2.500000000000000000 ) ) ;
#4645 = AXIS2_PLACEMENT_3D ( 'NONE', #743, #4755, #226 ) ;
#4646 = VECTOR ( 'NONE', #5134, 1000.000000000000114 ) ;
#4647 = LINE ( 'NONE', #4079, #3590 ) ;
#4648 = ORIENTED_EDGE ( 'NONE', *, *, #5139, .F. ) ;
#4649 = CARTESIAN_POINT ( 'NONE',  ( 5.999999999999998224, 11.00000000000000000, 1.999999999999999112 ) ) ;
#4650 = EDGE_CURVE ( 'NONE', #245, #2583, #4266, .T. ) ;
#4651 = ORIENTED_EDGE ( 'NONE', *, *, #5877, .T. ) ;
#4652 = CARTESIAN_POINT ( 'NONE',  ( 0.4669522524455237966, 3.145505924800677366, -2.500000000000000888 ) ) ;
#4653 = DIRECTION ( 'NONE',  ( -1.016439536705160653E-16, 0.000000000000000000, -1.000000000000000000 ) ) ;
#4654 = AXIS2_PLACEMENT_3D ( 'NONE', #3392, #5012, #4949 ) ;
#4655 = CARTESIAN_POINT ( 'NONE',  ( -0.2153065606678901678, 4.555583735657065425, 2.500000000000000000 ) ) ;
#4656 = ADVANCED_FACE ( 'NONE', ( #2213 ), #2243, .F. ) ;
#4657 = VERTEX_POINT ( 'NONE', #4238 ) ;
#4658 =( NAMED_UNIT ( * ) SI_UNIT ( $, .STERADIAN. ) SOLID_ANGLE_UNIT ( ) );
#4659 = VECTOR ( 'NONE', #4368, 1000.000000000000000 ) ;
#4660 = CARTESIAN_POINT ( 'NONE',  ( -0.3129752794253498061, 3.812334458850581420, 2.500000000000000000 ) ) ;
#4661 = CARTESIAN_POINT ( 'NONE',  ( -6.299999999999999822, 6.299999999999999822, -2.300000000000000711 ) ) ;
#4662 = LINE ( 'NONE', #2649, #1427 ) ;
#4663 = CARTESIAN_POINT ( 'NONE',  ( -6.300000000000006928, 0.2000000000000013989, -2.300000000000000711 ) ) ;
#4664 = COLOUR_RGB ( '',0.6941176470588235059, 0.09803921568627450844, 0.09803921568627450844 ) ;
#4665 = VECTOR ( 'NONE', #1244, 1000.000000000000000 ) ;
#4666 = LINE ( 'NONE', #1696, #4311 ) ;
#4667 = CARTESIAN_POINT ( 'NONE',  ( -5.999999999999999112, 11.00000000000000000, -2.000000000000000000 ) ) ;
#4668 = ORIENTED_EDGE ( 'NONE', *, *, #6056, .F. ) ;
#4669 = DIRECTION ( 'NONE',  ( -9.637352644315546235E-15, 1.000000000000000000, 0.000000000000000000 ) ) ;
#4670 = PRESENTATION_STYLE_ASSIGNMENT (( #3802 ) ) ;
#4671 = B_SPLINE_CURVE_WITH_KNOTS ( 'NONE', 3,
 ( #3639, #6105, #5637, #3607, #2066, #6134, #1129, #110, #5669, #5601, #5564, #5102, #3117, #1067, #5533, #2991, #1568, #2009, #615 ),
 .UNSPECIFIED., .F., .F.,
 ( 4, 1, 1, 1, 1, 1, 1, 1, 1, 1, 1, 1, 1, 1, 1, 1, 4 ),
 ( 0.000000000000000000, 0.06417338112049654486, 0.1273374210867049827, 0.1889307413966398730, 0.2509237493315005785, 0.3120363869072804719, 0.3723258985428775647, 0.4318273312937391806, 0.4919859883032123293, 0.5520162122433699414, 0.6127461127672253483, 0.6742945697945621486, 0.7374470326559925404, 0.8016925350710507603, 0.8663200680579595803, 0.9322210681297309343, 1.000000000000000000 ),
 .UNSPECIFIED. ) ;
#4672 = VERTEX_POINT ( 'NONE', #6277 ) ;
#4673 = DIRECTION ( 'NONE',  ( -1.016439536705160653E-16, 0.000000000000000000, -1.000000000000000000 ) ) ;
#4674 = VERTEX_POINT ( 'NONE', #5779 ) ;
#4675 = CARTESIAN_POINT ( 'NONE',  ( -6.399999999999999467, 11.00000000000000000, 2.500000000000000444 ) ) ;
#4676 = ORIENTED_EDGE ( 'NONE', *, *, #3118, .T. ) ;
#4677 =( NAMED_UNIT ( * ) PLANE_ANGLE_UNIT ( ) SI_UNIT ( $, .RADIAN. ) );
#4678 = CARTESIAN_POINT ( 'NONE',  ( -0.1556448228827393143, 4.726387938510872466, 2.500000000000000000 ) ) ;
#4679 = CARTESIAN_POINT ( 'NONE',  ( -1.658576330542293586, 3.972618189435192182, 2.500000000000000000 ) ) ;
#4680 = DIRECTION ( 'NONE',  ( -0.000000000000000000, -1.000000000000000000, -0.000000000000000000 ) ) ;
#4681 = AXIS2_PLACEMENT_3D ( 'NONE', #1726, #744, #1755 ) ;
#4682 = ADVANCED_FACE ( 'NONE', ( #1268 ), #3293, .F. ) ;
#4683 = CARTESIAN_POINT ( 'NONE',  ( -1.717492843203634045, 5.159988749320578272, 2.500000000000000000 ) ) ;
#4684 = VERTEX_POINT ( 'NONE', #5509 ) ;
#4685 =( NAMED_UNIT ( * ) SI_UNIT ( $, .STERADIAN. ) SOLID_ANGLE_UNIT ( ) );
#4686 = ORIENTED_EDGE ( 'NONE', *, *, #2963, .F. ) ;
#4687 = CARTESIAN_POINT ( 'NONE',  ( 1.646933438122765381, 3.816075528543677819, 2.499999999999999556 ) ) ;
#4688 = CARTESIAN_POINT ( 'NONE',  ( 3.906673697863026984, 4.543348255816405334, 2.499999999999999556 ) ) ;
#4689 = DIRECTION ( 'NONE',  ( -1.239088197126290570E-16, -0.000000000000000000, -1.000000000000000000 ) ) ;
#4690 = EDGE_CURVE ( 'NONE', #5163, #1116, #1946, .T. ) ;
#4691 = MECHANICAL_DESIGN_GEOMETRIC_PRESENTATION_REPRESENTATION (  '', ( #1127 ), #6064 ) ;
#4692 = EDGE_CURVE ( 'NONE', #5782, #725, #2965, .T. ) ;
#4693 = ORIENTED_EDGE ( 'NONE', *, *, #1841, .F. ) ;
#4694 = DIRECTION ( 'NONE',  ( 0.000000000000000000, -1.000000000000000000, 0.000000000000000000 ) ) ;
#4695 = EDGE_CURVE ( 'NONE', #1589, #2956, #2901, .T. ) ;
#4696 = SURFACE_STYLE_USAGE ( .BOTH. , #2057 ) ;
#4697 = PLANE ( 'NONE',  #3132 ) ;
#4698 = CARTESIAN_POINT ( 'NONE',  ( 6.399999999999999467, 11.00000000000000000, 2.399999999999999911 ) ) ;
#4699 = CARTESIAN_POINT ( 'NONE',  ( -6.399999999999999467, 11.00000000000000000, 2.500000000000000444 ) ) ;
#4700 = UNCERTAINTY_MEASURE_WITH_UNIT (LENGTH_MEASURE( 1.000000000000000082E-05 ), #2439, 'distance_accuracy_value', 'NONE');
#4701 = CARTESIAN_POINT ( 'NONE',  ( 1.866495126434453811, 4.190669684387834160, 2.499999999999999556 ) ) ;
#4702 = VERTEX_POINT ( 'NONE', #4982 ) ;
#4703 = CARTESIAN_POINT ( 'NONE',  ( -3.735968066113272368, 8.025580246913603943, 2.500000000000000000 ) ) ;
#4704 =( NAMED_UNIT ( * ) PLANE_ANGLE_UNIT ( ) SI_UNIT ( $, .RADIAN. ) );
#4705 = ORIENTED_EDGE ( 'NONE', *, *, #1333, .T. ) ;
#4706 = EDGE_CURVE ( 'NONE', #1199, #927, #3911, .T. ) ;
#4707 = DIRECTION ( 'NONE',  ( 1.885568995626964287E-16, -0.000000000000000000, -1.000000000000000000 ) ) ;
#4708 = ORIENTED_EDGE ( 'NONE', *, *, #881, .F. ) ;
#4709 = VECTOR ( 'NONE', #967, 1000.000000000000000 ) ;
#4710 = FILL_AREA_STYLE_COLOUR ( '', #4726 ) ;
#4711 = MECHANICAL_DESIGN_GEOMETRIC_PRESENTATION_REPRESENTATION (  '', ( #717 ), #4609 ) ;
#4712 = B_SPLINE_CURVE_WITH_KNOTS ( 'NONE', 3,
 ( #1414, #5036, #4505, #2006, #4003, #6033, #2528, #928, #419, #4538, #452, #6477, #2466, #3453, #4097 ),
 .UNSPECIFIED., .F., .F.,
 ( 4, 1, 1, 1, 1, 1, 1, 1, 1, 1, 1, 1, 4 ),
 ( 0.000000000000000000, 0.1157650784265951832, 0.2252032054860282628, 0.3349430611455468387, 0.4481580580999238173, 0.5071195114202261545, 0.5672858645983624992, 0.6306224506208066849, 0.6965576080074878940, 0.7662657032136781510, 0.8400942303236423880, 0.9174810998729985290, 1.000000000000000000 ),
 .UNSPECIFIED. ) ;
#4713 = DIRECTION ( 'NONE',  ( 0.000000000000000000, 0.000000000000000000, 1.000000000000000000 ) ) ;
#4714 = VECTOR ( 'NONE', #491, 1000.000000000000000 ) ;
#4715 = VECTOR ( 'NONE', #2008, 1000.000000000000000 ) ;
#4716 = VECTOR ( 'NONE', #3568, 1000.000000000000114 ) ;
#4717 = VERTEX_POINT ( 'NONE', #2379 ) ;
#4718 = SURFACE_STYLE_FILL_AREA ( #3681 ) ;
#4719 = ORIENTED_EDGE ( 'NONE', *, *, #2099, .T. ) ;
#4720 = CARTESIAN_POINT ( 'NONE',  ( -0.5365214386406789160, 4.011122377411165729, 2.500000000000000000 ) ) ;
#4721 = CARTESIAN_POINT ( 'NONE',  ( -6.299999999999999822, 5.599999999999998757, -2.300000000000000711 ) ) ;
#4722 = DIRECTION ( 'NONE',  ( 0.000000000000000000, -1.000000000000000000, 0.000000000000000000 ) ) ;
#4723 = CARTESIAN_POINT ( 'NONE',  ( 3.677712387770886160, 4.355576258744253693, 2.499999999999999556 ) ) ;
#4725 = PRESENTATION_LAYER_ASSIGNMENT (  '', '', ( #512 ) ) ;
#4724 = MECHANICAL_DESIGN_GEOMETRIC_PRESENTATION_REPRESENTATION (  '', ( #511 ), #4826 ) ;
#4726 = COLOUR_RGB ( '',0.6941176470588235059, 0.09803921568627450844, 0.09803921568627450844 ) ;
#4727 = VERTEX_POINT ( 'NONE', #2443 ) ;
#4728 = FILL_AREA_STYLE ('',( #707 ) ) ;
#4729 = FILL_AREA_STYLE ('',( #878 ) ) ;
#4730 = CARTESIAN_POINT ( 'NONE',  ( 2.178246180521695941, 7.252852974186331458, 2.499999999999999556 ) ) ;
#4731 = EDGE_CURVE ( 'NONE', #2033, #1130, #6008, .T. ) ;
#4732 = LINE ( 'NONE', #1280, #5671 ) ;
#4733 = UNCERTAINTY_MEASURE_WITH_UNIT (LENGTH_MEASURE( 1.000000000000000082E-05 ), #5987, 'distance_accuracy_value', 'NONE');
#4734 = FILL_AREA_STYLE ('',( #3766 ) ) ;
#4735 = FILL_AREA_STYLE_COLOUR ( '', #5636 ) ;
#4736 = ORIENTED_EDGE ( 'NONE', *, *, #1588, .F. ) ;
#4737 = FACE_OUTER_BOUND ( 'NONE', #75, .T. ) ;
#4738 = DIRECTION ( 'NONE',  ( -0.5057030506726042374, -0.8627076124275370184, 5.140165745360481418E-17 ) ) ;
#4739 = VECTOR ( 'NONE', #2905, 1000.000000000000114 ) ;
#4740 = ORIENTED_EDGE ( 'NONE', *, *, #6479, .F. ) ;
#4741 = PRESENTATION_STYLE_ASSIGNMENT (( #4160 ) ) ;
#4742 = FILL_AREA_STYLE_COLOUR ( '', #336 ) ;
#4743 = ORIENTED_EDGE ( 'NONE', *, *, #3998, .F. ) ;
#4744 = CARTESIAN_POINT ( 'NONE',  ( 6.131267308959655438, 10.99999999999999822, -2.105013847167713781 ) ) ;
#4745 = CARTESIAN_POINT ( 'NONE',  ( -6.400000000000000355, 0.2000000000000022593, -2.399999999999999911 ) ) ;
#4746 = B_SPLINE_CURVE_WITH_KNOTS ( 'NONE', 3,
 ( #335, #5453, #1400, #3368, #6456, #2853, #5861 ),
 .UNSPECIFIED., .F., .F.,
 ( 4, 1, 1, 1, 4 ),
 ( 0.000000000000000000, 0.2484778104757215667, 0.4968971140295250222, 0.7476267225004716854, 1.000000000000000000 ),
 .UNSPECIFIED. ) ;
#4747 = PRESENTATION_STYLE_ASSIGNMENT (( #6312 ) ) ;
#4748 = VERTEX_POINT ( 'NONE', #3429 ) ;
#4749 = ORIENTED_EDGE ( 'NONE', *, *, #5046, .T. ) ;
#4750 = CARTESIAN_POINT ( 'NONE',  ( 2.086259736824064071, 3.816075528543677819, 2.499999999999999556 ) ) ;
#4751 = DIRECTION ( 'NONE',  ( 1.000000000000000000, 0.000000000000000000, -1.016439536705160653E-16 ) ) ;
#4752 =( NAMED_UNIT ( * ) SI_UNIT ( $, .STERADIAN. ) SOLID_ANGLE_UNIT ( ) );
#4753 = VECTOR ( 'NONE', #350, 1000.000000000000114 ) ;
#4754 = ORIENTED_EDGE ( 'NONE', *, *, #5467, .T. ) ;
#4755 = DIRECTION ( 'NONE',  ( 1.016439536705160653E-16, -0.000000000000000000, 1.000000000000000000 ) ) ;
#4756 = VECTOR ( 'NONE', #5277, 1000.000000000000000 ) ;
#4757 = DIRECTION ( 'NONE',  ( -1.000000000000000000, 1.117056783772943269E-15, 0.000000000000000000 ) ) ;
#4758 = PRESENTATION_STYLE_ASSIGNMENT (( #2196 ) ) ;
#4759 =( NAMED_UNIT ( * ) SI_UNIT ( $, .STERADIAN. ) SOLID_ANGLE_UNIT ( ) );
#4760 = MECHANICAL_DESIGN_GEOMETRIC_PRESENTATION_REPRESENTATION (  '', ( #5292 ), #4014 ) ;
#4761 = DIRECTION ( 'NONE',  ( -1.016439536705160653E-16, 0.000000000000000000, -1.000000000000000000 ) ) ;
#4762 = EDGE_CURVE ( 'NONE', #2887, #6101, #4915, .T. ) ;
#4763 =( NAMED_UNIT ( * ) SI_UNIT ( $, .STERADIAN. ) SOLID_ANGLE_UNIT ( ) );
#4764 = VERTEX_POINT ( 'NONE', #4880 ) ;
#4765 = FACE_OUTER_BOUND ( 'NONE', #3538, .T. ) ;
#4766 = CARTESIAN_POINT ( 'NONE',  ( 1.948697631036052202, 4.330539405636626427, 2.499999999999999556 ) ) ;
#4767 = TOROIDAL_SURFACE ( 'NONE', #6255, 0.1500000000000003830, 0.1000000000000000056 ) ;
#4768 = ORIENTED_EDGE ( 'NONE', *, *, #3598, .T. ) ;
#4769 = DIRECTION ( 'NONE',  ( 0.5056715232898536527, 0.8627260924150369492, -5.139845288577316227E-17 ) ) ;
#4770 = PLANE ( 'NONE',  #552 ) ;
#4771 = VERTEX_POINT ( 'NONE', #3462 ) ;
#4772 = CARTESIAN_POINT ( 'NONE',  ( 1.870819232469748128, 6.525580246913603943, 2.499999999999999556 ) ) ;
#4773 = LINE ( 'NONE', #5742, #1260 ) ;
#4774 = EDGE_CURVE ( 'NONE', #1565, #3699, #459, .T. ) ;
#4775 = FILL_AREA_STYLE_COLOUR ( '', #5999 ) ;
#4776 = STYLED_ITEM ( 'NONE', ( #5710 ), #4199 ) ;
#4777 = DIRECTION ( 'NONE',  ( -0.5054136732061080828, 0.8628771748842990474, 5.137224398380700146E-17 ) ) ;
#4778 = ORIENTED_EDGE ( 'NONE', *, *, #6372, .F. ) ;
#4779 = EDGE_LOOP ( 'NONE', ( #5880, #6111, #6096, #5844 ) ) ;
#4780 = CARTESIAN_POINT ( 'NONE',  ( 0.5887308340388174299, 3.240544951154119779, -2.500000000000000888 ) ) ;
#4781 = CARTESIAN_POINT ( 'NONE',  ( -4.750000000000060396, 6.300000000000014921, -2.300000000000000711 ) ) ;
#4782 = CARTESIAN_POINT ( 'NONE',  ( 2.763816555005882414, 4.543348255816405334, 2.499999999999999556 ) ) ;
#4783 =( GEOMETRIC_REPRESENTATION_CONTEXT ( 3 ) GLOBAL_UNCERTAINTY_ASSIGNED_CONTEXT ( ( #2344 ) ) GLOBAL_UNIT_ASSIGNED_CONTEXT ( ( #4502, #6030, #4634 ) ) REPRESENTATION_CONTEXT ( 'NONE', 'WORKASPACE' ) );
#4784 = CARTESIAN_POINT ( 'NONE',  ( -3.217633469665980517, 6.812139795055853320, 2.500000000000000000 ) ) ;
#4785 = CARTESIAN_POINT ( 'NONE',  ( 2.053468165642775567, 7.040044124006551662, 2.499999999999999556 ) ) ;
#4786 = B_SPLINE_CURVE_WITH_KNOTS ( 'NONE', 3,
 ( #1625, #2091, #5553, #4630, #3534, #103, #3566, #3630, #4091, #6058, #5059, #71, #3042, #5660, #1089, #2125, #1154, #4533, #6189 ),
 .UNSPECIFIED., .F., .F.,
 ( 4, 1, 1, 1, 1, 1, 1, 1, 1, 1, 1, 1, 1, 1, 1, 1, 4 ),
 ( 0.000000000000000000, 0.06553421244304769022, 0.1288270559297164386, 0.1899548512024733515, 0.2496480368191141552, 0.3082483091336518655, 0.3667963607881977728, 0.4255009350642038335, 0.4858920521208366927, 0.5466819835686086426, 0.6066869295489980551, 0.6675221296550215566, 0.7294256136805835622, 0.7931375186351559137, 0.8590270504025682152, 0.9276974320877980906, 0.9999999999999998890 ),
 .UNSPECIFIED. ) ;
#4787 = ORIENTED_EDGE ( 'NONE', *, *, #6293, .T. ) ;
#4788 = DIRECTION ( 'NONE',  ( -1.000000000000000000, 0.000000000000000000, 1.016439536705160653E-16 ) ) ;
#4789 = SURFACE_STYLE_FILL_AREA ( #809 ) ;
#4790 =( NAMED_UNIT ( * ) SI_UNIT ( $, .STERADIAN. ) SOLID_ANGLE_UNIT ( ) );
#4791 = SURFACE_STYLE_FILL_AREA ( #4317 ) ;
#4792 = SURFACE_SIDE_STYLE ('',( #2328 ) ) ;
#4793 = UNCERTAINTY_MEASURE_WITH_UNIT (LENGTH_MEASURE( 1.000000000000000082E-05 ), #446, 'distance_accuracy_value', 'NONE');
#4794 = CARTESIAN_POINT ( 'NONE',  ( -0.2448813445389922405, 3.956497919022188725, 2.500000000000000000 ) ) ;
#4795 = ORIENTED_EDGE ( 'NONE', *, *, #4479, .T. ) ;
#4796 = CARTESIAN_POINT ( 'NONE',  ( -5.999999999999999112, 11.00000000000000000, -2.000000000000000000 ) ) ;
#4797 = ORIENTED_EDGE ( 'NONE', *, *, #4881, .T. ) ;
#4798 = CARTESIAN_POINT ( 'NONE',  ( -4.214458325853531306, 3.816075528543677819, 2.500000000000000000 ) ) ;
#4799 = SURFACE_STYLE_FILL_AREA ( #4227 ) ;
#4800 = ORIENTED_EDGE ( 'NONE', *, *, #3032, .T. ) ;
#4801 = DIRECTION ( 'NONE',  ( 0.000000000000000000, -1.000000000000000000, 0.000000000000000000 ) ) ;
#4802 = SURFACE_SIDE_STYLE ('',( #2664 ) ) ;
#4803 = ORIENTED_EDGE ( 'NONE', *, *, #3252, .F. ) ;
#4804 = CYLINDRICAL_SURFACE ( 'NONE', #2913, 0.009999999999999592548 ) ;
#4805 = CARTESIAN_POINT ( 'NONE',  ( -1.998520508601167922, 4.126839804417621771, 2.500000000000000000 ) ) ;
#4806 = SURFACE_STYLE_USAGE ( .BOTH. , #1775 ) ;
#4807 = CARTESIAN_POINT ( 'NONE',  ( 3.772807868833385037, 6.751635441718798702, 2.499999999999999556 ) ) ;
#4808 = ADVANCED_FACE ( 'NONE', ( #936 ), #3879, .T. ) ;
#4809 = AXIS2_PLACEMENT_3D ( 'NONE', #4874, #1355, #2306 ) ;
#4810 = CARTESIAN_POINT ( 'NONE',  ( 2.662012414287930451, 6.900174402757759395, 2.499999999999999556 ) ) ;
#4811 = EDGE_LOOP ( 'NONE', ( #5135, #3351, #4308 ) ) ;
#4812 = VERTEX_POINT ( 'NONE', #21 ) ;
#4813 = FACE_OUTER_BOUND ( 'NONE', #5341, .T. ) ;
#4814 = EDGE_CURVE ( 'NONE', #3720, #6060, #2011, .T. ) ;
#4815 = EDGE_CURVE ( 'NONE', #2419, #1243, #83, .T. ) ;
#4816 = CARTESIAN_POINT ( 'NONE',  ( 3.662983345321767281, 4.330539405636627315, 2.499999999999999556 ) ) ;
#4817 = PRESENTATION_LAYER_ASSIGNMENT (  '', '', ( #5017 ) ) ;
#4818 = CIRCLE ( 'NONE', #2078, 0.1000000000000000194 ) ;
#4819 = PRESENTATION_LAYER_ASSIGNMENT (  '', '', ( #717 ) ) ;
#4820 = VERTEX_POINT ( 'NONE', #2590 ) ;
#4821 = LINE ( 'NONE', #3824, #3483 ) ;
#4822 = CARTESIAN_POINT ( 'NONE',  ( -6.300000000000000711, 6.299999999999999822, 2.299999999999999822 ) ) ;
#4823 = UNCERTAINTY_MEASURE_WITH_UNIT (LENGTH_MEASURE( 1.000000000000000082E-05 ), #3833, 'distance_accuracy_value', 'NONE');
#4824 = LINE ( 'NONE', #6325, #1093 ) ;
#4825 = VECTOR ( 'NONE', #4011, 1000.000000000000000 ) ;
#4826 =( GEOMETRIC_REPRESENTATION_CONTEXT ( 3 ) GLOBAL_UNCERTAINTY_ASSIGNED_CONTEXT ( ( #4823 ) ) GLOBAL_UNIT_ASSIGNED_CONTEXT ( ( #3833, #1761, #2755 ) ) REPRESENTATION_CONTEXT ( 'NONE', 'WORKASPACE' ) );
#4827 = FACE_OUTER_BOUND ( 'NONE', #4866, .T. ) ;
#4828 = EDGE_CURVE ( 'NONE', #6211, #1104, #1511, .T. ) ;
#4829 = CARTESIAN_POINT ( 'NONE',  ( 0.3392867104701606795, 4.226623900511322418, -2.500000000000000888 ) ) ;
#4830 = UNCERTAINTY_MEASURE_WITH_UNIT (LENGTH_MEASURE( 1.000000000000000082E-05 ), #6250, 'distance_accuracy_value', 'NONE');
#4831 = LINE ( 'NONE', #1284, #5811 ) ;
#4832 = FACE_BOUND ( 'NONE', #3886, .T. ) ;
#4833 = ORIENTED_EDGE ( 'NONE', *, *, #1198, .T. ) ;
#4834 = CARTESIAN_POINT ( 'NONE',  ( 0.6003906250000000666, 3.298339169274953520, -2.500000000000000888 ) ) ;
#4835 = VECTOR ( 'NONE', #624, 1000.000000000000114 ) ;
#4836 = CARTESIAN_POINT ( 'NONE',  ( -0.08258271186186383339, 3.986342845765411980, 2.500000000000000000 ) ) ;
#4837 =( GEOMETRIC_REPRESENTATION_CONTEXT ( 3 ) GLOBAL_UNCERTAINTY_ASSIGNED_CONTEXT ( ( #233 ) ) GLOBAL_UNIT_ASSIGNED_CONTEXT ( ( #2090, #3658, #5591 ) ) REPRESENTATION_CONTEXT ( 'NONE', 'WORKASPACE' ) );
#4838 = ORIENTED_EDGE ( 'NONE', *, *, #91, .F. ) ;
#4839 = CARTESIAN_POINT ( 'NONE',  ( 0.1477934465643138129, 4.895777808465201275, 2.499999999999999556 ) ) ;
#4840 = ORIENTED_EDGE ( 'NONE', *, *, #1545, .F. ) ;
#4841 = DIRECTION ( 'NONE',  ( 0.000000000000000000, 0.000000000000000000, -1.000000000000000000 ) ) ;
#4842 = DIRECTION ( 'NONE',  ( -1.239088197126290570E-16, -0.000000000000000000, -1.000000000000000000 ) ) ;
#4843 = CARTESIAN_POINT ( 'NONE',  ( -2.128108780040214310, 4.006824856741018515, 2.500000000000000000 ) ) ;
#4844 = UNCERTAINTY_MEASURE_WITH_UNIT (LENGTH_MEASURE( 1.000000000000000082E-05 ), #488, 'distance_accuracy_value', 'NONE');
#4845 = DIRECTION ( 'NONE',  ( -1.000000000000000000, 0.000000000000000000, 1.016439536705160653E-16 ) ) ;
#4846 = ORIENTED_EDGE ( 'NONE', *, *, #5298, .F. ) ;
#4847 = ORIENTED_EDGE ( 'NONE', *, *, #2928, .F. ) ;
#4848 = CARTESIAN_POINT ( 'NONE',  ( -3.230692092087299017, 6.735300214446072076, 2.500000000000000000 ) ) ;
#4849 = CARTESIAN_POINT ( 'NONE',  ( -1.486605137919466690, 4.600879459762428070, 2.500000000000000000 ) ) ;
#4850 = CARTESIAN_POINT ( 'NONE',  ( -6.400000000000000355, 11.00000000000000000, -2.500000000000000444 ) ) ;
#4851 = CARTESIAN_POINT ( 'NONE',  ( -1.443984399034750510, 6.788269514926922987, 2.500000000000000000 ) ) ;
#4852 = EDGE_CURVE ( 'NONE', #6548, #3816, #2104, .T. ) ;
#4853 = ORIENTED_EDGE ( 'NONE', *, *, #575, .T. ) ;
#4854 = DIRECTION ( 'NONE',  ( 1.000000000000000000, 0.000000000000000000, -1.239088197126290570E-16 ) ) ;
#4855 = DIRECTION ( 'NONE',  ( -1.000000000000000000, 0.000000000000000000, 0.000000000000000000 ) ) ;
#4856 = CARTESIAN_POINT ( 'NONE',  ( -5.349999999999999645, 0.2000000000000004274, -2.500000000000000000 ) ) ;
#4857 = LINE ( 'NONE', #339, #1025 ) ;
#4858 = CIRCLE ( 'NONE', #5390, 0.2500000000000003886 ) ;
#4859 = EDGE_CURVE ( 'NONE', #6448, #2874, #2628, .T. ) ;
#4860 =( LENGTH_UNIT ( ) NAMED_UNIT ( * ) SI_UNIT ( .MILLI., .METRE. ) );
#4861 = CARTESIAN_POINT ( 'NONE',  ( -1.444454447115542939, 5.252699204273394429, 2.500000000000000000 ) ) ;
#4862 = CARTESIAN_POINT ( 'NONE',  ( -0.3928199285584230149, 4.090936823469629502, 2.500000000000000000 ) ) ;
#4863 = VECTOR ( 'NONE', #6040, 1000.000000000000000 ) ;
#4864 = VERTEX_POINT ( 'NONE', #4102 ) ;
#4865 = FACE_OUTER_BOUND ( 'NONE', #5816, .T. ) ;
#4866 = EDGE_LOOP ( 'NONE', ( #979, #2544, #5676, #1753 ) ) ;
#4867 = SURFACE_SIDE_STYLE ('',( #6299 ) ) ;
#4868 = CIRCLE ( 'NONE', #5720, 0.009999999999999592548 ) ;
#4869 = COLOUR_RGB ( '',0.6941176470588235059, 0.09803921568627450844, 0.09803921568627450844 ) ;
#4870 = ORIENTED_EDGE ( 'NONE', *, *, #3511, .T. ) ;
#4871 = LINE ( 'NONE', #2761, #5932 ) ;
#4872 =( NAMED_UNIT ( * ) SI_UNIT ( $, .STERADIAN. ) SOLID_ANGLE_UNIT ( ) );
#4873 = ORIENTED_EDGE ( 'NONE', *, *, #3715, .T. ) ;
#4874 = CARTESIAN_POINT ( 'NONE',  ( 4.649999999999999467, 0.1000000000000004913, -2.500000000000001332 ) ) ;
#4875 = CIRCLE ( 'NONE', #5831, 0.1500000000000003830 ) ;
#4876 =( LENGTH_UNIT ( ) NAMED_UNIT ( * ) SI_UNIT ( .MILLI., .METRE. ) );
#4877 = DIRECTION ( 'NONE',  ( -0.000000000000000000, -1.000000000000000000, -0.000000000000000000 ) ) ;
#4878 = VECTOR ( 'NONE', #5783, 1000.000000000000114 ) ;
#4879 = VECTOR ( 'NONE', #5045, 1000.000000000000000 ) ;
#4880 = CARTESIAN_POINT ( 'NONE',  ( 1.878264606953934157, 4.373908320751469958, 2.499999999999999556 ) ) ;
#4881 = EDGE_CURVE ( 'NONE', #5215, #6219, #1305, .T. ) ;
#4882 = ORIENTED_EDGE ( 'NONE', *, *, #3315, .F. ) ;
#4883 = ORIENTED_EDGE ( 'NONE', *, *, #4200, .T. ) ;
#4884 = CARTESIAN_POINT ( 'NONE',  ( -0.3064009150200394660, 3.159403863959680869, -2.500000000000000444 ) ) ;
#4885 = PRESENTATION_STYLE_ASSIGNMENT (( #872 ) ) ;
#4886 = CARTESIAN_POINT ( 'NONE',  ( 1.087814553303844578, 8.466350291807936301, 2.499999999999999556 ) ) ;
#4887 = ORIENTED_EDGE ( 'NONE', *, *, #2362, .T. ) ;
#4888 = CARTESIAN_POINT ( 'NONE',  ( -1.769871136217816332, 4.679825221687896608, 2.500000000000000000 ) ) ;
#4889 =( GEOMETRIC_REPRESENTATION_CONTEXT ( 3 ) GLOBAL_UNCERTAINTY_ASSIGNED_CONTEXT ( ( #1432 ) ) GLOBAL_UNIT_ASSIGNED_CONTEXT ( ( #269, #1285, #4763 ) ) REPRESENTATION_CONTEXT ( 'NONE', 'WORKASPACE' ) );
#4890 = DIRECTION ( 'NONE',  ( 1.000000000000000000, 9.637352644315546235E-15, -1.239088197126290570E-16 ) ) ;
#4891 = SURFACE_STYLE_FILL_AREA ( #4426 ) ;
#4892 = FILL_AREA_STYLE ('',( #5905 ) ) ;
#4893 = EDGE_CURVE ( 'NONE', #5464, #4119, #4581, .T. ) ;
#4894 = MECHANICAL_DESIGN_GEOMETRIC_PRESENTATION_REPRESENTATION (  '', ( #5856 ), #227 ) ;
#4895 = PLANE ( 'NONE',  #447 ) ;
#4896 = EDGE_CURVE ( 'NONE', #6314, #588, #3193, .T. ) ;
#4897 = ORIENTED_EDGE ( 'NONE', *, *, #1892, .T. ) ;
#4898 = DIRECTION ( 'NONE',  ( 1.000000000000000000, -9.486769009248140132E-16, 0.000000000000000000 ) ) ;
#4899 = ORIENTED_EDGE ( 'NONE', *, *, #1399, .T. ) ;
#4900 = CARTESIAN_POINT ( 'NONE',  ( 3.596931404261443088, 4.366391051190404937, 2.499999999999999556 ) ) ;
#4901 = VECTOR ( 'NONE', #2891, 1000.000000000000000 ) ;
#4902 = EDGE_CURVE ( 'NONE', #4932, #855, #2175, .T. ) ;
#4903 = EDGE_CURVE ( 'NONE', #1645, #6547, #1324, .T. ) ;
#4904 = VERTEX_POINT ( 'NONE', #2696 ) ;
#4905 = SURFACE_STYLE_USAGE ( .BOTH. , #2799 ) ;
#4906 = CARTESIAN_POINT ( 'NONE',  ( 0.1491780377828316462, 4.945032509063158166, 2.499999999999999556 ) ) ;
#4907 = ORIENTED_EDGE ( 'NONE', *, *, #5535, .T. ) ;
#4908 = CARTESIAN_POINT ( 'NONE',  ( -4.759999999999998010, 0.01000000000000002970, 12.49999999999999822 ) ) ;
#4910 = CARTESIAN_POINT ( 'NONE',  ( 6.399999999999999467, 10.49999999999999822, -2.500000000000000888 ) ) ;
#4909 = LINE ( 'NONE', #2308, #4659 ) ;
#4911 = FILL_AREA_STYLE_COLOUR ( '', #3247 ) ;
#4912 = EDGE_CURVE ( 'NONE', #1104, #5602, #2762, .T. ) ;
#4913 = CARTESIAN_POINT ( 'NONE',  ( 2.205374996564323453, 3.816075528543677819, 2.499999999999999556 ) ) ;
#4914 = ORIENTED_EDGE ( 'NONE', *, *, #3349, .T. ) ;
#4915 = B_SPLINE_CURVE_WITH_KNOTS ( 'NONE', 3,
 ( #1483, #1006, #5445, #392, #3848, #4477, #5887, #5373, #5976, #2412, #1452, #6517, #4414, #1883, #866 ),
 .UNSPECIFIED., .F., .F.,
 ( 4, 1, 1, 1, 1, 1, 1, 1, 1, 1, 1, 1, 4 ),
 ( 0.000000000000000000, 0.1044413256586872452, 0.1932598135714206078, 0.2679143168399819031, 0.3292443750196826224, 0.3917096004959708666, 0.4687063712499388579, 0.5601292803503489237, 0.6668474928813964420, 0.7719508937958786676, 0.8619332551939538067, 0.9367877440961092095, 1.000000000000000000 ),
 .UNSPECIFIED. ) ;
#4916 = ORIENTED_EDGE ( 'NONE', *, *, #1216, .T. ) ;
#4917 = LINE ( 'NONE', #396, #711 ) ;
#4918 =( NAMED_UNIT ( * ) SI_UNIT ( $, .STERADIAN. ) SOLID_ANGLE_UNIT ( ) );
#4919 = DIRECTION ( 'NONE',  ( -1.239088197126290570E-16, -0.000000000000000000, -1.000000000000000000 ) ) ;
#4920 = VECTOR ( 'NONE', #2895, 1000.000000000000000 ) ;
#4921 = VERTEX_POINT ( 'NONE', #5738 ) ;
#4922 = LINE ( 'NONE', #401, #5508 ) ;
#4923 = ADVANCED_FACE ( 'NONE', ( #3773 ), #4770, .F. ) ;
#4924 = PRESENTATION_LAYER_ASSIGNMENT (  '', '', ( #1975 ) ) ;
#4925 = CARTESIAN_POINT ( 'NONE',  ( 0.3977227508988615545, 2.880668156331457563, -2.500000000000000888 ) ) ;
#4926 = LINE ( 'NONE', #2941, #2267 ) ;
#4927 = DIRECTION ( 'NONE',  ( 0.1713411747512481043, -0.9852117548196743790, -5.805264809422554012E-18 ) ) ;
#4928 = STYLED_ITEM ( 'NONE', ( #3325 ), #3266 ) ;
#4929 = DIRECTION ( 'NONE',  ( 1.000000000000000000, 0.000000000000000000, -1.239088197126290570E-16 ) ) ;
#4930 = UNCERTAINTY_MEASURE_WITH_UNIT (LENGTH_MEASURE( 1.000000000000000082E-05 ), #6221, 'distance_accuracy_value', 'NONE');
#4931 = CARTESIAN_POINT ( 'NONE',  ( -0.2076707441972434343, 3.952692877059229115, 2.500000000000000000 ) ) ;
#4932 = VERTEX_POINT ( 'NONE', #6270 ) ;
#4933 = LINE ( 'NONE', #408, #403 ) ;
#4934 = SURFACE_SIDE_STYLE ('',( #6367 ) ) ;
#4935 = STYLED_ITEM ( 'NONE', ( #4622 ), #1960 ) ;
#4936 = ORIENTED_EDGE ( 'NONE', *, *, #6276, .T. ) ;
#4937 = CARTESIAN_POINT ( 'NONE',  ( 0.2060366465952335191, 2.308728936472006055, -2.500000000000000888 ) ) ;
#4938 = AXIS2_PLACEMENT_3D ( 'NONE', #5051, #1522, #633 ) ;
#4939 = ORIENTED_EDGE ( 'NONE', *, *, #5261, .T. ) ;
#4940 = CARTESIAN_POINT ( 'NONE',  ( -3.642867505999033639, 7.828530507948156192, 2.500000000000000000 ) ) ;
#4941 = CARTESIAN_POINT ( 'NONE',  ( 3.033961078798372846, 4.351877992519711746, 2.499999999999999556 ) ) ;
#4942 = STYLED_ITEM ( 'NONE', ( #2805 ), #416 ) ;
#4943 = CARTESIAN_POINT ( 'NONE',  ( 2.075161764937281106, 7.076919532627889531, 2.499999999999999556 ) ) ;
#4945 = DIRECTION ( 'NONE',  ( -1.239088197126290570E-16, -0.000000000000000000, -1.000000000000000000 ) ) ;
#4944 = LINE ( 'NONE', #420, #3810 ) ;
#4946 = DIRECTION ( 'NONE',  ( 0.000000000000000000, 1.000000000000000000, 0.000000000000000000 ) ) ;
#4947 = CARTESIAN_POINT ( 'NONE',  ( -1.764478618061324333, 4.512504099972249882, 2.500000000000000000 ) ) ;
#4948 = ORIENTED_EDGE ( 'NONE', *, *, #5877, .F. ) ;
#4949 = DIRECTION ( 'NONE',  ( -1.000000000000000000, 0.000000000000000000, 0.000000000000000000 ) ) ;
#4950 = B_SPLINE_CURVE_WITH_KNOTS ( 'NONE', 3,
 ( #1684, #5581, #130, #3623, #1618, #3138, #6120 ),
 .UNSPECIFIED., .F., .F.,
 ( 4, 1, 1, 1, 4 ),
 ( 0.000000000000000000, 0.2759400882070076610, 0.5327379385843445947, 0.7759418428336761764, 1.000000000000000000 ),
 .UNSPECIFIED. ) ;
#4951 = ORIENTED_EDGE ( 'NONE', *, *, #4109, .T. ) ;
#4952 = VECTOR ( 'NONE', #164, 1000.000000000000114 ) ;
#4953 = B_SPLINE_CURVE_WITH_KNOTS ( 'NONE', 3,
 ( #4179, #6284, #4816, #4723, #1750 ),
 .UNSPECIFIED., .F., .F.,
 ( 4, 1, 4 ),
 ( 0.000000000000000000, 0.5271548120356746026, 1.000000000000000000 ),
 .UNSPECIFIED. ) ;
#4954 =( NAMED_UNIT ( * ) PLANE_ANGLE_UNIT ( ) SI_UNIT ( $, .RADIAN. ) );
#4955 = DIRECTION ( 'NONE',  ( -1.016439536705160653E-16, 0.000000000000000000, -1.000000000000000000 ) ) ;
#4956 = DIRECTION ( 'NONE',  ( -0.000000000000000000, -1.000000000000000000, -0.000000000000000000 ) ) ;
#4957 = EDGE_LOOP ( 'NONE', ( #2303, #3893, #6072, #3490 ) ) ;
#4958 = LINE ( 'NONE', #567, #451 ) ;
#4959 = DIRECTION ( 'NONE',  ( -1.000000000000000000, 0.000000000000000000, 1.016439536705160653E-16 ) ) ;
#4960 = DIRECTION ( 'NONE',  ( -1.000000000000000000, 0.000000000000000000, 1.016439536705160653E-16 ) ) ;
#4961 = PRESENTATION_STYLE_ASSIGNMENT (( #4391 ) ) ;
#4962 = CARTESIAN_POINT ( 'NONE',  ( -0.2793933907885969292, 4.712179424647574777, 2.500000000000000000 ) ) ;
#4963 = EDGE_LOOP ( 'NONE', ( #43, #4173, #2202, #4313 ) ) ;
#4964 = CARTESIAN_POINT ( 'NONE',  ( -0.1138089752041809705, 7.869431707952564636, 2.500000000000000000 ) ) ;
#4965 = ORIENTED_EDGE ( 'NONE', *, *, #5473, .F. ) ;
#4966 = CARTESIAN_POINT ( 'NONE',  ( -6.400000000000000355, 0.2000000000000022593, 2.399999999999999911 ) ) ;
#4967 = EDGE_CURVE ( 'NONE', #4183, #2619, #5239, .T. ) ;
#4968 = EDGE_CURVE ( 'NONE', #327, #467, #1705, .T. ) ;
#4969 = VERTEX_POINT ( 'NONE', #4162 ) ;
#4970 = FILL_AREA_STYLE ('',( #1027 ) ) ;
#4971 = CARTESIAN_POINT ( 'NONE',  ( 4.759999999999999787, 0.01000000000000002970, -2.500000000000001332 ) ) ;
#4972 = ORIENTED_EDGE ( 'NONE', *, *, #1275, .F. ) ;
#4973 = CARTESIAN_POINT ( 'NONE',  ( -4.048873910269116472, 6.735300214446072076, 2.500000000000000000 ) ) ;
#4974 =( GEOMETRIC_REPRESENTATION_CONTEXT ( 3 ) GLOBAL_UNCERTAINTY_ASSIGNED_CONTEXT ( ( #4844 ) ) GLOBAL_UNIT_ASSIGNED_CONTEXT ( ( #488, #3947, #5480 ) ) REPRESENTATION_CONTEXT ( 'NONE', 'WORKASPACE' ) );
#4976 = SURFACE_STYLE_FILL_AREA ( #5973 ) ;
#4975 = PRESENTATION_STYLE_ASSIGNMENT (( #6480 ) ) ;
#4977 = LINE ( 'NONE', #1357, #284 ) ;
#4978 = CARTESIAN_POINT ( 'NONE',  ( 3.009352269291597270, 4.190669684387834160, 2.499999999999999556 ) ) ;
#4979 = EDGE_CURVE ( 'NONE', #6032, #2354, #3254, .T. ) ;
#4980 = ADVANCED_FACE ( 'NONE', ( #6204 ), #1201, .T. ) ;
#4981 = EDGE_LOOP ( 'NONE', ( #4554, #5624, #1542, #4416, #2756, #1636, #2348, #3788, #870, #5368, #4148, #3428, #4899, #2572, #5572 ) ) ;
#4982 = CARTESIAN_POINT ( 'NONE',  ( 3.697320855846371934, 7.083413039121395194, 2.499999999999999556 ) ) ;
#4983 = VECTOR ( 'NONE', #6363, 1000.000000000000000 ) ;
#4984 = ORIENTED_EDGE ( 'NONE', *, *, #739, .T. ) ;
#4985 = DIRECTION ( 'NONE',  ( 1.000000000000000000, 0.000000000000000000, -1.016439536705160653E-16 ) ) ;
#4986 =( GEOMETRIC_REPRESENTATION_CONTEXT ( 3 ) GLOBAL_UNCERTAINTY_ASSIGNED_CONTEXT ( ( #2944 ) ) GLOBAL_UNIT_ASSIGNED_CONTEXT ( ( #1015, #2049, #2081 ) ) REPRESENTATION_CONTEXT ( 'NONE', 'WORKASPACE' ) );
#4987 = EDGE_CURVE ( 'NONE', #5486, #1029, #6472, .T. ) ;
#4988 = STYLED_ITEM ( 'NONE', ( #2743 ), #3030 ) ;
#4989 = EDGE_CURVE ( 'NONE', #429, #566, #3870, .T. ) ;
#4990 = ORIENTED_EDGE ( 'NONE', *, *, #1209, .T. ) ;
#4991 = SURFACE_STYLE_USAGE ( .BOTH. , #2539 ) ;
#4992 = CARTESIAN_POINT ( 'NONE',  ( 0.3346727865911832689, 2.794807320262620465, -2.500000000000000888 ) ) ;
#4993 =( NAMED_UNIT ( * ) SI_UNIT ( $, .STERADIAN. ) SOLID_ANGLE_UNIT ( ) );
#4994 = B_SPLINE_CURVE_WITH_KNOTS ( 'NONE', 3,
 ( #1733, #5804, #4294, #207, #4256, #1804, #5166, #648, #3735, #5735, #753 ),
 .UNSPECIFIED., .F., .F.,
 ( 4, 1, 1, 1, 1, 1, 1, 1, 4 ),
 ( 0.000000000000000000, 0.1460934072588577215, 0.2807653956959309527, 0.4078528472673222938, 0.5330134349440082131, 0.6543045952165968959, 0.7685386257706687818, 0.8821204430880587033, 1.000000000000000000 ),
 .UNSPECIFIED. ) ;
#4995 = LINE ( 'NONE', #469, #6537 ) ;
#4996 = FILL_AREA_STYLE_COLOUR ( '', #1373 ) ;
#4997 = VERTEX_POINT ( 'NONE', #2925 ) ;
#4998 = DIRECTION ( 'NONE',  ( 0.000000000000000000, 0.000000000000000000, -1.000000000000000000 ) ) ;
#4999 = PLANE ( 'NONE',  #4681 ) ;
#5000 = CARTESIAN_POINT ( 'NONE',  ( -0.001748640356364840939, 4.456140351333881533, 2.500000000000000000 ) ) ;
#5001 = VECTOR ( 'NONE', #5421, 1000.000000000000000 ) ;
#5002 = EDGE_CURVE ( 'NONE', #6473, #1978, #4868, .T. ) ;
#5003 = VERTEX_POINT ( 'NONE', #3420 ) ;
#5004 = DIRECTION ( 'NONE',  ( 0.000000000000000000, 0.000000000000000000, 1.000000000000000000 ) ) ;
#5005 = CARTESIAN_POINT ( 'NONE',  ( 3.173781894807410797, 7.001838363796720976, 2.499999999999999556 ) ) ;
#5006 = ORIENTED_EDGE ( 'NONE', *, *, #1945, .F. ) ;
#5008 = DIRECTION ( 'NONE',  ( -1.239088197126290570E-16, -0.000000000000000000, -1.000000000000000000 ) ) ;
#5007 =( NAMED_UNIT ( * ) PLANE_ANGLE_UNIT ( ) SI_UNIT ( $, .RADIAN. ) );
#5009 = CARTESIAN_POINT ( 'NONE',  ( -0.02896975784312956145, 2.537888731613016091, -2.500000000000000444 ) ) ;
#5010 = FILL_AREA_STYLE ('',( #5699 ) ) ;
#5011 = VECTOR ( 'NONE', #641, 1000.000000000000000 ) ;
#5012 = DIRECTION ( 'NONE',  ( -1.239088197126290570E-16, -0.000000000000000000, -1.000000000000000000 ) ) ;
#5013 = ORIENTED_EDGE ( 'NONE', *, *, #5630, .F. ) ;
#5014 = CARTESIAN_POINT ( 'NONE',  ( -0.5716011829963890678, 4.965426177894326720, 2.500000000000000000 ) ) ;
#5015 = FILL_AREA_STYLE_COLOUR ( '', #1105 ) ;
#5016 = CARTESIAN_POINT ( 'NONE',  ( 2.762458842859358832, 6.525580246913603943, 2.499999999999999556 ) ) ;
#5017 = STYLED_ITEM ( 'NONE', ( #5873 ), #1478 ) ;
#5018 = DIRECTION ( 'NONE',  ( -1.000000000000000000, 0.000000000000000000, 1.016439536705160653E-16 ) ) ;
#5019 = ORIENTED_EDGE ( 'NONE', *, *, #490, .T. ) ;
#5020 = CARTESIAN_POINT ( 'NONE',  ( 6.299999999999999822, 5.599999999999998757, -2.300000000000000711 ) ) ;
#5021 = SURFACE_SIDE_STYLE ('',( #2883 ) ) ;
#5022 = DIRECTION ( 'NONE',  ( 0.000000000000000000, -1.000000000000000000, 0.000000000000000000 ) ) ;
#5023 = SURFACE_STYLE_USAGE ( .BOTH. , #3373 ) ;
#5024 = ORIENTED_EDGE ( 'NONE', *, *, #5109, .T. ) ;
#5025 = DIRECTION ( 'NONE',  ( 1.000000000000000000, 0.000000000000000000, -1.016439536705160653E-16 ) ) ;
#5026 = CARTESIAN_POINT ( 'NONE',  ( -1.324091397656311786, 4.494050646201706023, 2.500000000000000000 ) ) ;
#5027 = DIRECTION ( 'NONE',  ( 0.5061170637016741969, -0.8624647922263234401, -5.144373937475060500E-17 ) ) ;
#5028 = VECTOR ( 'NONE', #4417, 1000.000000000000114 ) ;
#5029 = STYLED_ITEM ( 'NONE', ( #455 ), #2188 ) ;
#5030 = ORIENTED_EDGE ( 'NONE', *, *, #6462, .T. ) ;
#5031 = STYLED_ITEM ( 'NONE', ( #4136 ), #3672 ) ;
#5032 = VECTOR ( 'NONE', #3714, 1000.000000000000000 ) ;
#5033 = SURFACE_STYLE_FILL_AREA ( #4970 ) ;
#5034 = CARTESIAN_POINT ( 'NONE',  ( 1.878264606953934157, 4.373908320751469958, 2.499999999999999556 ) ) ;
#5035 = ORIENTED_EDGE ( 'NONE', *, *, #4912, .T. ) ;
#5036 = CARTESIAN_POINT ( 'NONE',  ( -0.2138378630598289643, 5.179080291454062568, 2.500000000000000000 ) ) ;
#5037 = CARTESIAN_POINT ( 'NONE',  ( -0.5387505037290187815, 3.945936986412056591, -2.500000000000000444 ) ) ;
#5038 = CARTESIAN_POINT ( 'NONE',  ( 2.462532507369800783, 4.351877992519711746, 2.499999999999999556 ) ) ;
#5039 = MECHANICAL_DESIGN_GEOMETRIC_PRESENTATION_REPRESENTATION (  '', ( #2083 ), #177 ) ;
#5040 = CARTESIAN_POINT ( 'NONE',  ( 5.350000000000001421, 0.1000000000000004080, 12.49999999999999645 ) ) ;
#5041 = ORIENTED_EDGE ( 'NONE', *, *, #1471, .F. ) ;
#5042 =( NAMED_UNIT ( * ) SI_UNIT ( $, .STERADIAN. ) SOLID_ANGLE_UNIT ( ) );
#5043 = VERTEX_POINT ( 'NONE', #6375 ) ;
#5044 = CARTESIAN_POINT ( 'NONE',  ( 2.310145531171047040, 6.525580246913603943, 2.499999999999999556 ) ) ;
#5045 = DIRECTION ( 'NONE',  ( -1.000000000000000000, -0.000000000000000000, 3.388131789017201973E-17 ) ) ;
#5046 = EDGE_CURVE ( 'NONE', #1368, #1961, #1673, .T. ) ;
#5047 = MECHANICAL_DESIGN_GEOMETRIC_PRESENTATION_REPRESENTATION (  '', ( #2096 ), #89 ) ;
#5048 = ORIENTED_EDGE ( 'NONE', *, *, #3583, .T. ) ;
#5049 = FILL_AREA_STYLE ('',( #5181 ) ) ;
#5050 =( NAMED_UNIT ( * ) SI_UNIT ( $, .STERADIAN. ) SOLID_ANGLE_UNIT ( ) );
#5051 = CARTESIAN_POINT ( 'NONE',  ( -6.399999999999999467, 11.00000000000000000, 2.500000000000000444 ) ) ;
#5052 = CARTESIAN_POINT ( 'NONE',  ( 4.760000000000002451, 0.000000000000000000, 12.49999999999999645 ) ) ;
#5053 = EDGE_CURVE ( 'NONE', #4969, #5517, #5367, .T. ) ;
#5054 = VERTEX_POINT ( 'NONE', #3842 ) ;
#5055 = SURFACE_STYLE_USAGE ( .BOTH. , #4627 ) ;
#5056 = CARTESIAN_POINT ( 'NONE',  ( 0.1612607020898638444, 4.037921077460123520, 2.499999999999999556 ) ) ;
#5057 = EDGE_CURVE ( 'NONE', #5128, #2157, #822, .T. ) ;
#5058 = CARTESIAN_POINT ( 'NONE',  ( -0.07542526518754480436, 4.525521411400045046, 2.500000000000000000 ) ) ;
#5059 = CARTESIAN_POINT ( 'NONE',  ( -2.021115394197323223, 5.248124740788429499, 2.500000000000000000 ) ) ;
#5060 =( NAMED_UNIT ( * ) PLANE_ANGLE_UNIT ( ) SI_UNIT ( $, .RADIAN. ) );
#5061 = ORIENTED_EDGE ( 'NONE', *, *, #4967, .T. ) ;
#5062 = SURFACE_STYLE_FILL_AREA ( #1661 ) ;
#5063 = FILL_AREA_STYLE_COLOUR ( '', #6490 ) ;
#5064 = ORIENTED_EDGE ( 'NONE', *, *, #5586, .T. ) ;
#5065 = CARTESIAN_POINT ( 'NONE',  ( -2.147337605085788415, 4.785085191607663546, 2.500000000000000000 ) ) ;
#5066 = CARTESIAN_POINT ( 'NONE',  ( -6.399999999795436878, 10.56546160611506124, 2.500000000000000444 ) ) ;
#5067 = DIRECTION ( 'NONE',  ( 1.000000000000000000, 0.000000000000000000, -1.224646799147353207E-16 ) ) ;
#5068 = PRESENTATION_STYLE_ASSIGNMENT (( #3427 ) ) ;
#5069 = ORIENTED_EDGE ( 'NONE', *, *, #2773, .F. ) ;
#5070 = CARTESIAN_POINT ( 'NONE',  ( -0.4846010085038241488, 2.459056300434078413, -2.500000000000000444 ) ) ;
#5071 = VECTOR ( 'NONE', #3702, 1000.000000000000114 ) ;
#5072 = ORIENTED_EDGE ( 'NONE', *, *, #220, .T. ) ;
#5073 = DIRECTION ( 'NONE',  ( -0.000000000000000000, -0.000000000000000000, 1.000000000000000000 ) ) ;
#5074 = DIRECTION ( 'NONE',  ( 0.000000000000000000, -1.000000000000000000, 0.000000000000000000 ) ) ;
#5075 = CARTESIAN_POINT ( 'NONE',  ( 0.01508555715199871340, 4.628407528078182231, 2.499999999999999556 ) ) ;
#5076 = VECTOR ( 'NONE', #243, 1000.000000000000000 ) ;
#5077 = AXIS2_PLACEMENT_3D ( 'NONE', #4034, #4441, #2990 ) ;
#5078 = EDGE_CURVE ( 'NONE', #6449, #1978, #964, .T. ) ;
#5079 = CARTESIAN_POINT ( 'NONE',  ( -5.349999999999999645, 0.1000000000000004080, -2.500000000000000000 ) ) ;
#5080 = ORIENTED_EDGE ( 'NONE', *, *, #1319, .T. ) ;
#5081 = FILL_AREA_STYLE_COLOUR ( '', #5943 ) ;
#5082 = ORIENTED_EDGE ( 'NONE', *, *, #5002, .F. ) ;
#5083 = VECTOR ( 'NONE', #1341, 1000.000000000000000 ) ;
#5084 = CARTESIAN_POINT ( 'NONE',  ( 3.196325308499919249, 7.040044124006551662, 2.499999999999999556 ) ) ;
#5085 = CARTESIAN_POINT ( 'NONE',  ( 2.646590336365852725, 7.076919532627889531, 2.499999999999999556 ) ) ;
#5086 = VECTOR ( 'NONE', #57, 1000.000000000000000 ) ;
#5087 = EDGE_LOOP ( 'NONE', ( #839, #3018, #2527, #1964 ) ) ;
#5088 =( NAMED_UNIT ( * ) SI_UNIT ( $, .STERADIAN. ) SOLID_ANGLE_UNIT ( ) );
#5089 = CARTESIAN_POINT ( 'NONE',  ( -6.500000000000001776, 10.79289321881345032, -2.400000000000000355 ) ) ;
#5090 = FACE_OUTER_BOUND ( 'NONE', #1668, .T. ) ;
#5091 = DIRECTION ( 'NONE',  ( -1.000000000000000000, -0.000000000000000000, -0.000000000000000000 ) ) ;
#5092 = DIRECTION ( 'NONE',  ( -1.016439536705160653E-16, 0.000000000000000000, -1.000000000000000000 ) ) ;
#5093 = UNCERTAINTY_MEASURE_WITH_UNIT (LENGTH_MEASURE( 1.000000000000000082E-05 ), #2248, 'distance_accuracy_value', 'NONE');
#5094 = EDGE_CURVE ( 'NONE', #1232, #2381, #3173, .T. ) ;
#5095 = VERTEX_POINT ( 'NONE', #1412 ) ;
#5096 = DIRECTION ( 'NONE',  ( 1.000000000000000000, 0.000000000000000000, -1.239088197126290570E-16 ) ) ;
#5097 = DIRECTION ( 'NONE',  ( -1.000000000000000000, 0.000000000000000000, -1.885568995626964040E-16 ) ) ;
#5098 = ORIENTED_EDGE ( 'NONE', *, *, #5053, .F. ) ;
#5099 = CARTESIAN_POINT ( 'NONE',  ( -1.844860191451011211, 4.536461504761201802, 2.500000000000000000 ) ) ;
#5100 = EDGE_CURVE ( 'NONE', #3610, #5464, #417, .T. ) ;
#5101 = CARTESIAN_POINT ( 'NONE',  ( 0.3035324601431927394, 2.729268540803492016, -2.500000000000000888 ) ) ;
#5102 = CARTESIAN_POINT ( 'NONE',  ( -0.6010562837099118205, 3.340100184936754424, -2.500000000000000444 ) ) ;
#5103 = VERTEX_POINT ( 'NONE', #862 ) ;
#5104 = DIRECTION ( 'NONE',  ( -0.5054136732061089710, -0.8628771748842986034, 5.137224398380708775E-17 ) ) ;
#5105 = EDGE_LOOP ( 'NONE', ( #3514, #1142, #1022, #1805 ) ) ;
#5106 = LINE ( 'NONE', #5641, #3653 ) ;
#5107 = CARTESIAN_POINT ( 'NONE',  ( -0.01042482351146241902, 4.901382334468469715, 2.500000000000000000 ) ) ;
#5108 = CARTESIAN_POINT ( 'NONE',  ( -1.434119969324330501, 4.081034499936104787, 2.500000000000000000 ) ) ;
#5109 = EDGE_CURVE ( 'NONE', #5638, #3843, #2865, .T. ) ;
#5110 = DIRECTION ( 'NONE',  ( -1.000000000000000000, 0.000000000000000000, 0.000000000000000000 ) ) ;
#5111 = VECTOR ( 'NONE', #3371, 1000.000000000000000 ) ;
#5112 = FACE_OUTER_BOUND ( 'NONE', #1269, .T. ) ;
#5113 = ORIENTED_EDGE ( 'NONE', *, *, #5094, .F. ) ;
#5114 =( NAMED_UNIT ( * ) PLANE_ANGLE_UNIT ( ) SI_UNIT ( $, .RADIAN. ) );
#5115 = ORIENTED_EDGE ( 'NONE', *, *, #708, .F. ) ;
#5116 = CARTESIAN_POINT ( 'NONE',  ( 1.985813308252635023, 4.190669684387834160, 2.499999999999999556 ) ) ;
#5117 =( LENGTH_UNIT ( ) NAMED_UNIT ( * ) SI_UNIT ( .MILLI., .METRE. ) );
#5118 = VECTOR ( 'NONE', #2132, 1000.000000000000000 ) ;
#5119 = EDGE_CURVE ( 'NONE', #1512, #4574, #6341, .T. ) ;
#5120 = ORIENTED_EDGE ( 'NONE', *, *, #1393, .T. ) ;
#5121 = CARTESIAN_POINT ( 'NONE',  ( -1.435338785027815867, 4.369828052793709894, 2.500000000000000000 ) ) ;
#5122 = CARTESIAN_POINT ( 'NONE',  ( -0.08262129611467777801, 3.814493567295957455, 2.500000000000000000 ) ) ;
#5123 = SURFACE_STYLE_FILL_AREA ( #3688 ) ;
#5124 = CARTESIAN_POINT ( 'NONE',  ( -4.649999999999999467, 0.2000000000000005107, -2.300000000000001599 ) ) ;
#5125 = FACE_OUTER_BOUND ( 'NONE', #579, .T. ) ;
#5126 = ORIENTED_EDGE ( 'NONE', *, *, #3793, .T. ) ;
#5127 = DIRECTION ( 'NONE',  ( 0.000000000000000000, -1.000000000000000000, 0.000000000000000000 ) ) ;
#5128 = VERTEX_POINT ( 'NONE', #4032 ) ;
#5129 = DIRECTION ( 'NONE',  ( 1.807003620809174139E-16, 0.000000000000000000, -1.000000000000000000 ) ) ;
#5130 = CARTESIAN_POINT ( 'NONE',  ( 3.026460466235982416, 7.252852974186331458, 2.499999999999999556 ) ) ;
#5131 = CARTESIAN_POINT ( 'NONE',  ( -0.4492187500000000555, 4.237401669274952987, -2.500000000000000444 ) ) ;
#5132 = CIRCLE ( 'NONE', #1454, 0.1000000000000000056 ) ;
#5133 = EDGE_CURVE ( 'NONE', #4764, #4921, #5615, .T. ) ;
#5134 = DIRECTION ( 'NONE',  ( -0.5056996249503958873, 0.8627096205126201234, 5.140130924965538164E-17 ) ) ;
#5135 = ORIENTED_EDGE ( 'NONE', *, *, #2001, .F. ) ;
#5136 = CARTESIAN_POINT ( 'NONE',  ( -0.3362191037724251430, 2.357918578582335112, -2.500000000000000444 ) ) ;
#5137 = ORIENTED_EDGE ( 'NONE', *, *, #5133, .F. ) ;
#5138 = VECTOR ( 'NONE', #5025, 1000.000000000000000 ) ;
#5139 = EDGE_CURVE ( 'NONE', #1121, #4132, #516, .T. ) ;
#5140 = CARTESIAN_POINT ( 'NONE',  ( -0.007487427182809361023, 4.927205737905607563, 2.500000000000000000 ) ) ;
#5141 = CARTESIAN_POINT ( 'NONE',  ( -1.513457770492798504, 4.011621537755448053, 2.500000000000000000 ) ) ;
#5142 = B_SPLINE_CURVE_WITH_KNOTS ( 'NONE', 3,
 ( #4424, #2882, #1894, #3888, #301, #3922, #5350, #1788, #4888, #2357, #2286 ),
 .UNSPECIFIED., .F., .F.,
 ( 4, 1, 1, 1, 1, 1, 1, 1, 4 ),
 ( 0.000000000000000000, 0.07501569460760684760, 0.1629301842777494125, 0.2646744147797551738, 0.3809699752964721409, 0.5123091530377090752, 0.6582210125869708550, 0.8208323791787917045, 1.000000000000000000 ),
 .UNSPECIFIED. ) ;
#5143 = DIRECTION ( 'NONE',  ( 9.637352644315546235E-15, 1.000000000000000000, 0.000000000000000000 ) ) ;
#5144 = ORIENTED_EDGE ( 'NONE', *, *, #3624, .T. ) ;
#5145 = CARTESIAN_POINT ( 'NONE',  ( -1.733735923256129574, 5.335556048024198361, 2.500000000000000000 ) ) ;
#5146 = STYLED_ITEM ( 'NONE', ( #4517 ), #378 ) ;
#5147 = ORIENTED_EDGE ( 'NONE', *, *, #6146, .F. ) ;
#5148 = DIRECTION ( 'NONE',  ( 0.000000000000000000, 0.000000000000000000, -1.000000000000000000 ) ) ;
#5149 = PRESENTATION_STYLE_ASSIGNMENT (( #3096 ) ) ;
#5150 = SURFACE_STYLE_USAGE ( .BOTH. , #4020 ) ;
#5151 =( NAMED_UNIT ( * ) PLANE_ANGLE_UNIT ( ) SI_UNIT ( $, .RADIAN. ) );
#5152 = PRESENTATION_LAYER_ASSIGNMENT (  '', '', ( #1464 ) ) ;
#5153 = EDGE_CURVE ( 'NONE', #3432, #4465, #611, .T. ) ;
#5154 = VERTEX_POINT ( 'NONE', #479 ) ;
#5155 = FILL_AREA_STYLE_COLOUR ( '', #836 ) ;
#5156 = CARTESIAN_POINT ( 'NONE',  ( 5.000000000000000000, 0.5000000000000000000, 8.839610526981747557E-16 ) ) ;
#5157 = FILL_AREA_STYLE_COLOUR ( '', #831 ) ;
#5158 = CARTESIAN_POINT ( 'NONE',  ( -6.500000000000001776, 10.79289321881345032, 2.400000000000000355 ) ) ;
#5159 = DIRECTION ( 'NONE',  ( 0.2013021912821029991, -0.9795291867958929588, -2.046115060445143973E-17 ) ) ;
#5160 = DIRECTION ( 'NONE',  ( -1.016439536705160653E-16, 0.000000000000000000, -1.000000000000000000 ) ) ;
#5161 = UNCERTAINTY_MEASURE_WITH_UNIT (LENGTH_MEASURE( 1.000000000000000082E-05 ), #2287, 'distance_accuracy_value', 'NONE');
#5162 = DIRECTION ( 'NONE',  ( 0.9922778767136679612, 0.1240347345892056502, -1.008590465289621211E-16 ) ) ;
#5163 = VERTEX_POINT ( 'NONE', #5500 ) ;
#5164 = LINE ( 'NONE', #4703, #591 ) ;
#5165 = CARTESIAN_POINT ( 'NONE',  ( -6.420424794944868729, 10.78142850328720037, 2.420424794944846525 ) ) ;
#5166 = CARTESIAN_POINT ( 'NONE',  ( -0.09143038833079544792, 5.145235542003240070, 2.500000000000000000 ) ) ;
#5167 = ADVANCED_FACE ( 'NONE', ( #1630 ), #4127, .F. ) ;
#5168 = DIRECTION ( 'NONE',  ( 0.5056715232898540968, -0.8627260924150367272, -5.139845288577320541E-17 ) ) ;
#5169 = ORIENTED_EDGE ( 'NONE', *, *, #4200, .F. ) ;
#5170 = CARTESIAN_POINT ( 'NONE',  ( -0.6554376227306308866, 2.712605001249001724, -2.500000000000000444 ) ) ;
#5171 = ORIENTED_EDGE ( 'NONE', *, *, #1198, .F. ) ;
#5172 = PRESENTATION_LAYER_ASSIGNMENT (  '', '', ( #1294 ) ) ;
#5173 = CARTESIAN_POINT ( 'NONE',  ( -0.04528455249842408548, 4.812255298066384412, 2.500000000000000000 ) ) ;
#5174 = CARTESIAN_POINT ( 'NONE',  ( -1.390012766050404913, 4.219474255655034867, 2.500000000000000000 ) ) ;
#5175 = ADVANCED_FACE ( 'NONE', ( #1028 ), #3078, .T. ) ;
#5176 = EDGE_CURVE ( 'NONE', #2956, #5253, #3694, .T. ) ;
#5177 = ADVANCED_FACE ( 'NONE', ( #4253 ), #5898, .T. ) ;
#5178 = VERTEX_POINT ( 'NONE', #2296 ) ;
#5179 =( NAMED_UNIT ( * ) SI_UNIT ( $, .STERADIAN. ) SOLID_ANGLE_UNIT ( ) );
#5180 = EDGE_LOOP ( 'NONE', ( #5416, #5968, #601, #2147 ) ) ;
#5181 = FILL_AREA_STYLE_COLOUR ( '', #3292 ) ;
#5182 = CARTESIAN_POINT ( 'NONE',  ( -1.850702116483557091, 5.143999466167443302, 2.500000000000000000 ) ) ;
#5183 = EDGE_CURVE ( 'NONE', #6383, #6540, #139, .T. ) ;
#5184 = EDGE_CURVE ( 'NONE', #99, #905, #644, .T. ) ;
#5185 = SURFACE_SIDE_STYLE ('',( #2677 ) ) ;
#5186 = MECHANICAL_DESIGN_GEOMETRIC_PRESENTATION_REPRESENTATION (  '', ( #3281 ), #6034 ) ;
#5187 = VECTOR ( 'NONE', #1829, 1000.000000000000114 ) ;
#5188 = SURFACE_STYLE_FILL_AREA ( #1181 ) ;
#5189 = ORIENTED_EDGE ( 'NONE', *, *, #5885, .T. ) ;
#5190 = CARTESIAN_POINT ( 'NONE',  ( -1.418687774649412425, 4.345765433605520478, 2.500000000000000000 ) ) ;
#5191 = VECTOR ( 'NONE', #4110, 1000.000000000000000 ) ;
#5192 = CARTESIAN_POINT ( 'NONE',  ( 6.105013847167756857, 11.00000000000000000, 2.131267308959681639 ) ) ;
#5193 = MECHANICAL_DESIGN_GEOMETRIC_PRESENTATION_REPRESENTATION (  '', ( #2551 ), #2879 ) ;
#5194 = CARTESIAN_POINT ( 'NONE',  ( 6.399999999999999467, 0.000000000000000000, 2.399999999999999911 ) ) ;
#5195 = CARTESIAN_POINT ( 'NONE',  ( -6.500000000000000888, 10.49999999999999822, 2.399999999999999911 ) ) ;
#5196 = CARTESIAN_POINT ( 'NONE',  ( 0.2971082325880268216, 6.525580246913603943, 2.499999999999999556 ) ) ;
#5197 = EDGE_CURVE ( 'NONE', #1005, #5154, #3664, .T. ) ;
#5198 = VECTOR ( 'NONE', #4176, 1000.000000000000000 ) ;
#5199 = VECTOR ( 'NONE', #3819, 1000.000000000000000 ) ;
#5200 = CARTESIAN_POINT ( 'NONE',  ( 3.216332788772116480, 4.543348255816405334, 2.499999999999999556 ) ) ;
#5201 = ORIENTED_EDGE ( 'NONE', *, *, #3447, .F. ) ;
#5202 = CARTESIAN_POINT ( 'NONE',  ( -2.019455556263776597, 4.615740351989439993, 2.500000000000000000 ) ) ;
#5203 = CARTESIAN_POINT ( 'NONE',  ( -5.999999999999999112, 11.00000000000000000, 1.999999999999999556 ) ) ;
#5204 = CARTESIAN_POINT ( 'NONE',  ( 5.000000000000000000, -1.900000000000000133, -0.1499999999999994948 ) ) ;
#5205 = EDGE_LOOP ( 'NONE', ( #4042, #1698, #5189, #4207, #3823, #5937, #6253, #5693, #3774, #2797 ) ) ;
#5206 = CARTESIAN_POINT ( 'NONE',  ( 3.465989687015202936, 6.525580246913603943, 2.499999999999999556 ) ) ;
#5207 = VECTOR ( 'NONE', #1317, 1000.000000000000000 ) ;
#5208 = ORIENTED_EDGE ( 'NONE', *, *, #6103, .F. ) ;
#5209 = CARTESIAN_POINT ( 'NONE',  ( -2.045547960869765980, 4.265101681411678669, 2.500000000000000000 ) ) ;
#5210 = DIRECTION ( 'NONE',  ( 1.000000000000000000, 0.000000000000000000, -1.016439536705160653E-16 ) ) ;
#5211 = FILL_AREA_STYLE ('',( #4303 ) ) ;
#5212 = DIRECTION ( 'NONE',  ( -1.000000000000000000, -0.000000000000000000, 0.000000000000000000 ) ) ;
#5213 = AXIS2_PLACEMENT_3D ( 'NONE', #5156, #4217, #196 ) ;
#5214 =( NAMED_UNIT ( * ) PLANE_ANGLE_UNIT ( ) SI_UNIT ( $, .RADIAN. ) );
#5215 = VERTEX_POINT ( 'NONE', #3184 ) ;
#5216 = CARTESIAN_POINT ( 'NONE',  ( 6.234314575050759366, 11.00000000000000178, 2.292893218813451650 ) ) ;
#5217 = ORIENTED_EDGE ( 'NONE', *, *, #5897, .F. ) ;
#5218 = CARTESIAN_POINT ( 'NONE',  ( -0.5866774159149519274, 4.177944877694463877, 2.500000000000000000 ) ) ;
#5219 = CARTESIAN_POINT ( 'NONE',  ( -1.521580890788597484, 6.963587552108408296, 2.500000000000000000 ) ) ;
#5220 = DIRECTION ( 'NONE',  ( -1.000000000000000000, -0.000000000000000000, -0.000000000000000000 ) ) ;
#5221 =( NAMED_UNIT ( * ) PLANE_ANGLE_UNIT ( ) SI_UNIT ( $, .RADIAN. ) );
#5222 = ORIENTED_EDGE ( 'NONE', *, *, #5492, .T. ) ;
#5223 = B_SPLINE_CURVE_WITH_KNOTS ( 'NONE', 3,
 ( #3395, #871, #2349, #2904, #3433, #4884, #2935, #253, #2318, #1855, #4270, #6316, #360, #1335, #3782 ),
 .UNSPECIFIED., .F., .F.,
 ( 4, 1, 1, 1, 1, 1, 1, 1, 1, 1, 1, 1, 4 ),
 ( 0.000000000000000000, 0.1053573063685341454, 0.2036397550932897982, 0.2959513385992242340, 0.3836608377371020229, 0.4670960976069198356, 0.5464487535373587779, 0.6223174627917511526, 0.6979307464162360919, 0.7724586300939094707, 0.8467111522023618164, 0.9222672226055023126, 1.000000000000000000 ),
 .UNSPECIFIED. ) ;
#5224 = PRESENTATION_STYLE_ASSIGNMENT (( #603 ) ) ;
#5225 =( NAMED_UNIT ( * ) PLANE_ANGLE_UNIT ( ) SI_UNIT ( $, .RADIAN. ) );
#5226 = LINE ( 'NONE', #5506, #186 ) ;
#5227 = AXIS2_PLACEMENT_3D ( 'NONE', #5349, #5286, #1307 ) ;
#5228 = STYLED_ITEM ( 'NONE', ( #2950 ), #1547 ) ;
#5229 = DIRECTION ( 'NONE',  ( -0.000000000000000000, -1.000000000000000000, -0.000000000000000000 ) ) ;
#5230 = UNCERTAINTY_MEASURE_WITH_UNIT (LENGTH_MEASURE( 1.000000000000000082E-05 ), #109, 'distance_accuracy_value', 'NONE');
#5231 = CARTESIAN_POINT ( 'NONE',  ( -6.399999999795436878, 10.56546160611506124, -2.500000000000000444 ) ) ;
#5232 = ORIENTED_EDGE ( 'NONE', *, *, #4118, .T. ) ;
#5233 = CARTESIAN_POINT ( 'NONE',  ( -6.400000000000000355, 11.00000000000000000, -2.399999999999999911 ) ) ;
#5234 = CARTESIAN_POINT ( 'NONE',  ( -0.1749050842154006025, 3.952915686646961912, 2.500000000000000000 ) ) ;
#5235 = VERTEX_POINT ( 'NONE', #2689 ) ;
#5236 = VECTOR ( 'NONE', #6350, 1000.000000000000114 ) ;
#5237 = STYLED_ITEM ( 'NONE', ( #687 ), #2226 ) ;
#5238 = FILL_AREA_STYLE ('',( #2661 ) ) ;
#5239 = LINE ( 'NONE', #6304, #5076 ) ;
#5240 = ORIENTED_EDGE ( 'NONE', *, *, #2076, .T. ) ;
#5241 = CARTESIAN_POINT ( 'NONE',  ( 6.499999997474974478, 10.57915107069528737, -2.499999997475088165 ) ) ;
#5242 = CARTESIAN_POINT ( 'NONE',  ( 0.000000000000000000, 5.599999999999998757, 0.000000000000000000 ) ) ;
#5243 = PRESENTATION_LAYER_ASSIGNMENT (  '', '', ( #4928 ) ) ;
#5244 = DIRECTION ( 'NONE',  ( -1.000000000000000000, 0.000000000000000000, 1.016439536705160653E-16 ) ) ;
#5245 = VERTEX_POINT ( 'NONE', #4701 ) ;
#5246 = DIRECTION ( 'NONE',  ( -1.239088197126290570E-16, -0.000000000000000000, -1.000000000000000000 ) ) ;
#5247 = VERTEX_POINT ( 'NONE', #167 ) ;
#5248 = CARTESIAN_POINT ( 'NONE',  ( -0.01884144273664850600, 8.025580246913603943, 2.500000000000000000 ) ) ;
#5249 = CARTESIAN_POINT ( 'NONE',  ( 4.650000000000000355, 0.1000000000000004913, 2.299999999999999822 ) ) ;
#5250 = CARTESIAN_POINT ( 'NONE',  ( -2.012906278995299836, 4.929620170180381677, 2.500000000000000000 ) ) ;
#5251 = SURFACE_SIDE_STYLE ('',( #3822 ) ) ;
#5252 = VECTOR ( 'NONE', #5849, 1000.000000000000114 ) ;
#5253 = VERTEX_POINT ( 'NONE', #2201 ) ;
#5254 = CARTESIAN_POINT ( 'NONE',  ( 5.350000000000000533, 0.2000000000000004274, 2.499999999999998668 ) ) ;
#5255 = CARTESIAN_POINT ( 'NONE',  ( 2.437923697863025652, 4.190669684387834160, 2.499999999999999556 ) ) ;
#5256 = PRESENTATION_STYLE_ASSIGNMENT (( #3239 ) ) ;
#5257 = DIRECTION ( 'NONE',  ( -1.885568995626964040E-16, 0.000000000000000000, -1.000000000000000000 ) ) ;
#5258 =( NAMED_UNIT ( * ) PLANE_ANGLE_UNIT ( ) SI_UNIT ( $, .RADIAN. ) );
#5259 = STYLED_ITEM ( 'NONE', ( #1658 ), #666 ) ;
#5260 = EDGE_CURVE ( 'NONE', #1524, #654, #4189, .T. ) ;
#5261 = EDGE_CURVE ( 'NONE', #4535, #1263, #6100, .T. ) ;
#5262 = SURFACE_STYLE_FILL_AREA ( #4289 ) ;
#5263 = ORIENTED_EDGE ( 'NONE', *, *, #1433, .T. ) ;
#5264 = SURFACE_STYLE_USAGE ( .BOTH. , #3246 ) ;
#5265 = LINE ( 'NONE', #272, #394 ) ;
#5266 = MECHANICAL_DESIGN_GEOMETRIC_PRESENTATION_REPRESENTATION (  '', ( #6123 ), #1463 ) ;
#5267 = ORIENTED_EDGE ( 'NONE', *, *, #582, .T. ) ;
#5268 = CARTESIAN_POINT ( 'NONE',  ( 3.597889037664553591, 7.252852974186331458, 2.499999999999999556 ) ) ;
#5269 = PRESENTATION_STYLE_ASSIGNMENT (( #1737 ) ) ;
#5270 = ORIENTED_EDGE ( 'NONE', *, *, #298, .F. ) ;
#5271 = CARTESIAN_POINT ( 'NONE',  ( 6.349514573547641483, 10.75180943524419064, -2.436893216934544526 ) ) ;
#5272 =( LENGTH_UNIT ( ) NAMED_UNIT ( * ) SI_UNIT ( .MILLI., .METRE. ) );
#5273 = FILL_AREA_STYLE_COLOUR ( '', #2032 ) ;
#5274 = CARTESIAN_POINT ( 'NONE',  ( -0.3871450141652199584, 6.973632194965551534, 2.500000000000000000 ) ) ;
#5275 = DIRECTION ( 'NONE',  ( -1.000000000000000000, 0.000000000000000000, 1.016439536705160653E-16 ) ) ;
#5276 = EDGE_CURVE ( 'NONE', #5790, #4132, #5422, .T. ) ;
#5277 = DIRECTION ( 'NONE',  ( -1.239088197126290570E-16, -0.000000000000000000, -1.000000000000000000 ) ) ;
#5278 = VERTEX_POINT ( 'NONE', #3311 ) ;
#5279 = ORIENTED_EDGE ( 'NONE', *, *, #1007, .T. ) ;
#5280 = CARTESIAN_POINT ( 'NONE',  ( 0.5255571698988219520, 3.169555280285994314, -2.500000000000000888 ) ) ;
#5281 = LINE ( 'NONE', #3204, #891 ) ;
#5282 = CARTESIAN_POINT ( 'NONE',  ( -1.940653566164969535, 5.094007457649142090, 2.500000000000000000 ) ) ;
#5283 = CARTESIAN_POINT ( 'NONE',  ( 2.030924751950267559, 7.001838363796720976, 2.499999999999999556 ) ) ;
#5284 =( GEOMETRIC_REPRESENTATION_CONTEXT ( 3 ) GLOBAL_UNCERTAINTY_ASSIGNED_CONTEXT ( ( #3928 ) ) GLOBAL_UNIT_ASSIGNED_CONTEXT ( ( #1262, #894, #317 ) ) REPRESENTATION_CONTEXT ( 'NONE', 'WORKASPACE' ) );
#5285 = ORIENTED_EDGE ( 'NONE', *, *, #4268, .F. ) ;
#5286 = DIRECTION ( 'NONE',  ( 0.000000000000000000, -1.000000000000000000, 0.000000000000000000 ) ) ;
#5287 = CARTESIAN_POINT ( 'NONE',  ( 6.499999999999996447, 10.49999999999999822, 2.499999999999999112 ) ) ;
#5288 = UNCERTAINTY_MEASURE_WITH_UNIT (LENGTH_MEASURE( 1.000000000000000082E-05 ), #2646, 'distance_accuracy_value', 'NONE');
#5289 = CARTESIAN_POINT ( 'NONE',  ( 0.3300781250000000000, 2.784667294274953520, -2.500000000000000888 ) ) ;
#5290 = CARTESIAN_POINT ( 'NONE',  ( 6.499999999999999112, 10.49999999999999822, 2.399999999999999911 ) ) ;
#5291 = AXIS2_PLACEMENT_3D ( 'NONE', #1791, #4282, #6290 ) ;
#5292 = STYLED_ITEM ( 'NONE', ( #5269 ), #4980 ) ;
#5293 = CARTESIAN_POINT ( 'NONE',  ( 5.240000000000000213, -3.108558907404501873E-17, 2.299999999999999822 ) ) ;
#5294 = ORIENTED_EDGE ( 'NONE', *, *, #965, .F. ) ;
#5295 =( NAMED_UNIT ( * ) SI_UNIT ( $, .STERADIAN. ) SOLID_ANGLE_UNIT ( ) );
#5296 = CARTESIAN_POINT ( 'NONE',  ( -6.399833389060188615, 10.80727339212635840, -2.319866711248147695 ) ) ;
#5297 = ORIENTED_EDGE ( 'NONE', *, *, #5473, .T. ) ;
#5298 = EDGE_CURVE ( 'NONE', #2618, #1368, #249, .T. ) ;
#5299 = DIRECTION ( 'NONE',  ( 0.000000000000000000, 0.000000000000000000, -1.000000000000000000 ) ) ;
#5300 = VECTOR ( 'NONE', #5608, 1000.000000000000000 ) ;
#5301 = ORIENTED_EDGE ( 'NONE', *, *, #432, .F. ) ;
#5302 = DIRECTION ( 'NONE',  ( -1.239088197126290570E-16, -0.000000000000000000, -1.000000000000000000 ) ) ;
#5303 = EDGE_CURVE ( 'NONE', #2433, #461, #5835, .T. ) ;
#5304 = AXIS2_PLACEMENT_3D ( 'NONE', #729, #829, #3811 ) ;
#5305 = EDGE_CURVE ( 'NONE', #311, #3016, #5871, .T. ) ;
#5306 = ORIENTED_EDGE ( 'NONE', *, *, #2852, .T. ) ;
#5307 = FILL_AREA_STYLE ('',( #4367 ) ) ;
#5308 = FACE_OUTER_BOUND ( 'NONE', #583, .T. ) ;
#5309 = CARTESIAN_POINT ( 'NONE',  ( -1.935237546632753158, 6.525580246913603943, 2.500000000000000000 ) ) ;
#5310 = VERTEX_POINT ( 'NONE', #6468 ) ;
#5311 = ADVANCED_FACE ( 'NONE', ( #857, #4865, #5911, #818, #3378, #923, #2334, #956, #3443, #2825, #3932, #2915, #1901, #4832, #313, #375, #4325, #2859 ), #888, .F. ) ;
#5312 = ORIENTED_EDGE ( 'NONE', *, *, #587, .T. ) ;
#5313 = CARTESIAN_POINT ( 'NONE',  ( 6.500000000000000000, 0.2000000000000005107, -2.400000000000000799 ) ) ;
#5314 = LINE ( 'NONE', #4781, #2663 ) ;
#5315 = DIRECTION ( 'NONE',  ( -1.000000000000000000, 0.000000000000000000, 0.000000000000000000 ) ) ;
#5316 = CARTESIAN_POINT ( 'NONE',  ( -6.399999999999999467, 11.00000000000000000, 2.500000000000000444 ) ) ;
#5317 = ORIENTED_EDGE ( 'NONE', *, *, #4443, .T. ) ;
#5318 = DIRECTION ( 'NONE',  ( 0.000000000000000000, -0.000000000000000000, -1.000000000000000000 ) ) ;
#5319 = LINE ( 'NONE', #197, #555 ) ;
#5320 = PLANE ( 'NONE',  #149 ) ;
#5321 = CARTESIAN_POINT ( 'NONE',  ( -1.407825243662157666, 3.878395473364287582, 2.500000000000000000 ) ) ;
#5322 =( NAMED_UNIT ( * ) SI_UNIT ( $, .STERADIAN. ) SOLID_ANGLE_UNIT ( ) );
#5323 = PRESENTATION_LAYER_ASSIGNMENT (  '', '', ( #1127 ) ) ;
#5324 = DIRECTION ( 'NONE',  ( 0.000000000000000000, 0.000000000000000000, 1.000000000000000000 ) ) ;
#5325 = VERTEX_POINT ( 'NONE', #1558 ) ;
#5326 = CARTESIAN_POINT ( 'NONE',  ( -0.2045151440353501493, 5.335556048024197473, 2.500000000000000000 ) ) ;
#5327 = ORIENTED_EDGE ( 'NONE', *, *, #5139, .T. ) ;
#5328 = CARTESIAN_POINT ( 'NONE',  ( -0.1044136355603048211, 3.974049314478235395, 2.500000000000000000 ) ) ;
#5329 = EDGE_CURVE ( 'NONE', #4535, #3210, #2510, .T. ) ;
#5330 = AXIS2_PLACEMENT_3D ( 'NONE', #4157, #2168, #613 ) ;
#5331 = ORIENTED_EDGE ( 'NONE', *, *, #4379, .T. ) ;
#5332 = ORIENTED_EDGE ( 'NONE', *, *, #5176, .F. ) ;
#5333 = CARTESIAN_POINT ( 'NONE',  ( 6.399999999795368488, 10.56546160611505769, -2.500000000000001332 ) ) ;
#5334 = CARTESIAN_POINT ( 'NONE',  ( -0.03610613988080364073, 4.495282190785705012, 2.500000000000000000 ) ) ;
#5335 = CARTESIAN_POINT ( 'NONE',  ( -6.500000000000000888, 10.49999999999999822, -2.399999999999999911 ) ) ;
#5336 = CARTESIAN_POINT ( 'NONE',  ( -2.151693540497095825, 4.048927218773550329, 2.500000000000000000 ) ) ;
#5337 = EDGE_CURVE ( 'NONE', #5054, #3016, #2982, .T. ) ;
#5338 = DIRECTION ( 'NONE',  ( 0.5056715232898540968, -0.8627260924150367272, -5.139845288577320541E-17 ) ) ;
#5339 = EDGE_CURVE ( 'NONE', #5723, #1903, #6254, .T. ) ;
#5340 = ORIENTED_EDGE ( 'NONE', *, *, #5870, .F. ) ;
#5341 = EDGE_LOOP ( 'NONE', ( #2219, #395, #2823, #1175, #3088, #93, #4375, #4068, #993, #6150, #2671, #1380 ) ) ;
#5342 = LINE ( 'NONE', #1273, #4665 ) ;
#5343 = CARTESIAN_POINT ( 'NONE',  ( -3.202108233489689315, 6.891474299396461056, 2.500000000000000000 ) ) ;
#5344 = FILL_AREA_STYLE ('',( #6389 ) ) ;
#5345 = PRESENTATION_LAYER_ASSIGNMENT (  '', '', ( #6528 ) ) ;
#5346 = STYLED_ITEM ( 'NONE', ( #3171 ), #2154 ) ;
#5347 = COLOUR_RGB ( '',0.5882352941176470784, 0.5882352941176470784, 0.6313725490196078205 ) ;
#5348 = ORIENTED_EDGE ( 'NONE', *, *, #4170, .F. ) ;
#5349 = CARTESIAN_POINT ( 'NONE',  ( 0.000000000000000000, 6.299999999999999822, 0.000000000000000000 ) ) ;
#5350 = CARTESIAN_POINT ( 'NONE',  ( -1.847135779907522535, 4.703437097383378784, 2.500000000000000000 ) ) ;
#5351 =( NAMED_UNIT ( * ) PLANE_ANGLE_UNIT ( ) SI_UNIT ( $, .RADIAN. ) );
#5352 = CARTESIAN_POINT ( 'NONE',  ( 3.640439931629259718, 4.089208645426794853, 2.499999999999999556 ) ) ;
#5353 = CARTESIAN_POINT ( 'NONE',  ( -1.706341442736648784, 3.796595009063158610, 2.500000000000000000 ) ) ;
#5354 = DIRECTION ( 'NONE',  ( 0.5061170637016741969, -0.8624647922263234401, -5.144373937475060500E-17 ) ) ;
#5355 = EDGE_CURVE ( 'NONE', #1243, #245, #3497, .T. ) ;
#5356 = CARTESIAN_POINT ( 'NONE',  ( -0.4216046060686242658, 4.176802287944569869, 2.500000000000000000 ) ) ;
#5357 =( GEOMETRIC_REPRESENTATION_CONTEXT ( 3 ) GLOBAL_UNCERTAINTY_ASSIGNED_CONTEXT ( ( #2224 ) ) GLOBAL_UNIT_ASSIGNED_CONTEXT ( ( #5117, #5151, #4560 ) ) REPRESENTATION_CONTEXT ( 'NONE', 'WORKASPACE' ) );
#5358 = ORIENTED_EDGE ( 'NONE', *, *, #3726, .T. ) ;
#5359 = DIRECTION ( 'NONE',  ( 0.000000000000000000, 0.000000000000000000, -1.000000000000000000 ) ) ;
#5360 = CARTESIAN_POINT ( 'NONE',  ( -4.750000000000000000, -4.577742506049883909E-14, -2.500000000000000444 ) ) ;
#5361 = ORIENTED_EDGE ( 'NONE', *, *, #5664, .T. ) ;
#5362 =( LENGTH_UNIT ( ) NAMED_UNIT ( * ) SI_UNIT ( .MILLI., .METRE. ) );
#5363 =( GEOMETRIC_REPRESENTATION_CONTEXT ( 3 ) GLOBAL_UNCERTAINTY_ASSIGNED_CONTEXT ( ( #3308 ) ) GLOBAL_UNIT_ASSIGNED_CONTEXT ( ( #6552, #2143, #1075 ) ) REPRESENTATION_CONTEXT ( 'NONE', 'WORKASPACE' ) );
#5364 = ORIENTED_EDGE ( 'NONE', *, *, #1472, .F. ) ;
#5365 = AXIS2_PLACEMENT_3D ( 'NONE', #4698, #2687, #1068 ) ;
#5366 = PRESENTATION_STYLE_ASSIGNMENT (( #2864 ) ) ;
#5367 = LINE ( 'NONE', #2831, #877 ) ;
#5368 = ORIENTED_EDGE ( 'NONE', *, *, #6372, .T. ) ;
#5369 = FILL_AREA_STYLE_COLOUR ( '', #4385 ) ;
#5370 = CARTESIAN_POINT ( 'NONE',  ( -5.249999999999998224, 0.009999999999999968983, 2.500000000000000444 ) ) ;
#5371 = CARTESIAN_POINT ( 'NONE',  ( 5.240000000000000213, 0.009999999999999970718, -2.500000000000001332 ) ) ;
#5372 = UNCERTAINTY_MEASURE_WITH_UNIT (LENGTH_MEASURE( 1.000000000000000082E-05 ), #5972, 'distance_accuracy_value', 'NONE');
#5373 = CARTESIAN_POINT ( 'NONE',  ( 0.2061190319545357641, 3.270717294538158182, -2.500000000000000888 ) ) ;
#5374 = STYLED_ITEM ( 'NONE', ( #714 ), #6320 ) ;
#5375 = ORIENTED_EDGE ( 'NONE', *, *, #4762, .T. ) ;
#5376 = EDGE_CURVE ( 'NONE', #2262, #4101, #6499, .T. ) ;
#5377 = ORIENTED_EDGE ( 'NONE', *, *, #2085, .T. ) ;
#5378 = PLANE ( 'NONE',  #2398 ) ;
#5379 = FACE_OUTER_BOUND ( 'NONE', #5180, .T. ) ;
#5380 = EDGE_CURVE ( 'NONE', #2706, #1389, #3962, .T. ) ;
#5381 = LINE ( 'NONE', #2446, #2428 ) ;
#5382 = B_SPLINE_CURVE_WITH_KNOTS ( 'NONE', 3,
 ( #3263, #1214, #4652, #2775, #5280, #1143, #767, #4780, #3137, #2116, #4112 ),
 .UNSPECIFIED., .F., .F.,
 ( 4, 1, 1, 1, 1, 1, 1, 1, 4 ),
 ( 0.000000000000000000, 0.1276867499028281894, 0.2503001551654994161, 0.3780158120037397373, 0.5108044721310001091, 0.6430359745836199403, 0.7641042165194864566, 0.8816765406713681363, 1.000000000000000000 ),
 .UNSPECIFIED. ) ;
#5383 = FACE_OUTER_BOUND ( 'NONE', #4811, .T. ) ;
#5384 = ADVANCED_FACE ( 'NONE', ( #988 ), #4999, .F. ) ;
#5385 = ORIENTED_EDGE ( 'NONE', *, *, #295, .F. ) ;
#5386 = EDGE_CURVE ( 'NONE', #3501, #311, #3686, .T. ) ;
#5387 = CARTESIAN_POINT ( 'NONE',  ( -5.239999999999999325, 0.009999999999999970718, 2.500000000000000444 ) ) ;
#5388 = CARTESIAN_POINT ( 'NONE',  ( 3.069011360200687655, 4.089208645426794853, 2.499999999999999556 ) ) ;
#5389 = FACE_OUTER_BOUND ( 'NONE', #6384, .T. ) ;
#5390 = AXIS2_PLACEMENT_3D ( 'NONE', #3968, #2924, #1474 ) ;
#5391 = PRESENTATION_STYLE_ASSIGNMENT (( #5023 ) ) ;
#5392 = CARTESIAN_POINT ( 'NONE',  ( -1.274103810845643059, 4.909678373263584916, 2.500000000000000000 ) ) ;
#5393 = CARTESIAN_POINT ( 'NONE',  ( -0.3810366306049174367, 4.066851688114772934, 2.500000000000000000 ) ) ;
#5394 = COLOUR_RGB ( '',0.6941176470588235059, 0.09803921568627450844, 0.09803921568627450844 ) ;
#5395 = VERTEX_POINT ( 'NONE', #4149 ) ;
#5396 = DIRECTION ( 'NONE',  ( 0.000000000000000000, 1.000000000000000000, 0.000000000000000000 ) ) ;
#5397 = CARTESIAN_POINT ( 'NONE',  ( -0.03733290539738121777, 5.292362132844401934, 2.500000000000000000 ) ) ;
#5398 = ORIENTED_EDGE ( 'NONE', *, *, #3038, .F. ) ;
#5399 = DIRECTION ( 'NONE',  ( -1.239088197126290570E-16, -0.000000000000000000, -1.000000000000000000 ) ) ;
#5400 = EDGE_CURVE ( 'NONE', #2370, #973, #3513, .T. ) ;
#5401 =( GEOMETRIC_REPRESENTATION_CONTEXT ( 3 ) GLOBAL_UNCERTAINTY_ASSIGNED_CONTEXT ( ( #2654 ) ) GLOBAL_UNIT_ASSIGNED_CONTEXT ( ( #3758, #1017, #2387 ) ) REPRESENTATION_CONTEXT ( 'NONE', 'WORKASPACE' ) );
#5402 = ORIENTED_EDGE ( 'NONE', *, *, #182, .F. ) ;
#5403 = LINE ( 'NONE', #5268, #1489 ) ;
#5404 = CARTESIAN_POINT ( 'NONE',  ( 3.151304646522120834, 7.040393262179054368, 2.499999999999999556 ) ) ;
#5405 = ORIENTED_EDGE ( 'NONE', *, *, #4893, .F. ) ;
#5406 = DIRECTION ( 'NONE',  ( -1.000000000000000000, 0.000000000000000000, 0.000000000000000000 ) ) ;
#5407 = PRESENTATION_LAYER_ASSIGNMENT (  '', '', ( #2134 ) ) ;
#5409 = CARTESIAN_POINT ( 'NONE',  ( -1.972564117911879134, 5.058080175411328483, 2.500000000000000000 ) ) ;
#5408 = SURFACE_STYLE_USAGE ( .BOTH. , #354 ) ;
#5410 = CARTESIAN_POINT ( 'NONE',  ( 5.240000000000001101, -3.108558907404501873E-17, 12.49999999999999645 ) ) ;
#5411 = CARTESIAN_POINT ( 'NONE',  ( -2.205546099368841162, 4.246983155702004353, 2.500000000000000000 ) ) ;
#5412 = VECTOR ( 'NONE', #1272, 1000.000000000000114 ) ;
#5413 = PRESENTATION_LAYER_ASSIGNMENT (  '', '', ( #670 ) ) ;
#5414 = DIRECTION ( 'NONE',  ( -0.6482784119598837824, -0.7614033757390173962, 6.589358087084615230E-17 ) ) ;
#5415 = ORIENTED_EDGE ( 'NONE', *, *, #1681, .T. ) ;
#5416 = ORIENTED_EDGE ( 'NONE', *, *, #4695, .T. ) ;
#5417 = CARTESIAN_POINT ( 'NONE',  ( -1.389783001178207300, 4.228819035037184371, 2.500000000000000000 ) ) ;
#5418 = LINE ( 'NONE', #5448, #1785 ) ;
#5419 =( NAMED_UNIT ( * ) SI_UNIT ( $, .STERADIAN. ) SOLID_ANGLE_UNIT ( ) );
#5420 = ORIENTED_EDGE ( 'NONE', *, *, #3252, .T. ) ;
#5421 = DIRECTION ( 'NONE',  ( -0.000000000000000000, -0.000000000000000000, -1.000000000000000000 ) ) ;
#5422 = CIRCLE ( 'NONE', #466, 0.1000000000000002554 ) ;
#5423 = CARTESIAN_POINT ( 'NONE',  ( 1.987416224582450486, 7.075895769560331949, 2.499999999999999556 ) ) ;
#5424 = CARTESIAN_POINT ( 'NONE',  ( 2.749674751950268003, 7.252852974186331458, 2.499999999999999556 ) ) ;
#5425 =( NAMED_UNIT ( * ) SI_UNIT ( $, .STERADIAN. ) SOLID_ANGLE_UNIT ( ) );
#5426 = EDGE_CURVE ( 'NONE', #3797, #4969, #6256, .T. ) ;
#5427 = PRESENTATION_LAYER_ASSIGNMENT (  '', '', ( #2679 ) ) ;
#5428 = CARTESIAN_POINT ( 'NONE',  ( 3.096608762798090719, 4.042130723348872579, 2.499999999999999556 ) ) ;
#5429 = ORIENTED_EDGE ( 'NONE', *, *, #1841, .T. ) ;
#5430 = CARTESIAN_POINT ( 'NONE',  ( -0.03906688299459235708, 7.606605112898475518, 2.500000000000000000 ) ) ;
#5431 = CARTESIAN_POINT ( 'NONE',  ( -0.007806343334298642030, 5.273460005536207973, 2.500000000000000000 ) ) ;
#5432 = EDGE_LOOP ( 'NONE', ( #4870, #4233, #2502, #2912, #2130, #3835, #2810, #2025 ) ) ;
#5433 = LINE ( 'NONE', #2431, #584 ) ;
#5434 = STYLED_ITEM ( 'NONE', ( #5986 ), #1950 ) ;
#5435 = ORIENTED_EDGE ( 'NONE', *, *, #4828, .F. ) ;
#5436 = DIRECTION ( 'NONE',  ( 1.000000000000000000, 0.000000000000000000, -3.388131789017202589E-17 ) ) ;
#5437 = DIRECTION ( 'NONE',  ( -1.171416970435733203E-16, 0.000000000000000000, -1.000000000000000000 ) ) ;
#5438 = ORIENTED_EDGE ( 'NONE', *, *, #3327, .F. ) ;
#5439 = CARTESIAN_POINT ( 'NONE',  ( 3.697320855846371934, 7.083413039121395194, 2.499999999999999556 ) ) ;
#5441 = FILL_AREA_STYLE_COLOUR ( '', #2721 ) ;
#5440 =( NAMED_UNIT ( * ) SI_UNIT ( $, .STERADIAN. ) SOLID_ANGLE_UNIT ( ) );
#5442 = PRESENTATION_STYLE_ASSIGNMENT (( #864 ) ) ;
#5443 = PRESENTATION_LAYER_ASSIGNMENT (  '', '', ( #482 ) ) ;
#5444 = VERTEX_POINT ( 'NONE', #228 ) ;
#5445 = CARTESIAN_POINT ( 'NONE',  ( 0.03220376843878006851, 3.336969696427349863, -2.500000000000000888 ) ) ;
#5446 = ORIENTED_EDGE ( 'NONE', *, *, #2099, .F. ) ;
#5447 = ORIENTED_EDGE ( 'NONE', *, *, #6392, .T. ) ;
#5448 = CARTESIAN_POINT ( 'NONE',  ( -5.239999999999997549, -3.108558907404501873E-17, 12.49999999999999822 ) ) ;
#5449 = CARTESIAN_POINT ( 'NONE',  ( 2.075161764937281106, 7.076919532627889531, 2.499999999999999556 ) ) ;
#5450 = ORIENTED_EDGE ( 'NONE', *, *, #210, .T. ) ;
#5451 = B_SPLINE_CURVE_WITH_KNOTS ( 'NONE', 3,
 ( #6061, #4940, #2434, #3938, #4468, #2985, #3450 ),
 .UNSPECIFIED., .F., .F.,
 ( 4, 1, 1, 1, 4 ),
 ( 0.000000000000000000, 0.2703857375445626321, 0.5278736531345146199, 0.7705153532274555683, 1.000000000000000000 ),
 .UNSPECIFIED. ) ;
#5452 = DIRECTION ( 'NONE',  ( 0.000000000000000000, 0.000000000000000000, 1.000000000000000000 ) ) ;
#5453 = CARTESIAN_POINT ( 'NONE',  ( -0.1182767821190472274, 7.845546528939661535, 2.500000000000000000 ) ) ;
#5454 = LINE ( 'NONE', #4019, #3488 ) ;
#5455 = CARTESIAN_POINT ( 'NONE',  ( -1.964153942736649228, 4.768794684387833271, 2.500000000000000000 ) ) ;
#5456 = CARTESIAN_POINT ( 'NONE',  ( 5.000000000000000000, -1.900000000000000133, 8.839610526981747557E-16 ) ) ;
#5457 = ADVANCED_FACE ( 'NONE', ( #2718 ), #4571, .T. ) ;
#5458 =( GEOMETRIC_REPRESENTATION_CONTEXT ( 3 ) GLOBAL_UNCERTAINTY_ASSIGNED_CONTEXT ( ( #3569 ) ) GLOBAL_UNIT_ASSIGNED_CONTEXT ( ( #1133, #590, #6140 ) ) REPRESENTATION_CONTEXT ( 'NONE', 'WORKASPACE' ) );
#5459 = UNCERTAINTY_MEASURE_WITH_UNIT (LENGTH_MEASURE( 1.000000000000000082E-05 ), #6242, 'distance_accuracy_value', 'NONE');
#5460 = PLANE ( 'NONE',  #2127 ) ;
#5461 = ORIENTED_EDGE ( 'NONE', *, *, #5298, .T. ) ;
#5462 = CARTESIAN_POINT ( 'NONE',  ( -4.307295176502882406, 8.025580246913603943, 2.500000000000000444 ) ) ;
#5463 = CARTESIAN_POINT ( 'NONE',  ( 0.1434027075026999554, 5.025487796094840753, 2.499999999999999556 ) ) ;
#5464 = VERTEX_POINT ( 'NONE', #4315 ) ;
#5465 = CARTESIAN_POINT ( 'NONE',  ( -0.1664528882463454373, 4.555647972085212771, 2.500000000000000000 ) ) ;
#5466 = SURFACE_STYLE_USAGE ( .BOTH. , #6026 ) ;
#5467 = EDGE_CURVE ( 'NONE', #5235, #5918, #4746, .T. ) ;
#5468 = EDGE_CURVE ( 'NONE', #2619, #4225, #6356, .T. ) ;
#5469 = ORIENTED_EDGE ( 'NONE', *, *, #6380, .T. ) ;
#5470 = DIRECTION ( 'NONE',  ( 0.000000000000000000, -1.000000000000000000, 0.000000000000000000 ) ) ;
#5471 = CARTESIAN_POINT ( 'NONE',  ( 0.08107642567163647618, 4.725391714897535067, 2.499999999999999556 ) ) ;
#5472 = VERTEX_POINT ( 'NONE', #5823 ) ;
#5473 = EDGE_CURVE ( 'NONE', #6348, #3333, #1828, .T. ) ;
#5475 = CARTESIAN_POINT ( 'NONE',  ( -6.499999997475132574, 10.57915107069528737, 2.499999997475167657 ) ) ;
#5474 = DIRECTION ( 'NONE',  ( 0.000000000000000000, 0.000000000000000000, 1.000000000000000000 ) ) ;
#5476 = PLANE ( 'NONE',  #4390 ) ;
#5477 = CARTESIAN_POINT ( 'NONE',  ( -2.171007552424707665, 4.093994335752699776, 2.500000000000000000 ) ) ;
#5478 =( GEOMETRIC_REPRESENTATION_CONTEXT ( 3 ) GLOBAL_UNCERTAINTY_ASSIGNED_CONTEXT ( ( #3829 ) ) GLOBAL_UNIT_ASSIGNED_CONTEXT ( ( #3181, #485, #680 ) ) REPRESENTATION_CONTEXT ( 'NONE', 'WORKASPACE' ) );
#5479 = ORIENTED_EDGE ( 'NONE', *, *, #45, .F. ) ;
#5480 =( NAMED_UNIT ( * ) SI_UNIT ( $, .STERADIAN. ) SOLID_ANGLE_UNIT ( ) );
#5481 = ORIENTED_EDGE ( 'NONE', *, *, #4209, .F. ) ;
#5482 = DIRECTION ( 'NONE',  ( -1.016439536705160653E-16, 0.000000000000000000, -1.000000000000000000 ) ) ;
#5483 = FILL_AREA_STYLE_COLOUR ( '', #2356 ) ;
#5484 = EDGE_CURVE ( 'NONE', #2875, #3367, #3719, .T. ) ;
#5485 = CARTESIAN_POINT ( 'NONE',  ( 3.745210466235982416, 6.798713363796720976, 2.499999999999999556 ) ) ;
#5486 = VERTEX_POINT ( 'NONE', #913 ) ;
#5487 = CARTESIAN_POINT ( 'NONE',  ( -6.400000000000000355, 11.00000000000000000, 2.399999999999999911 ) ) ;
#5488 = DIRECTION ( 'NONE',  ( -0.5057194997124211389, 0.8626979700976572518, 5.140332939904590317E-17 ) ) ;
#5489 = AXIS2_PLACEMENT_3D ( 'NONE', #6541, #3536, #478 ) ;
#5490 = CARTESIAN_POINT ( 'NONE',  ( -1.384304105074311675, 6.525580246913603943, 2.500000000000000000 ) ) ;
#5491 = DIRECTION ( 'NONE',  ( -1.239088197126290570E-16, -0.000000000000000000, -1.000000000000000000 ) ) ;
#5492 = EDGE_CURVE ( 'NONE', #1870, #2890, #5142, .T. ) ;
#5493 = ORIENTED_EDGE ( 'NONE', *, *, #205, .T. ) ;
#5494 = SURFACE_STYLE_USAGE ( .BOTH. , #3961 ) ;
#5495 = CARTESIAN_POINT ( 'NONE',  ( -6.292893218813452982, 11.00000000000000178, -2.234314575050762475 ) ) ;
#5496 = CARTESIAN_POINT ( 'NONE',  ( -1.247112154010180385, 4.349901102885861626, 2.500000000000000000 ) ) ;
#5497 = VECTOR ( 'NONE', #790, 1000.000000000000114 ) ;
#5498 = ORIENTED_EDGE ( 'NONE', *, *, #5100, .T. ) ;
#5499 = ADVANCED_FACE ( 'NONE', ( #4384 ), #4767, .T. ) ;
#5500 = CARTESIAN_POINT ( 'NONE',  ( -2.327891767411972346, 5.316075528543677819, 2.500000000000000000 ) ) ;
#5501 = ORIENTED_EDGE ( 'NONE', *, *, #4610, .T. ) ;
#5502 = VECTOR ( 'NONE', #427, 1000.000000000000114 ) ;
#5504 = CARTESIAN_POINT ( 'NONE',  ( -6.486986315576744211, 10.63087399712089720, 2.389589052461387197 ) ) ;
#5503 = FILL_AREA_STYLE ('',( #521 ) ) ;
#5505 = DIRECTION ( 'NONE',  ( 1.000000000000000000, 0.000000000000000000, -1.885568995626964040E-16 ) ) ;
#5506 = CARTESIAN_POINT ( 'NONE',  ( -2.110562221957428708, 8.025580246913603943, 2.500000000000000000 ) ) ;
#5507 = EDGE_CURVE ( 'NONE', #5310, #6211, #4279, .T. ) ;
#5508 = VECTOR ( 'NONE', #5318, 1000.000000000000000 ) ;
#5509 = CARTESIAN_POINT ( 'NONE',  ( 2.030924751950267559, 6.798713363796720976, 2.499999999999999556 ) ) ;
#5510 = PRESENTATION_LAYER_ASSIGNMENT (  '', '', ( #5725 ) ) ;
#5511 = ORIENTED_EDGE ( 'NONE', *, *, #2265, .T. ) ;
#5512 = CARTESIAN_POINT ( 'NONE',  ( 0.05151431906286548651, 4.254889170684736044, 2.499999999999999556 ) ) ;
#5513 =( LENGTH_UNIT ( ) NAMED_UNIT ( * ) SI_UNIT ( .MILLI., .METRE. ) );
#5514 = SURFACE_STYLE_USAGE ( .BOTH. , #1488 ) ;
#5515 = AXIS2_PLACEMENT_3D ( 'NONE', #32, #6086, #2117 ) ;
#5516 = SURFACE_STYLE_FILL_AREA ( #5238 ) ;
#5517 = VERTEX_POINT ( 'NONE', #2324 ) ;
#5518 = CARTESIAN_POINT ( 'NONE',  ( 1.971265661041176953, 6.900174402757759395, 2.499999999999999556 ) ) ;
#5519 = CARTESIAN_POINT ( 'NONE',  ( 0.7771989206347589274, 2.860673538515059899, 2.499999999999999556 ) ) ;
#5520 = DIRECTION ( 'NONE',  ( 1.000000000000000000, 0.000000000000000000, -1.016439536705160653E-16 ) ) ;
#5521 = DIRECTION ( 'NONE',  ( -1.239088197126290570E-16, 0.000000000000000000, -1.000000000000000000 ) ) ;
#5522 = ORIENTED_EDGE ( 'NONE', *, *, #291, .F. ) ;
#5523 = CARTESIAN_POINT ( 'NONE',  ( -6.500000000000000888, 11.00000000000000000, 2.399999999999999911 ) ) ;
#5524 = SURFACE_SIDE_STYLE ('',( #4495 ) ) ;
#5525 = CARTESIAN_POINT ( 'NONE',  ( 0.1044116457569717465, 2.292525445460847244, -2.500000000000000888 ) ) ;
#5526 = CARTESIAN_POINT ( 'NONE',  ( 5.350000000000001421, 0.1000000000000004080, 12.49999999999999645 ) ) ;
#5527 = ORIENTED_EDGE ( 'NONE', *, *, #6069, .F. ) ;
#5528 = FACE_OUTER_BOUND ( 'NONE', #5087, .T. ) ;
#5529 = CARTESIAN_POINT ( 'NONE',  ( 3.170184780592395501, 7.007918903798947774, 2.499999999999999556 ) ) ;
#5530 = ORIENTED_EDGE ( 'NONE', *, *, #708, .T. ) ;
#5531 = SURFACE_SIDE_STYLE ('',( #6438 ) ) ;
#5532 = CARTESIAN_POINT ( 'NONE',  ( -0.5997021369300364890, 3.976659012256058556, -2.500000000000000444 ) ) ;
#5533 = CARTESIAN_POINT ( 'NONE',  ( -0.6751644884566591065, 3.173086378263830110, -2.500000000000000444 ) ) ;
#5534 = SURFACE_STYLE_USAGE ( .BOTH. , #1693 ) ;
#5535 = EDGE_CURVE ( 'NONE', #1029, #3210, #4922, .T. ) ;
#5536 = ORIENTED_EDGE ( 'NONE', *, *, #3867, .T. ) ;
#5537 = CARTESIAN_POINT ( 'NONE',  ( -3.167380403775610365, 7.061598915744772498, 2.500000000000000000 ) ) ;
#5538 = VERTEX_POINT ( 'NONE', #3854 ) ;
#5539 = DIRECTION ( 'NONE',  ( 0.000000000000000000, -1.000000000000000000, 0.000000000000000000 ) ) ;
#5540 =( GEOMETRIC_REPRESENTATION_CONTEXT ( 3 ) GLOBAL_UNCERTAINTY_ASSIGNED_CONTEXT ( ( #5866 ) ) GLOBAL_UNIT_ASSIGNED_CONTEXT ( ( #6353, #5221, #4752 ) ) REPRESENTATION_CONTEXT ( 'NONE', 'WORKASPACE' ) );
#5541 = CARTESIAN_POINT ( 'NONE',  ( -1.409039930514192074, 4.125118835465268141, 2.500000000000000000 ) ) ;
#5542 = EDGE_CURVE ( 'NONE', #1617, #3418, #3339, .T. ) ;
#5543 = DIRECTION ( 'NONE',  ( -1.239088197126290570E-16, -0.000000000000000000, -1.000000000000000000 ) ) ;
#5544 = EDGE_CURVE ( 'NONE', #4748, #2465, #3248, .T. ) ;
#5545 = DIRECTION ( 'NONE',  ( 1.000000000000000000, -2.710505431213777355E-16, 0.000000000000000000 ) ) ;
#5546 = VERTEX_POINT ( 'NONE', #5518 ) ;
#5547 = CARTESIAN_POINT ( 'NONE',  ( 1.995874470547952084, 7.061382710889638759, 2.499999999999999556 ) ) ;
#5548 = CARTESIAN_POINT ( 'NONE',  ( 2.218362009551337000, 3.816075528543677819, 2.499999999999999556 ) ) ;
#5549 = VERTEX_POINT ( 'NONE', #4555 ) ;
#5550 = VECTOR ( 'NONE', #4408, 1000.000000000000000 ) ;
#5551 = CARTESIAN_POINT ( 'NONE',  ( -4.485968066113271924, 8.025580246913603943, 2.500000000000000444 ) ) ;
#5552 = CARTESIAN_POINT ( 'NONE',  ( -3.630042741437947917, 4.673218385686534582, 2.500000000000000000 ) ) ;
#5553 = CARTESIAN_POINT ( 'NONE',  ( -2.168007468789495462, 4.968325815778982246, 2.500000000000000000 ) ) ;
#5554 = STYLED_ITEM ( 'NONE', ( #802 ), #3923 ) ;
#5555 = LINE ( 'NONE', #1187, #6201 ) ;
#5556 = UNCERTAINTY_MEASURE_WITH_UNIT (LENGTH_MEASURE( 1.000000000000000082E-05 ), #1109, 'distance_accuracy_value', 'NONE');
#5557 = ORIENTED_EDGE ( 'NONE', *, *, #8, .F. ) ;
#5558 = VECTOR ( 'NONE', #2560, 1000.000000000000000 ) ;
#5559 = VECTOR ( 'NONE', #1479, 1000.000000000000000 ) ;
#5560 = FACE_OUTER_BOUND ( 'NONE', #1839, .T. ) ;
#5561 = ORIENTED_EDGE ( 'NONE', *, *, #3697, .T. ) ;
#5562 = CARTESIAN_POINT ( 'NONE',  ( 5.000000000000000000, -1.900000000000000133, 8.839610526981747557E-16 ) ) ;
#5563 = CARTESIAN_POINT ( 'NONE',  ( -6.399999999999999467, 10.49999999999999822, 2.500000000000000444 ) ) ;
#5564 = CARTESIAN_POINT ( 'NONE',  ( -0.5668328749163277225, 3.388149188987623628, -2.500000000000000444 ) ) ;
#5565 = PRESENTATION_LAYER_ASSIGNMENT (  '', '', ( #2083 ) ) ;
#5566 = COLOUR_RGB ( '',0.6941176470588235059, 0.09803921568627450844, 0.09803921568627450844 ) ;
#5567 = ADVANCED_FACE ( 'NONE', ( #4456 ), #1493, .F. ) ;
#5568 = CARTESIAN_POINT ( 'NONE',  ( -0.5716011829963890678, 4.965426177894326720, 2.500000000000000000 ) ) ;
#5569 = CIRCLE ( 'NONE', #1059, 0.009999999999999592548 ) ;
#5570 = ORIENTED_EDGE ( 'NONE', *, *, #5355, .F. ) ;
#5571 = PRESENTATION_STYLE_ASSIGNMENT (( #1572 ) ) ;
#5572 = ORIENTED_EDGE ( 'NONE', *, *, #2806, .T. ) ;
#5573 = SURFACE_STYLE_USAGE ( .BOTH. , #3579 ) ;
#5574 = LINE ( 'NONE', #4550, #4562 ) ;
#5575 = PRESENTATION_LAYER_ASSIGNMENT (  '', '', ( #5259 ) ) ;
#5576 = CARTESIAN_POINT ( 'NONE',  ( -3.630042741437947917, 4.497893710361859476, 2.500000000000000000 ) ) ;
#5577 = ORIENTED_EDGE ( 'NONE', *, *, #5400, .F. ) ;
#5578 = EDGE_CURVE ( 'NONE', #5395, #5310, #6118, .T. ) ;
#5579 = CARTESIAN_POINT ( 'NONE',  ( -6.300000000000000711, 6.299999999999999822, 2.299999999999999822 ) ) ;
#5580 = ORIENTED_EDGE ( 'NONE', *, *, #5133, .T. ) ;
#5581 = CARTESIAN_POINT ( 'NONE',  ( 2.558844796011022549, 7.075895769560331949, 2.499999999999999556 ) ) ;
#5582 = CARTESIAN_POINT ( 'NONE',  ( 3.173781894807410797, 7.001838363796720976, 2.499999999999999556 ) ) ;
#5583 = FACE_OUTER_BOUND ( 'NONE', #3302, .T. ) ;
#5584 = VECTOR ( 'NONE', #3984, 1000.000000000000000 ) ;
#5585 = LINE ( 'NONE', #5085, #4372 ) ;
#5586 = EDGE_CURVE ( 'NONE', #5928, #3123, #1080, .T. ) ;
#5587 = EDGE_CURVE ( 'NONE', #1887, #10, #4958, .T. ) ;
#5588 = ORIENTED_EDGE ( 'NONE', *, *, #5100, .F. ) ;
#5589 = CARTESIAN_POINT ( 'NONE',  ( -6.399999999999999467, 11.00000000000000000, 2.500000000000000444 ) ) ;
#5590 = STYLED_ITEM ( 'NONE', ( #2688 ), #6235 ) ;
#5591 =( NAMED_UNIT ( * ) SI_UNIT ( $, .STERADIAN. ) SOLID_ANGLE_UNIT ( ) );
#5592 = CARTESIAN_POINT ( 'NONE',  ( -4.649999999999999467, 0.1000000000000004913, -2.500000000000000444 ) ) ;
#5593 = SURFACE_STYLE_FILL_AREA ( #3601 ) ;
#5594 = ORIENTED_EDGE ( 'NONE', *, *, #2265, .F. ) ;
#5595 =( NAMED_UNIT ( * ) PLANE_ANGLE_UNIT ( ) SI_UNIT ( $, .RADIAN. ) );
#5596 = FILL_AREA_STYLE ('',( #5063 ) ) ;
#5597 = ADVANCED_FACE ( 'NONE', ( #3063 ), #3954, .T. ) ;
#5598 = ORIENTED_EDGE ( 'NONE', *, *, #6081, .F. ) ;
#5599 = CARTESIAN_POINT ( 'NONE',  ( -0.1007812499999999334, 3.612401669274953431, -2.500000000000000444 ) ) ;
#5600 = CARTESIAN_POINT ( 'NONE',  ( 0.4803468689516631751, 6.525580246913603943, 2.499999999999999556 ) ) ;
#5601 = CARTESIAN_POINT ( 'NONE',  ( -0.5288071834041655483, 3.432625330740791902, -2.500000000000000444 ) ) ;
#5602 = VERTEX_POINT ( 'NONE', #5020 ) ;
#5603 = CARTESIAN_POINT ( 'NONE',  ( 4.650000000000001243, 0.2000000000000005107, 12.49999999999999645 ) ) ;
#5604 = STYLED_ITEM ( 'NONE', ( #1852 ), #4682 ) ;
#5605 = ORIENTED_EDGE ( 'NONE', *, *, #2313, .F. ) ;
#5606 = DIRECTION ( 'NONE',  ( -1.000000000000000000, 0.000000000000000000, 0.000000000000000000 ) ) ;
#5607 = CARTESIAN_POINT ( 'NONE',  ( -2.578094689489895952, 6.525580246913603943, 2.500000000000000000 ) ) ;
#5608 = DIRECTION ( 'NONE',  ( -1.000000000000000000, -0.000000000000000000, -0.000000000000000000 ) ) ;
#5609 = CARTESIAN_POINT ( 'NONE',  ( -1.457964819360025865, 6.741387876783734079, 2.500000000000000000 ) ) ;
#5610 = EDGE_CURVE ( 'NONE', #6407, #4820, #500, .T. ) ;
#5611 = VECTOR ( 'NONE', #1928, 1000.000000000000000 ) ;
#5612 = CARTESIAN_POINT ( 'NONE',  ( 0.6436287566425652473, 2.795091088866935358, -2.500000000000000888 ) ) ;
#5613 = VERTEX_POINT ( 'NONE', #5145 ) ;
#5614 = ORIENTED_EDGE ( 'NONE', *, *, #3279, .F. ) ;
#5615 = B_SPLINE_CURVE_WITH_KNOTS ( 'NONE', 3,
 ( #5034, #11, #2063, #4058, #995, #2616, #6166 ),
 .UNSPECIFIED., .F., .F.,
 ( 4, 1, 1, 1, 4 ),
 ( 0.000000000000000000, 0.2759400882070082162, 0.5327379385843444837, 0.7759418428336766205, 1.000000000000000000 ),
 .UNSPECIFIED. ) ;
#5616 = PRESENTATION_LAYER_ASSIGNMENT (  '', '', ( #1604 ) ) ;
#5617 = FACE_OUTER_BOUND ( 'NONE', #1540, .T. ) ;
#5618 = STYLED_ITEM ( 'NONE', ( #5892 ), #3039 ) ;
#5619 = PLANE ( 'NONE',  #4938 ) ;
#5620 = B_SPLINE_CURVE_WITH_KNOTS ( 'NONE', 3,
 ( #2569, #123, #3129, #4588, #92, #1614, #439, #2111, #3092, #61, #3166, #3618, #2182, #2077, #6210, #4107, #2670, #4683, #5683 ),
 .UNSPECIFIED., .F., .F.,
 ( 4, 1, 1, 1, 1, 1, 1, 1, 1, 1, 1, 1, 1, 1, 1, 1, 4 ),
 ( 0.000000000000000000, 0.07657281352907395477, 0.1493228985313973523, 0.2172186749416061824, 0.2820872493082829391, 0.3432655771108285570, 0.4022310899227233283, 0.4584773865507853485, 0.5141512058041741717, 0.5690726415643304614, 0.6243527363272767250, 0.6811913672928023855, 0.7394041584491236607, 0.7998297883091681770, 0.8628307336450725673, 0.9296455439554833777, 1.000000000000000000 ),
 .UNSPECIFIED. ) ;
#5621 = PLANE ( 'NONE',  #3733 ) ;
#5622 = COLOUR_RGB ( '',0.6941176470588235059, 0.09803921568627450844, 0.09803921568627450844 ) ;
#5623 = AXIS2_PLACEMENT_3D ( 'NONE', #2565, #1575, #2969 ) ;
#5624 = ORIENTED_EDGE ( 'NONE', *, *, #5610, .T. ) ;
#5625 =( NAMED_UNIT ( * ) PLANE_ANGLE_UNIT ( ) SI_UNIT ( $, .RADIAN. ) );
#5626 = CARTESIAN_POINT ( 'NONE',  ( 0.08745272703673653836, 3.928046557348123358, 2.499999999999999556 ) ) ;
#5627 = B_SPLINE_CURVE_WITH_KNOTS ( 'NONE', 3,
 ( #6198, #2759, #4766, #2264, #1195 ),
 .UNSPECIFIED., .F., .F.,
 ( 4, 1, 4 ),
 ( 0.000000000000000000, 0.5271548120356759348, 1.000000000000000000 ),
 .UNSPECIFIED. ) ;
#5628 = FILL_AREA_STYLE ('',( #640 ) ) ;
#5629 = DIRECTION ( 'NONE',  ( -1.000000000000000000, 0.000000000000000000, 0.000000000000000000 ) ) ;
#5630 = EDGE_CURVE ( 'NONE', #4475, #3749, #2601, .T. ) ;
#5631 = MECHANICAL_DESIGN_GEOMETRIC_PRESENTATION_REPRESENTATION (  '', ( #4776 ), #3609 ) ;
#5632 = VERTEX_POINT ( 'NONE', #734 ) ;
#5633 =( LENGTH_UNIT ( ) NAMED_UNIT ( * ) SI_UNIT ( .MILLI., .METRE. ) );
#5634 = ORIENTED_EDGE ( 'NONE', *, *, #280, .T. ) ;
#5635 = CARTESIAN_POINT ( 'NONE',  ( -1.764478618061324333, 4.512504099972249882, 2.500000000000000000 ) ) ;
#5636 = COLOUR_RGB ( '',0.6941176470588235059, 0.09803921568627450844, 0.09803921568627450844 ) ;
#5637 = CARTESIAN_POINT ( 'NONE',  ( -0.1626610793735872862, 3.610545027755097447, -2.500000000000000444 ) ) ;
#5638 = VERTEX_POINT ( 'NONE', #3134 ) ;
#5639 = CARTESIAN_POINT ( 'NONE',  ( -0.5449331723410493211, 2.522226024806021538, -2.500000000000000444 ) ) ;
#5640 = ORIENTED_EDGE ( 'NONE', *, *, #2672, .F. ) ;
#5641 = CARTESIAN_POINT ( 'NONE',  ( -3.162510273905479341, 5.316075528543677819, 2.500000000000000000 ) ) ;
#5642 = DIRECTION ( 'NONE',  ( 0.000000000000000000, 0.000000000000000000, -1.000000000000000000 ) ) ;
#5643 = DIRECTION ( 'NONE',  ( -0.000000000000000000, -0.000000000000000000, 1.000000000000000000 ) ) ;
#5644 = CARTESIAN_POINT ( 'NONE',  ( 0.02252534663797439371, 3.598044307712378931, -2.500000000000000888 ) ) ;
#5645 = VECTOR ( 'NONE', #1594, 1000.000000000000000 ) ;
#5646 = SURFACE_SIDE_STYLE ('',( #2597 ) ) ;
#5647 = VERTEX_POINT ( 'NONE', #2740 ) ;
#5648 =( GEOMETRIC_REPRESENTATION_CONTEXT ( 3 ) GLOBAL_UNCERTAINTY_ASSIGNED_CONTEXT ( ( #4830 ) ) GLOBAL_UNIT_ASSIGNED_CONTEXT ( ( #6250, #2353, #192 ) ) REPRESENTATION_CONTEXT ( 'NONE', 'WORKASPACE' ) );
#5649 = ORIENTED_EDGE ( 'NONE', *, *, #748, .F. ) ;
#5650 = CARTESIAN_POINT ( 'NONE',  ( -0.5910817024769086103, 4.225166437634586991, 2.500000000000000000 ) ) ;
#5651 =( LENGTH_UNIT ( ) NAMED_UNIT ( * ) SI_UNIT ( .MILLI., .METRE. ) );
#5652 = CARTESIAN_POINT ( 'NONE',  ( -3.300488539687937983, 7.130639676447456665, 2.500000000000000000 ) ) ;
#5653 = DIRECTION ( 'NONE',  ( 0.000000000000000000, -1.000000000000000000, 0.000000000000000000 ) ) ;
#5654 = VECTOR ( 'NONE', #1162, 1000.000000000000000 ) ;
#5655 = ORIENTED_EDGE ( 'NONE', *, *, #1021, .T. ) ;
#5656 = CARTESIAN_POINT ( 'NONE',  ( -1.637264766999778853, 4.475843649070513131, 2.500000000000000000 ) ) ;
#5657 = CARTESIAN_POINT ( 'NONE',  ( 6.349514573547641483, 10.75180943524418886, 2.436893216934542750 ) ) ;
#5658 = ADVANCED_FACE ( 'NONE', ( #5714 ), #152, .F. ) ;
#5659 = CARTESIAN_POINT ( 'NONE',  ( 3.201379297404813862, 6.751635441718798702, 2.499999999999999556 ) ) ;
#5660 = CARTESIAN_POINT ( 'NONE',  ( -1.912924647923541777, 5.307870589727722077, 2.500000000000000000 ) ) ;
#5661 = CARTESIAN_POINT ( 'NONE',  ( -0.1999493972821034249, 3.952439164907315394, 2.500000000000000000 ) ) ;
#5662 = DIRECTION ( 'NONE',  ( -0.000000000000000000, -1.000000000000000000, -0.000000000000000000 ) ) ;
#5663 = CARTESIAN_POINT ( 'NONE',  ( -6.499999997475132574, 10.57915107069528737, -2.499999997475201852 ) ) ;
#5664 = EDGE_CURVE ( 'NONE', #755, #273, #3668, .T. ) ;
#5665 = ORIENTED_EDGE ( 'NONE', *, *, #3114, .F. ) ;
#5666 = EDGE_CURVE ( 'NONE', #2214, #3054, #1744, .T. ) ;
#5667 = CARTESIAN_POINT ( 'NONE',  ( -4.214458325853531306, 4.673218385686534582, 2.500000000000000000 ) ) ;
#5668 = VECTOR ( 'NONE', #5967, 1000.000000000000114 ) ;
#5669 = CARTESIAN_POINT ( 'NONE',  ( -0.4867895446302992202, 3.472839025969615800, -2.500000000000000444 ) ) ;
#5670 = COLOUR_RGB ( '',0.5882352941176470784, 0.5882352941176470784, 0.6313725490196078205 ) ;
#5671 = VECTOR ( 'NONE', #5794, 1000.000000000000000 ) ;
#5672 = CARTESIAN_POINT ( 'NONE',  ( -4.048873910269116472, 6.735300214446072076, 2.500000000000000000 ) ) ;
#5673 = VERTEX_POINT ( 'NONE', #6212 ) ;
#5674 = ADVANCED_FACE ( 'NONE', ( #2245 ), #6149, .T. ) ;
#5675 = CARTESIAN_POINT ( 'NONE',  ( 4.011444232469749238, 7.252852974186331458, 2.499999999999999556 ) ) ;
#5676 = ORIENTED_EDGE ( 'NONE', *, *, #5276, .T. ) ;
#5677 = CARTESIAN_POINT ( 'NONE',  ( -1.973561994212049475, 4.093112663468407852, 2.500000000000000000 ) ) ;
#5678 = MECHANICAL_DESIGN_GEOMETRIC_PRESENTATION_REPRESENTATION (  '', ( #5434 ), #2409 ) ;
#5679 = VECTOR ( 'NONE', #5520, 1000.000000000000000 ) ;
#5680 = CARTESIAN_POINT ( 'NONE',  ( -0.02462472195742779549, 7.561091610549967257, 2.500000000000000000 ) ) ;
#5681 = CARTESIAN_POINT ( 'NONE',  ( -1.565491394419649351, 3.989441619469531020, 2.500000000000000000 ) ) ;
#5682 = SURFACE_SIDE_STYLE ('',( #762 ) ) ;
#5683 = CARTESIAN_POINT ( 'NONE',  ( -1.728561410269116472, 5.160231372699521479, 2.500000000000000000 ) ) ;
#5684 = ORIENTED_EDGE ( 'NONE', *, *, #5664, .F. ) ;
#5685 = DIRECTION ( 'NONE',  ( -1.239088197126290570E-16, -0.000000000000000000, -1.000000000000000000 ) ) ;
#5686 = ORIENTED_EDGE ( 'NONE', *, *, #2722, .T. ) ;
#5687 = CARTESIAN_POINT ( 'NONE',  ( -0.4678184167823695727, 3.912561184820940952, 2.500000000000000000 ) ) ;
#5688 = FACE_OUTER_BOUND ( 'NONE', #5993, .T. ) ;
#5689 = SURFACE_STYLE_FILL_AREA ( #2777 ) ;
#5690 =( GEOMETRIC_REPRESENTATION_CONTEXT ( 3 ) GLOBAL_UNCERTAINTY_ASSIGNED_CONTEXT ( ( #4252 ) ) GLOBAL_UNIT_ASSIGNED_CONTEXT ( ( #709, #1624, #1593 ) ) REPRESENTATION_CONTEXT ( 'NONE', 'WORKASPACE' ) );
#5691 = CARTESIAN_POINT ( 'NONE',  ( 3.218018907794424344, 7.076919532627889531, 2.499999999999999556 ) ) ;
#5692 = AXIS2_PLACEMENT_3D ( 'NONE', #2678, #35, #3036 ) ;
#5693 = ORIENTED_EDGE ( 'NONE', *, *, #6079, .T. ) ;
#5694 = CARTESIAN_POINT ( 'NONE',  ( -1.480337046377613097, 4.410729930661192455, 2.500000000000000000 ) ) ;
#5695 = CARTESIAN_POINT ( 'NONE',  ( -4.749999999999999112, 0.1000000000000004913, 12.49999999999999822 ) ) ;
#5696 = CARTESIAN_POINT ( 'NONE',  ( -0.006666118061324216061, 4.953859619452768648, 2.500000000000000000 ) ) ;
#5697 = CLOSED_SHELL ( 'NONE', ( #2397, #5499, #1031, #4074, #2854, #4565, #3319, #4361, #4656, #1539, #5311, #6327, #2763, #3923, #4152, #2519, #2226, #1088, #2275, #6235, #125, #3030, #5886, #1012, #3047, #1960, #3208, #625, #5384, #4321, #3552, #1478, #6340, #5597, #4923, #673, #5567, #2750, #1003, #2623, #6320, #1102, #869, #3266, #3039, #4682, #416, #5674, #5175, #2352, #4808, #666, #1547, #6486, #842, #378, #6163, #2556, #2163, #4488, #3813, #1831, #5658, #2833, #5980, #5957, #798, #2368, #6090, #5177, #1042, #2862, #1950, #2188, #5457, #506, #3672, #4301, #2154, #4199, #2035, #4980, #6463 ) ) ;
#5698 = CARTESIAN_POINT ( 'NONE',  ( -6.399999999999999467, 11.00000000000000000, 2.500000000000000444 ) ) ;
#5699 = FILL_AREA_STYLE_COLOUR ( '', #4413 ) ;
#5700 = CARTESIAN_POINT ( 'NONE',  ( 0.7771989206347589274, 8.466350291807936301, 2.499999999999999556 ) ) ;
#5701 = DIRECTION ( 'NONE',  ( -0.6484864528339515655, -0.7612261953524978031, 6.591472696781147695E-17 ) ) ;
#5702 = ORIENTED_EDGE ( 'NONE', *, *, #723, .T. ) ;
#5703 = CARTESIAN_POINT ( 'NONE',  ( -3.135115793385999439, 6.525580246913603943, 2.500000000000000000 ) ) ;
#5704 = FILL_AREA_STYLE ('',( #3669 ) ) ;
#5705 = CARTESIAN_POINT ( 'NONE',  ( 3.480334412148740952, 3.816075528543677819, 2.499999999999999556 ) ) ;
#5706 = VERTEX_POINT ( 'NONE', #5551 ) ;
#5707 = CARTESIAN_POINT ( 'NONE',  ( 5.350000000000000533, 0.1000000000000004080, 2.499999999999998668 ) ) ;
#5708 = ORIENTED_EDGE ( 'NONE', *, *, #232, .T. ) ;
#5709 = DIRECTION ( 'NONE',  ( -1.239088197126290570E-16, -0.000000000000000000, -1.000000000000000000 ) ) ;
#5710 = PRESENTATION_STYLE_ASSIGNMENT (( #6208 ) ) ;
#5711 = CARTESIAN_POINT ( 'NONE',  ( -6.399999999999999467, 11.00000000000000000, 2.500000000000000444 ) ) ;
#5712 = VECTOR ( 'NONE', #5852, 1000.000000000000114 ) ;
#5713 = EDGE_LOOP ( 'NONE', ( #538, #4175, #5942, #4363 ) ) ;
#5714 = FACE_OUTER_BOUND ( 'NONE', #4241, .T. ) ;
#5715 = ORIENTED_EDGE ( 'NONE', *, *, #3500, .F. ) ;
#5716 = LINE ( 'NONE', #2742, #6371 ) ;
#5717 = LINE ( 'NONE', #4721, #3403 ) ;
#5718 =( NAMED_UNIT ( * ) PLANE_ANGLE_UNIT ( ) SI_UNIT ( $, .RADIAN. ) );
#5719 = CARTESIAN_POINT ( 'NONE',  ( 2.525180191369519100, 4.042130723348872579, 2.499999999999999556 ) ) ;
#5720 = AXIS2_PLACEMENT_3D ( 'NONE', #4971, #5437, #824 ) ;
#5721 = VECTOR ( 'NONE', #1310, 1000.000000000000000 ) ;
#5722 = CARTESIAN_POINT ( 'NONE',  ( -4.759999999999998899, 0.000000000000000000, 12.49999999999999822 ) ) ;
#5723 = VERTEX_POINT ( 'NONE', #6324 ) ;
#5724 = SURFACE_STYLE_USAGE ( .BOTH. , #2749 ) ;
#5725 = STYLED_ITEM ( 'NONE', ( #1385 ), #4321 ) ;
#5726 = CARTESIAN_POINT ( 'NONE',  ( -0.3795430883501670905, 3.841474678466678672, 2.500000000000000000 ) ) ;
#5727 = CARTESIAN_POINT ( 'NONE',  ( -5.249999999999999112, 0.1000000000000004219, -2.500000000000000444 ) ) ;
#5728 =( NAMED_UNIT ( * ) SI_UNIT ( $, .STERADIAN. ) SOLID_ANGLE_UNIT ( ) );
#5729 = CARTESIAN_POINT ( 'NONE',  ( -0.4448428167085431983, 5.242350076342155774, 2.500000000000000000 ) ) ;
#5730 = VECTOR ( 'NONE', #1110, 1000.000000000000000 ) ;
#5731 = CARTESIAN_POINT ( 'NONE',  ( -6.399999999999999467, 10.49999999999999822, -2.500000000000000444 ) ) ;
#5732 = VERTEX_POINT ( 'NONE', #1654 ) ;
#5733 = DIRECTION ( 'NONE',  ( -1.000000000000000000, 0.000000000000000000, 1.016439536705160653E-16 ) ) ;
#5734 = CARTESIAN_POINT ( 'NONE',  ( -6.319866711248161018, 10.80727339212636551, 2.399833389060181510 ) ) ;
#5735 = CARTESIAN_POINT ( 'NONE',  ( -0.1871807285197897575, 5.178959734894077016, 2.500000000000000000 ) ) ;
#5736 = EDGE_LOOP ( 'NONE', ( #4651, #3612 ) ) ;
#5737 = CARTESIAN_POINT ( 'NONE',  ( 0.2433593750000000167, 4.237401669274952987, -2.500000000000000888 ) ) ;
#5738 = CARTESIAN_POINT ( 'NONE',  ( 1.926154217343544639, 4.292333645426794853, 2.499999999999999556 ) ) ;
#5739 = PRESENTATION_LAYER_ASSIGNMENT (  '', '', ( #2260 ) ) ;
#5740 = ORIENTED_EDGE ( 'NONE', *, *, #5337, .F. ) ;
#5741 = EDGE_CURVE ( 'NONE', #5549, #5095, #3657, .T. ) ;
#5742 = CARTESIAN_POINT ( 'NONE',  ( -0.1862521570223628353, 7.585442259900616158, 2.500000000000000000 ) ) ;
#5743 = CARTESIAN_POINT ( 'NONE',  ( -0.2469114411084552541, 4.710151316625107221, 2.500000000000000000 ) ) ;
#5744 = SURFACE_STYLE_USAGE ( .BOTH. , #6345 ) ;
#5745 = EDGE_CURVE ( 'NONE', #1903, #6383, #2312, .T. ) ;
#5746 =( NAMED_UNIT ( * ) PLANE_ANGLE_UNIT ( ) SI_UNIT ( $, .RADIAN. ) );
#5747 = DIRECTION ( 'NONE',  ( 1.000000000000000000, 0.000000000000000000, -0.000000000000000000 ) ) ;
#5748 = ORIENTED_EDGE ( 'NONE', *, *, #4706, .F. ) ;
#5749 = DIRECTION ( 'NONE',  ( 0.5056715232898540968, -0.8627260924150367272, -5.139845288577320541E-17 ) ) ;
#5750 = EDGE_CURVE ( 'NONE', #2801, #5444, #154, .T. ) ;
#5751 = ORIENTED_EDGE ( 'NONE', *, *, #5996, .F. ) ;
#5752 = LINE ( 'NONE', #4750, #5412 ) ;
#5753 = CARTESIAN_POINT ( 'NONE',  ( -1.641076561810719481, 4.647643472894061212, 2.500000000000000000 ) ) ;
#5754 = FILL_AREA_STYLE_COLOUR ( '', #6332 ) ;
#5755 = DIRECTION ( 'NONE',  ( 0.000000000000000000, 1.000000000000000000, 0.000000000000000000 ) ) ;
#5756 = EDGE_CURVE ( 'NONE', #2600, #6449, #3170, .T. ) ;
#5757 = ORIENTED_EDGE ( 'NONE', *, *, #300, .F. ) ;
#5758 = SURFACE_STYLE_FILL_AREA ( #4728 ) ;
#5759 = SURFACE_SIDE_STYLE ('',( #2358 ) ) ;
#5760 = CARTESIAN_POINT ( 'NONE',  ( -1.637497470250366405, 3.798294919848322237, 2.500000000000000000 ) ) ;
#5761 = CARTESIAN_POINT ( 'NONE',  ( -1.272899884295090489, 4.887504099972248994, 2.500000000000000000 ) ) ;
#5762 = PRESENTATION_LAYER_ASSIGNMENT (  '', '', ( #4153 ) ) ;
#5763 = SURFACE_STYLE_USAGE ( .BOTH. , #1837 ) ;
#5764 = CARTESIAN_POINT ( 'NONE',  ( -6.500000000000000000, 10.56546160611506124, -2.399999999795448868 ) ) ;
#5765 = ORIENTED_EDGE ( 'NONE', *, *, #1778, .T. ) ;
#5766 = EDGE_CURVE ( 'NONE', #4030, #448, #5716, .T. ) ;
#5767 = COLOUR_RGB ( '',0.5882352941176470784, 0.5882352941176470784, 0.6313725490196078205 ) ;
#5768 = VERTEX_POINT ( 'NONE', #6215 ) ;
#5769 = MECHANICAL_DESIGN_GEOMETRIC_PRESENTATION_REPRESENTATION (  '', ( #1254 ), #2289 ) ;
#5770 = FILL_AREA_STYLE_COLOUR ( '', #650 ) ;
#5771 = DIRECTION ( 'NONE',  ( -1.000000000000000000, -0.000000000000000000, 1.016439536705160653E-16 ) ) ;
#5772 = ORIENTED_EDGE ( 'NONE', *, *, #932, .F. ) ;
#5773 = VECTOR ( 'NONE', #4669, 1000.000000000000000 ) ;
#5774 = CARTESIAN_POINT ( 'NONE',  ( -1.873884221388568472, 4.013217223640523024, 2.500000000000000000 ) ) ;
#5775 = DIRECTION ( 'NONE',  ( 1.000000000000000000, -2.710505431213754182E-16, 0.000000000000000000 ) ) ;
#5776 = VECTOR ( 'NONE', #3480, 1000.000000000000114 ) ;
#5777 = CARTESIAN_POINT ( 'NONE',  ( -6.300000000000000711, 0.5000000000000004441, 2.299999999999999822 ) ) ;
#5778 = EDGE_CURVE ( 'NONE', #1936, #2214, #3712, .T. ) ;
#5779 = CARTESIAN_POINT ( 'NONE',  ( 5.249999999999999112, 0.1000000000000011297, -2.300000000000000711 ) ) ;
#5780 = PRESENTATION_LAYER_ASSIGNMENT (  '', '', ( #1659 ) ) ;
#5781 = ORIENTED_EDGE ( 'NONE', *, *, #4264, .F. ) ;
#5782 = VERTEX_POINT ( 'NONE', #1683 ) ;
#5783 = DIRECTION ( 'NONE',  ( 0.3157656324554584115, -0.9488372175246944096, -3.209566731604381591E-17 ) ) ;
#5784 = CARTESIAN_POINT ( 'NONE',  ( -1.725821962217168437, 4.668957022050171268, 2.500000000000000000 ) ) ;
#5785 = CARTESIAN_POINT ( 'NONE',  ( 3.374206165395493784, 4.543348255816405334, 2.499999999999999556 ) ) ;
#5786 = CARTESIAN_POINT ( 'NONE',  ( -3.173674056661254461, 7.032297940855655405, 2.500000000000000000 ) ) ;
#5787 = PRESENTATION_STYLE_ASSIGNMENT (( #2815 ) ) ;
#5788 = EDGE_CURVE ( 'NONE', #927, #2364, #5752, .T. ) ;
#5789 = VECTOR ( 'NONE', #2343, 1000.000000000000000 ) ;
#5790 = VERTEX_POINT ( 'NONE', #2148 ) ;
#5791 = DIRECTION ( 'NONE',  ( -1.239088197126290570E-16, 0.000000000000000000, -1.000000000000000000 ) ) ;
#5792 = PRESENTATION_STYLE_ASSIGNMENT (( #1250 ) ) ;
#5793 = SURFACE_SIDE_STYLE ('',( #4791 ) ) ;
#5794 = DIRECTION ( 'NONE',  ( -1.239088197126290570E-16, -0.000000000000000000, -1.000000000000000000 ) ) ;
#5795 = PRESENTATION_LAYER_ASSIGNMENT (  '', '', ( #2096 ) ) ;
#5796 = CARTESIAN_POINT ( 'NONE',  ( -1.547236381278798367, 5.306535774798369687, 2.500000000000000000 ) ) ;
#5797 = EDGE_CURVE ( 'NONE', #6101, #6193, #5382, .T. ) ;
#5798 = EDGE_CURVE ( 'NONE', #6009, #410, #3402, .T. ) ;
#5799 = ORIENTED_EDGE ( 'NONE', *, *, #368, .T. ) ;
#5800 = CARTESIAN_POINT ( 'NONE',  ( -6.399999999999999467, 11.00000000000000000, 2.500000000000000444 ) ) ;
#5801 = VECTOR ( 'NONE', #1424, 1000.000000000000000 ) ;
#5802 = VERTEX_POINT ( 'NONE', #128 ) ;
#5803 = DIRECTION ( 'NONE',  ( -0.000000000000000000, -1.000000000000000000, -0.000000000000000000 ) ) ;
#5804 = CARTESIAN_POINT ( 'NONE',  ( -0.007364609672036699986, 4.970046727549889631, 2.500000000000000000 ) ) ;
#5805 = VERTEX_POINT ( 'NONE', #4143 ) ;
#5806 = EDGE_CURVE ( 'NONE', #3255, #2215, #632, .T. ) ;
#5807 =( LENGTH_UNIT ( ) NAMED_UNIT ( * ) SI_UNIT ( .MILLI., .METRE. ) );
#5808 = FILL_AREA_STYLE ('',( #3284 ) ) ;
#5809 = EDGE_LOOP ( 'NONE', ( #2171, #5708, #6497, #2332 ) ) ;
#5810 = CARTESIAN_POINT ( 'NONE',  ( 6.117559101153631218, 10.99995381846741971, -2.117559101153601464 ) ) ;
#5811 = VECTOR ( 'NONE', #6263, 1000.000000000000000 ) ;
#5812 = CYLINDRICAL_SURFACE ( 'NONE', #3072, 0.1000000000000002554 ) ;
#5813 = CARTESIAN_POINT ( 'NONE',  ( 3.076793065705629715, 4.305521797789191751, 2.499999999999999556 ) ) ;
#5814 = DIRECTION ( 'NONE',  ( 1.000000000000000000, -9.637352644315546235E-15, -1.239088197126290570E-16 ) ) ;
#5815 = ORIENTED_EDGE ( 'NONE', *, *, #3411, .F. ) ;
#5816 = EDGE_LOOP ( 'NONE', ( #986, #5634, #1271, #426, #204, #4873, #876, #1348, #3282, #3800, #3634, #2894, #3736, #3530, #2347, #3913, #2708, #6205, #1060, #5989 ) ) ;
#5817 = CARTESIAN_POINT ( 'NONE',  ( -1.839356864814571502, 8.025580246913603943, 2.500000000000000000 ) ) ;
#5818 = CARTESIAN_POINT ( 'NONE',  ( -6.299999999999999822, 0.1999999999999996503, -2.300000000000000711 ) ) ;
#5819 = CARTESIAN_POINT ( 'NONE',  ( -0.4570312500000000555, 3.937401669274953164, -2.500000000000000444 ) ) ;
#5820 = PRESENTATION_STYLE_ASSIGNMENT (( #1822 ) ) ;
#5821 = VERTEX_POINT ( 'NONE', #4131 ) ;
#5822 = SURFACE_STYLE_USAGE ( .BOTH. , #5860 ) ;
#5823 = CARTESIAN_POINT ( 'NONE',  ( -4.649999999999998579, 0.2000000000000005107, 2.500000000000000444 ) ) ;
#5824 = AXIS2_PLACEMENT_3D ( 'NONE', #1779, #1210, #6347 ) ;
#5825 = LINE ( 'NONE', #5388, #5187 ) ;
#5826 = LINE ( 'NONE', #3340, #803 ) ;
#5827 =( GEOMETRIC_REPRESENTATION_CONTEXT ( 3 ) GLOBAL_UNCERTAINTY_ASSIGNED_CONTEXT ( ( #138 ) ) GLOBAL_UNIT_ASSIGNED_CONTEXT ( ( #501, #6555, #5930 ) ) REPRESENTATION_CONTEXT ( 'NONE', 'WORKASPACE' ) );
#5828 = CARTESIAN_POINT ( 'NONE',  ( -1.234600860464688310, 4.213039560495928981, 2.500000000000000000 ) ) ;
#5829 = CARTESIAN_POINT ( 'NONE',  ( -1.668347823754692483, 5.333730566517647986, 2.500000000000000000 ) ) ;
#5830 = UNCERTAINTY_MEASURE_WITH_UNIT (LENGTH_MEASURE( 1.000000000000000082E-05 ), #6310, 'distance_accuracy_value', 'NONE');
#5831 = AXIS2_PLACEMENT_3D ( 'NONE', #1866, #854, #1374 ) ;
#5832 =( LENGTH_UNIT ( ) NAMED_UNIT ( * ) SI_UNIT ( .MILLI., .METRE. ) );
#5833 = VERTEX_POINT ( 'NONE', #6172 ) ;
#5834 = CARTESIAN_POINT ( 'NONE',  ( 6.399999999999999467, 11.00000000000000000, -2.500000000000000888 ) ) ;
#5835 = LINE ( 'NONE', #1405, #5207 ) ;
#5836 = ORIENTED_EDGE ( 'NONE', *, *, #5380, .F. ) ;
#5837 = LINE ( 'NONE', #1287, #2491 ) ;
#5838 = EDGE_CURVE ( 'NONE', #2880, #1176, #660, .T. ) ;
#5839 = CARTESIAN_POINT ( 'NONE',  ( 0.01022068445039611521, 4.086482072726012937, 2.499999999999999556 ) ) ;
#5840 = CIRCLE ( 'NONE', #3701, 0.009999999999999592548 ) ;
#5841 = ORIENTED_EDGE ( 'NONE', *, *, #789, .T. ) ;
#5842 = SURFACE_SIDE_STYLE ('',( #1736 ) ) ;
#5843 =( NAMED_UNIT ( * ) PLANE_ANGLE_UNIT ( ) SI_UNIT ( $, .RADIAN. ) );
#5844 = ORIENTED_EDGE ( 'NONE', *, *, #1326, .F. ) ;
#5845 = FACE_OUTER_BOUND ( 'NONE', #3805, .T. ) ;
#5846 = CARTESIAN_POINT ( 'NONE',  ( 0.6108776319759864348, 2.624968656796602406, -2.500000000000000888 ) ) ;
#5847 = CARTESIAN_POINT ( 'NONE',  ( -5.000000000000000000, 1.500000000000000000, -3.406857464491785501E-16 ) ) ;
#5848 = CARTESIAN_POINT ( 'NONE',  ( -5.349999999999999645, 0.2000000000000004274, -2.300000000000001599 ) ) ;
#5849 = DIRECTION ( 'NONE',  ( -0.5056996249503958873, 0.8627096205126201234, 5.140130924965538164E-17 ) ) ;
#5850 = VECTOR ( 'NONE', #4365, 1000.000000000000000 ) ;
#5851 = UNCERTAINTY_MEASURE_WITH_UNIT (LENGTH_MEASURE( 1.000000000000000082E-05 ), #953, 'distance_accuracy_value', 'NONE');
#5852 = DIRECTION ( 'NONE',  ( -0.5054136732061080828, -0.8628771748842990474, 5.137224398380700146E-17 ) ) ;
#5853 = ORIENTED_EDGE ( 'NONE', *, *, #5788, .T. ) ;
#5854 = ORIENTED_EDGE ( 'NONE', *, *, #6359, .T. ) ;
#5855 = SURFACE_STYLE_FILL_AREA ( #6351 ) ;
#5856 = STYLED_ITEM ( 'NONE', ( #5929 ), #5499 ) ;
#5857 = CARTESIAN_POINT ( 'NONE',  ( 4.650000000000000355, 0.1000000000000004913, 2.499999999999998668 ) ) ;
#5858 = EDGE_CURVE ( 'NONE', #2764, #314, #3640, .T. ) ;
#5859 = ORIENTED_EDGE ( 'NONE', *, *, #3165, .T. ) ;
#5860 = SURFACE_SIDE_STYLE ('',( #4184 ) ) ;
#5861 = CARTESIAN_POINT ( 'NONE',  ( -0.1862521570223628353, 7.585442259900616158, 2.500000000000000000 ) ) ;
#5862 = PRESENTATION_STYLE_ASSIGNMENT (( #261 ) ) ;
#5863 = PRESENTATION_STYLE_ASSIGNMENT (( #1792 ) ) ;
#5864 = CARTESIAN_POINT ( 'NONE',  ( -1.266488360097318244, 4.058001501305287917, 2.500000000000000000 ) ) ;
#5865 = CARTESIAN_POINT ( 'NONE',  ( 0.4656778552670404747, 4.077505112244142360, -2.500000000000000888 ) ) ;
#5866 = UNCERTAINTY_MEASURE_WITH_UNIT (LENGTH_MEASURE( 1.000000000000000082E-05 ), #6353, 'distance_accuracy_value', 'NONE');
#5867 = EDGE_CURVE ( 'NONE', #1664, #2827, #3700, .T. ) ;
#5868 = CARTESIAN_POINT ( 'NONE',  ( -0.4293109009757098415, 4.209872751229457144, 2.500000000000000000 ) ) ;
#5869 = ORIENTED_EDGE ( 'NONE', *, *, #240, .T. ) ;
#5870 = EDGE_CURVE ( 'NONE', #6230, #6548, #2036, .T. ) ;
#5871 = LINE ( 'NONE', #5360, #4134 ) ;
#5872 = EDGE_LOOP ( 'NONE', ( #4939, #2082, #793 ) ) ;
#5873 = PRESENTATION_STYLE_ASSIGNMENT (( #2367 ) ) ;
#5874 = B_SPLINE_CURVE_WITH_KNOTS ( 'NONE', 3,
 ( #1751, #844, #771, #4851, #331, #1219, #2715, #3753, #1276, #3267, #2284 ),
 .UNSPECIFIED., .F., .F.,
 ( 4, 1, 1, 1, 1, 1, 1, 1, 4 ),
 ( 0.000000000000000000, 0.09073915666925219670, 0.1906310218196304029, 0.3019968826551612806, 0.4221690878796164892, 0.5511478472646904603, 0.6908062542881446833, 0.8404228674475423544, 1.000000000000000000 ),
 .UNSPECIFIED. ) ;
#5875 =( GEOMETRIC_REPRESENTATION_CONTEXT ( 3 ) GLOBAL_UNCERTAINTY_ASSIGNED_CONTEXT ( ( #1834 ) ) GLOBAL_UNIT_ASSIGNED_CONTEXT ( ( #5362, #3218, #3769 ) ) REPRESENTATION_CONTEXT ( 'NONE', 'WORKASPACE' ) );
#5876 = ORIENTED_EDGE ( 'NONE', *, *, #1471, .T. ) ;
#5877 = EDGE_CURVE ( 'NONE', #1707, #251, #5948, .T. ) ;
#5878 = EDGE_CURVE ( 'NONE', #2012, #1199, #4198, .T. ) ;
#5879 = CARTESIAN_POINT ( 'NONE',  ( 3.752992171740924476, 7.015026516159118763, 2.499999999999999556 ) ) ;
#5880 = ORIENTED_EDGE ( 'NONE', *, *, #3632, .F. ) ;
#5881 = EDGE_CURVE ( 'NONE', #2533, #3436, #3985, .T. ) ;
#5882 = FILL_AREA_STYLE_COLOUR ( '', #1924 ) ;
#5883 = CARTESIAN_POINT ( 'NONE',  ( -6.299999999999999822, 5.599999999999998757, -2.300000000000000711 ) ) ;
#5884 = CARTESIAN_POINT ( 'NONE',  ( -1.760898164232737928, 3.797739007560846147, 2.500000000000000000 ) ) ;
#5885 = EDGE_CURVE ( 'NONE', #448, #1441, #668, .T. ) ;
#5886 = ADVANCED_FACE ( 'NONE', ( #3222 ), #174, .F. ) ;
#5887 = CARTESIAN_POINT ( 'NONE',  ( 0.1735505977023314994, 3.291928224371039935, -2.500000000000000888 ) ) ;
#5888 = ORIENTED_EDGE ( 'NONE', *, *, #3105, .F. ) ;
#5889 = VERTEX_POINT ( 'NONE', #495 ) ;
#5890 = MECHANICAL_DESIGN_GEOMETRIC_PRESENTATION_REPRESENTATION (  '', ( #5029 ), #712 ) ;
#5891 = SURFACE_STYLE_FILL_AREA ( #3851 ) ;
#5892 = PRESENTATION_STYLE_ASSIGNMENT (( #4418 ) ) ;
#5893 = CARTESIAN_POINT ( 'NONE',  ( -3.678439657022363640, 7.668538850809706986, 2.500000000000000000 ) ) ;
#5894 = VECTOR ( 'NONE', #970, 1000.000000000000000 ) ;
#5895 = PRESENTATION_LAYER_ASSIGNMENT (  '', '', ( #5346 ) ) ;
#5896 = COLOUR_RGB ( '',0.6941176470588235059, 0.09803921568627450844, 0.09803921568627450844 ) ;
#5897 = EDGE_CURVE ( 'NONE', #5310, #1161, #6047, .T. ) ;
#5898 =( BOUNDED_SURFACE ( )  B_SPLINE_SURFACE ( 3, 2, ( 
 ( #1191, #6297, #5731 ),
 ( #5764, #5663, #5231 ),
 ( #1228, #4155, #1256 ),
 ( #3277, #2792, #2724 ),
 ( #5296, #1762, #784 ),
 ( #6264, #3215, #3767 ),
 ( #203, #6192, #1160 ),
 ( #4667, #4796, #3731 ) ),
 .UNSPECIFIED., .F., .F., .T. ) 
 B_SPLINE_SURFACE_WITH_KNOTS ( ( 4, 2, 2, 4 ),
 ( 3, 3 ),
 ( 6.283185307179586232, 6.675884388878310816, 7.068583470577034511, 7.853981633974482790 ),
 ( 0.000000000000000000, 1.000000000000000000 ),
 .UNSPECIFIED. ) 
 GEOMETRIC_REPRESENTATION_ITEM ( )  RATIONAL_B_SPLINE_SURFACE ( (
 ( 1.000000000000000000, 0.7071067811865475727, 1.000000000000000000),
 ( 1.000000000000000000, 0.7066756583514992585, 1.000000000000000000),
 ( 1.000000000000000000, 0.7265518703623941033, 1.000000000000000000),
 ( 1.000000000000000000, 0.7876783693348118343, 1.000000000000000000),
 ( 1.000000000000000000, 0.8282380132478318613, 1.000000000000000000),
 ( 1.000000000000000000, 0.9416001848576458499, 1.000000000000000000),
 ( 1.000000000000000000, 1.002675625929061010, 1.000000000000000000),
 ( 1.000000000000000000, 1.000000000000000000, 1.000000000000000000) ) ) 
 REPRESENTATION_ITEM ( '' )  SURFACE ( )  );
#5899 = ORIENTED_EDGE ( 'NONE', *, *, #1694, .F. ) ;
#5900 = CARTESIAN_POINT ( 'NONE',  ( -4.749999999999999112, 0.1000000000000004913, 12.49999999999999822 ) ) ;
#5901 = UNCERTAINTY_MEASURE_WITH_UNIT (LENGTH_MEASURE( 1.000000000000000082E-05 ), #4053, 'distance_accuracy_value', 'NONE');
#5902 = DIRECTION ( 'NONE',  ( 1.000000000000000000, 0.000000000000000000, -1.016439536705160653E-16 ) ) ;
#5903 = CYLINDRICAL_SURFACE ( 'NONE', #944, 0.5000000000000004441 ) ;
#5904 =( GEOMETRIC_REPRESENTATION_CONTEXT ( 3 ) GLOBAL_UNCERTAINTY_ASSIGNED_CONTEXT ( ( #2325 ) ) GLOBAL_UNIT_ASSIGNED_CONTEXT ( ( #1316, #201, #5295 ) ) REPRESENTATION_CONTEXT ( 'NONE', 'WORKASPACE' ) );
#5905 = FILL_AREA_STYLE_COLOUR ( '', #3762 ) ;
#5906 = CARTESIAN_POINT ( 'NONE',  ( -1.276445871511822538, 4.952815135429781357, 2.500000000000000000 ) ) ;
#5907 = AXIS2_PLACEMENT_3D ( 'NONE', #5371, #865, #3908 ) ;
#5908 = LINE ( 'NONE', #1835, #4983 ) ;
#5909 = ORIENTED_EDGE ( 'NONE', *, *, #3114, .T. ) ;
#5910 = DIRECTION ( 'NONE',  ( -0.000000000000000000, -1.000000000000000000, -0.000000000000000000 ) ) ;
#5911 = FACE_BOUND ( 'NONE', #3748, .T. ) ;
#5912 = ORIENTED_EDGE ( 'NONE', *, *, #4650, .F. ) ;
#5913 = LINE ( 'NONE', #4497, #5668 ) ;
#5914 = CIRCLE ( 'NONE', #2204, 0.009999999999999592548 ) ;
#5915 = VERTEX_POINT ( 'NONE', #1044 ) ;
#5916 =( GEOMETRIC_REPRESENTATION_CONTEXT ( 3 ) GLOBAL_UNCERTAINTY_ASSIGNED_CONTEXT ( ( #2331 ) ) GLOBAL_UNIT_ASSIGNED_CONTEXT ( ( #3662, #6037, #2992 ) ) REPRESENTATION_CONTEXT ( 'NONE', 'WORKASPACE' ) );
#5917 = CARTESIAN_POINT ( 'NONE',  ( 3.130273367439593724, 7.075895769560331949, 2.499999999999999556 ) ) ;
#5918 = VERTEX_POINT ( 'NONE', #2626 ) ;
#5920 = CARTESIAN_POINT ( 'NONE',  ( -2.009082084104971688, 4.971357267002381342, 2.500000000000000000 ) ) ;
#5919 = LINE ( 'NONE', #3387, #4559 ) ;
#5921 = DIRECTION ( 'NONE',  ( 1.000000000000000000, -1.117056783772943269E-15, 0.000000000000000000 ) ) ;
#5922 = CARTESIAN_POINT ( 'NONE',  ( -3.162510273905479341, 3.816075528543677375, 2.500000000000000000 ) ) ;
#5923 = FILL_AREA_STYLE_COLOUR ( '', #3687 ) ;
#5924 = PRESENTATION_LAYER_ASSIGNMENT (  '', '', ( #5590 ) ) ;
#5925 = ORIENTED_EDGE ( 'NONE', *, *, #1472, .T. ) ;
#5926 = ORIENTED_EDGE ( 'NONE', *, *, #5492, .F. ) ;
#5927 = CARTESIAN_POINT ( 'NONE',  ( -6.000000000000000000, 11.00000000000000000, 2.399999999999999911 ) ) ;
#5928 = VERTEX_POINT ( 'NONE', #6553 ) ;
#5929 = PRESENTATION_STYLE_ASSIGNMENT (( #3404 ) ) ;
#5930 =( NAMED_UNIT ( * ) SI_UNIT ( $, .STERADIAN. ) SOLID_ANGLE_UNIT ( ) );
#5931 = CARTESIAN_POINT ( 'NONE',  ( -0.01884144273664850600, 8.025580246913603943, 2.500000000000000000 ) ) ;
#5932 = VECTOR ( 'NONE', #4769, 1000.000000000000114 ) ;
#5933 = DIRECTION ( 'NONE',  ( 0.000000000000000000, 0.000000000000000000, 1.000000000000000000 ) ) ;
#5934 = CARTESIAN_POINT ( 'NONE',  ( 3.233440985716502070, 6.900174402757759395, 2.499999999999999556 ) ) ;
#5935 = UNCERTAINTY_MEASURE_WITH_UNIT (LENGTH_MEASURE( 1.000000000000000082E-05 ), #5807, 'distance_accuracy_value', 'NONE');
#5936 = MECHANICAL_DESIGN_GEOMETRIC_PRESENTATION_REPRESENTATION (  '', ( #332 ), #4009 ) ;
#5937 = ORIENTED_EDGE ( 'NONE', *, *, #3592, .T. ) ;
#5938 = CARTESIAN_POINT ( 'NONE',  ( 0.09150601905871670605, 5.165720783250007386, 2.499999999999999556 ) ) ;
#5939 = ORIENTED_EDGE ( 'NONE', *, *, #3135, .T. ) ;
#5940 = VECTOR ( 'NONE', #4707, 1000.000000000000000 ) ;
#5941 = ORIENTED_EDGE ( 'NONE', *, *, #626, .F. ) ;
#5942 = ORIENTED_EDGE ( 'NONE', *, *, #240, .F. ) ;
#5943 = COLOUR_RGB ( '',0.6941176470588235059, 0.09803921568627450844, 0.09803921568627450844 ) ;
#5944 = CARTESIAN_POINT ( 'NONE',  ( 3.710160184833667163, 7.061382710889638759, 2.499999999999999556 ) ) ;
#5945 =( NAMED_UNIT ( * ) SI_UNIT ( $, .STERADIAN. ) SOLID_ANGLE_UNIT ( ) );
#5946 =( NAMED_UNIT ( * ) SI_UNIT ( $, .STERADIAN. ) SOLID_ANGLE_UNIT ( ) );
#5947 = LINE ( 'NONE', #2869, #3034 ) ;
#5948 = CIRCLE ( 'NONE', #1717, 0.2500000000000003886 ) ;
#5949 = CIRCLE ( 'NONE', #3083, 0.2500000000000003886 ) ;
#5950 = ORIENTED_EDGE ( 'NONE', *, *, #3999, .F. ) ;
#5951 = DIRECTION ( 'NONE',  ( -1.000000000000000000, 0.000000000000000000, 1.016439536705160653E-16 ) ) ;
#5952 = ORIENTED_EDGE ( 'NONE', *, *, #597, .T. ) ;
#5953 = EDGE_CURVE ( 'NONE', #252, #4864, #2017, .T. ) ;
#5954 = ORIENTED_EDGE ( 'NONE', *, *, #6491, .F. ) ;
#5955 =( NAMED_UNIT ( * ) PLANE_ANGLE_UNIT ( ) SI_UNIT ( $, .RADIAN. ) );
#5956 = DIRECTION ( 'NONE',  ( -0.2389440237228238617, -0.9710333431593101139, 2.428721527712940142E-17 ) ) ;
#5957 = ADVANCED_FACE ( 'NONE', ( #4640 ), #112, .T. ) ;
#5958 = ORIENTED_EDGE ( 'NONE', *, *, #4443, .F. ) ;
#5959 = CARTESIAN_POINT ( 'NONE',  ( 2.058522154547670180, 6.751635441718798702, 2.499999999999999556 ) ) ;
#5960 = CARTESIAN_POINT ( 'NONE',  ( -6.399999999999999467, 11.00000000000000000, -2.000000000000000888 ) ) ;
#5961 = CARTESIAN_POINT ( 'NONE',  ( 2.802777593966921721, 4.543348255816405334, 2.499999999999999556 ) ) ;
#5962 = LINE ( 'NONE', #372, #3189 ) ;
#5963 = ORIENTED_EDGE ( 'NONE', *, *, #2360, .T. ) ;
#5964 = FILL_AREA_STYLE ('',( #2889 ) ) ;
#5965 = VERTEX_POINT ( 'NONE', #3283 ) ;
#5966 = CARTESIAN_POINT ( 'NONE',  ( 0.04943550587932526302, 2.287782503582556970, -2.500000000000000888 ) ) ;
#5967 = DIRECTION ( 'NONE',  ( -0.5056996249503958873, 0.8627096205126201234, 5.140130924965538164E-17 ) ) ;
#5968 = ORIENTED_EDGE ( 'NONE', *, *, #5176, .T. ) ;
#5969 = DIRECTION ( 'NONE',  ( -1.239088197126290570E-16, -0.000000000000000000, -1.000000000000000000 ) ) ;
#5970 = DIRECTION ( 'NONE',  ( 1.000000000000000000, 0.000000000000000000, -1.016439536705160653E-16 ) ) ;
#5971 = ORIENTED_EDGE ( 'NONE', *, *, #1277, .T. ) ;
#5973 = FILL_AREA_STYLE ('',( #1974 ) ) ;
#5972 =( LENGTH_UNIT ( ) NAMED_UNIT ( * ) SI_UNIT ( .MILLI., .METRE. ) );
#5974 = CARTESIAN_POINT ( 'NONE',  ( 3.493118503057831337, 4.543348255816405334, 2.499999999999999556 ) ) ;
#5975 = ORIENTED_EDGE ( 'NONE', *, *, #2757, .F. ) ;
#5976 = CARTESIAN_POINT ( 'NONE',  ( 0.2435396931118616604, 3.243362393436484137, -2.500000000000000888 ) ) ;
#5977 = EDGE_CURVE ( 'NONE', #2741, #3312, #1322, .T. ) ;
#5978 = ORIENTED_EDGE ( 'NONE', *, *, #3717, .T. ) ;
#5979 = DIRECTION ( 'NONE',  ( -1.000000000000000000, -0.000000000000000000, 1.016439536705160653E-16 ) ) ;
#5980 = ADVANCED_FACE ( 'NONE', ( #3840 ), #1381, .T. ) ;
#5981 = PRESENTATION_STYLE_ASSIGNMENT (( #4420 ) ) ;
#5982 = ORIENTED_EDGE ( 'NONE', *, *, #4774, .T. ) ;
#5983 = FILL_AREA_STYLE ('',( #5081 ) ) ;
#5984 = STYLED_ITEM ( 'NONE', ( #752 ), #1539 ) ;
#5985 = CARTESIAN_POINT ( 'NONE',  ( 3.096608762798090719, 4.042130723348872579, 2.499999999999999556 ) ) ;
#5986 = PRESENTATION_STYLE_ASSIGNMENT (( #3856 ) ) ;
#5987 =( LENGTH_UNIT ( ) NAMED_UNIT ( * ) SI_UNIT ( .MILLI., .METRE. ) );
#5988 = FILL_AREA_STYLE_COLOUR ( '', #3251 ) ;
#5989 = ORIENTED_EDGE ( 'NONE', *, *, #4422, .F. ) ;
#5990 = CARTESIAN_POINT ( 'NONE',  ( -6.500000000000000888, 0.2000000000000023703, 2.399999999999999911 ) ) ;
#5991 = CARTESIAN_POINT ( 'NONE',  ( 0.2006438349561108780, 4.169463580407322567, 2.499999999999999556 ) ) ;
#5992 =( GEOMETRIC_REPRESENTATION_CONTEXT ( 3 ) GLOBAL_UNCERTAINTY_ASSIGNED_CONTEXT ( ( #3460 ) ) GLOBAL_UNIT_ASSIGNED_CONTEXT ( ( #5651, #2641, #1619 ) ) REPRESENTATION_CONTEXT ( 'NONE', 'WORKASPACE' ) );
#5993 = EDGE_LOOP ( 'NONE', ( #5402, #1086, #4787, #346, #1026, #1334, #1291, #1278, #4493, #2445, #1929, #5332, #4619, #3711, #1039, #319, #241, #1354, #3101, #1315 ) ) ;
#5994 = CARTESIAN_POINT ( 'NONE',  ( -1.265282833405026564, 4.402534729627997301, 2.500000000000000000 ) ) ;
#5995 = EDGE_CURVE ( 'NONE', #1638, #6296, #1846, .T. ) ;
#5996 = EDGE_CURVE ( 'NONE', #1389, #4702, #5403, .T. ) ;
#5997 = VECTOR ( 'NONE', #2118, 1000.000000000000114 ) ;
#5998 = ORIENTED_EDGE ( 'NONE', *, *, #165, .T. ) ;
#5999 = COLOUR_RGB ( '',0.6941176470588235059, 0.09803921568627450844, 0.09803921568627450844 ) ;
#6000 = VERTEX_POINT ( 'NONE', #275 ) ;
#6001 = CARTESIAN_POINT ( 'NONE',  ( 3.701701938868164898, 7.075895769560331949, 2.499999999999999556 ) ) ;
#6003 = SURFACE_STYLE_FILL_AREA ( #17 ) ;
#6002 = CARTESIAN_POINT ( 'NONE',  ( -3.630042741437947917, 4.497893710361859476, 2.500000000000000000 ) ) ;
#6004 = SURFACE_SIDE_STYLE ('',( #2898 ) ) ;
#6005 =( GEOMETRIC_REPRESENTATION_CONTEXT ( 3 ) GLOBAL_UNCERTAINTY_ASSIGNED_CONTEXT ( ( #813 ) ) GLOBAL_UNIT_ASSIGNED_CONTEXT ( ( #3409, #917, #1431 ) ) REPRESENTATION_CONTEXT ( 'NONE', 'WORKASPACE' ) );
#6006 = EDGE_CURVE ( 'NONE', #2844, #5245, #4871, .T. ) ;
#6007 = ORIENTED_EDGE ( 'NONE', *, *, #2672, .T. ) ;
#6008 = LINE ( 'NONE', #2933, #6138 ) ;
#6009 = VERTEX_POINT ( 'NONE', #1807 ) ;
#6010 = CIRCLE ( 'NONE', #3157, 0.1000000000000002554 ) ;
#6011 =( NAMED_UNIT ( * ) SI_UNIT ( $, .STERADIAN. ) SOLID_ANGLE_UNIT ( ) );
#6012 = DIRECTION ( 'NONE',  ( -1.016439536705160653E-16, 0.000000000000000000, -1.000000000000000000 ) ) ;
#6013 = CARTESIAN_POINT ( 'NONE',  ( -5.000000000000000000, 0.5000000000000000000, -3.406857464491785501E-16 ) ) ;
#6014 = ORIENTED_EDGE ( 'NONE', *, *, #5119, .T. ) ;
#6015 =( NAMED_UNIT ( * ) SI_UNIT ( $, .STERADIAN. ) SOLID_ANGLE_UNIT ( ) );
#6016 = DIRECTION ( 'NONE',  ( 0.000000000000000000, 0.000000000000000000, -1.000000000000000000 ) ) ;
#6017 = DIRECTION ( 'NONE',  ( -1.807003620809174139E-16, 0.000000000000000000, 1.000000000000000000 ) ) ;
#6018 = SURFACE_STYLE_FILL_AREA ( #4892 ) ;
#6019 = PRESENTATION_STYLE_ASSIGNMENT (( #4490 ) ) ;
#6020 = EDGE_LOOP ( 'NONE', ( #3261, #4636, #2285, #5614 ) ) ;
#6021 =( NAMED_UNIT ( * ) SI_UNIT ( $, .STERADIAN. ) SOLID_ANGLE_UNIT ( ) );
#6022 = CARTESIAN_POINT ( 'NONE',  ( -0.04548618718804006006, 3.828799659234026098, 2.500000000000000000 ) ) ;
#6023 = EDGE_CURVE ( 'NONE', #1064, #6314, #2371, .T. ) ;
#6024 =( GEOMETRIC_REPRESENTATION_CONTEXT ( 3 ) GLOBAL_UNCERTAINTY_ASSIGNED_CONTEXT ( ( #5935 ) ) GLOBAL_UNIT_ASSIGNED_CONTEXT ( ( #5807, #4231, #3869 ) ) REPRESENTATION_CONTEXT ( 'NONE', 'WORKASPACE' ) );
#6025 = CARTESIAN_POINT ( 'NONE',  ( 0.05149941739400148294, 4.276917909321233502, 2.499999999999999556 ) ) ;
#6026 = SURFACE_SIDE_STYLE ('',( #890 ) ) ;
#6027 = VECTOR ( 'NONE', #4845, 1000.000000000000000 ) ;
#6028 = ORIENTED_EDGE ( 'NONE', *, *, #2660, .F. ) ;
#6029 =( LENGTH_UNIT ( ) NAMED_UNIT ( * ) SI_UNIT ( .MILLI., .METRE. ) );
#6030 =( NAMED_UNIT ( * ) PLANE_ANGLE_UNIT ( ) SI_UNIT ( $, .RADIAN. ) );
#6031 = EDGE_CURVE ( 'NONE', #5043, #3780, #4364, .T. ) ;
#6032 = VERTEX_POINT ( 'NONE', #2526 ) ;
#6033 = CARTESIAN_POINT ( 'NONE',  ( -0.3381572854793853389, 5.126579284260838421, 2.500000000000000000 ) ) ;
#6034 =( GEOMETRIC_REPRESENTATION_CONTEXT ( 3 ) GLOBAL_UNCERTAINTY_ASSIGNED_CONTEXT ( ( #5851 ) ) GLOBAL_UNIT_ASSIGNED_CONTEXT ( ( #953, #5214, #1816 ) ) REPRESENTATION_CONTEXT ( 'NONE', 'WORKASPACE' ) );
#6035 = CARTESIAN_POINT ( 'NONE',  ( -2.110562221957428708, 8.025580246913603943, 2.500000000000000000 ) ) ;
#6036 =( GEOMETRIC_REPRESENTATION_CONTEXT ( 3 ) GLOBAL_UNCERTAINTY_ASSIGNED_CONTEXT ( ( #5161 ) ) GLOBAL_UNIT_ASSIGNED_CONTEXT ( ( #2287, #5351, #4790 ) ) REPRESENTATION_CONTEXT ( 'NONE', 'WORKASPACE' ) );
#6037 =( NAMED_UNIT ( * ) PLANE_ANGLE_UNIT ( ) SI_UNIT ( $, .RADIAN. ) );
#6038 = COLOUR_RGB ( '',0.6941176470588235059, 0.09803921568627450844, 0.09803921568627450844 ) ;
#6039 = VERTEX_POINT ( 'NONE', #6435 ) ;
#6040 = DIRECTION ( 'NONE',  ( -1.239088197126290570E-16, -0.000000000000000000, -1.000000000000000000 ) ) ;
#6041 = VERTEX_POINT ( 'NONE', #415 ) ;
#6042 = CARTESIAN_POINT ( 'NONE',  ( 6.299999999999999822, 0.5000000000000000000, -2.300000000000000711 ) ) ;
#6043 = DIRECTION ( 'NONE',  ( -1.239088197126290570E-16, -0.000000000000000000, -1.000000000000000000 ) ) ;
#6044 = CARTESIAN_POINT ( 'NONE',  ( -0.007959857437045537651, 4.635498360446921318, 2.500000000000000000 ) ) ;
#6045 = DIRECTION ( 'NONE',  ( -0.5054136732061085269, 0.8628771748842988254, 5.137224398380704460E-17 ) ) ;
#6046 = MECHANICAL_DESIGN_GEOMETRIC_PRESENTATION_REPRESENTATION (  '', ( #5618 ), #1308 ) ;
#6047 = LINE ( 'NONE', #2512, #3684 ) ;
#6048 = ORIENTED_EDGE ( 'NONE', *, *, #4989, .T. ) ;
#6049 = CARTESIAN_POINT ( 'NONE',  ( 0.4859072767006142879, 2.912040114239460298, -2.500000000000000888 ) ) ;
#6050 = CARTESIAN_POINT ( 'NONE',  ( -0.01975459208729825333, 4.639127476595625410, 2.500000000000000000 ) ) ;
#6051 = CYLINDRICAL_SURFACE ( 'NONE', #4276, 0.009999999999999592548 ) ;
#6052 = LINE ( 'NONE', #2486, #2000 ) ;
#6053 = EDGE_LOOP ( 'NONE', ( #5577, #5561, #4402, #4838 ) ) ;
#6054 = PRESENTATION_STYLE_ASSIGNMENT (( #4120 ) ) ;
#6055 = CARTESIAN_POINT ( 'NONE',  ( 3.804869557145073244, 6.900174402757759395, 2.499999999999999556 ) ) ;
#6056 = EDGE_CURVE ( 'NONE', #4108, #4382, #381, .T. ) ;
#6057 = DIRECTION ( 'NONE',  ( -1.117056783772943269E-15, -1.000000000000000000, 1.384131876292908896E-31 ) ) ;
#6058 = CARTESIAN_POINT ( 'NONE',  ( -2.051578927959603504, 5.221007428887764590, 2.500000000000000000 ) ) ;
#6059 =( GEOMETRIC_REPRESENTATION_CONTEXT ( 3 ) GLOBAL_UNCERTAINTY_ASSIGNED_CONTEXT ( ( #2423 ) ) GLOBAL_UNIT_ASSIGNED_CONTEXT ( ( #1998, #1526, #3596 ) ) REPRESENTATION_CONTEXT ( 'NONE', 'WORKASPACE' ) );
#6060 = VERTEX_POINT ( 'NONE', #6474 ) ;
#6061 = CARTESIAN_POINT ( 'NONE',  ( -3.639783001178207744, 7.844472292368148914, 2.500000000000000000 ) ) ;
#6062 = DIRECTION ( 'NONE',  ( -1.239088197126290570E-16, -0.000000000000000000, -1.000000000000000000 ) ) ;
#6063 = ORIENTED_EDGE ( 'NONE', *, *, #4618, .T. ) ;
#6064 =( GEOMETRIC_REPRESENTATION_CONTEXT ( 3 ) GLOBAL_UNCERTAINTY_ASSIGNED_CONTEXT ( ( #425 ) ) GLOBAL_UNIT_ASSIGNED_CONTEXT ( ( #2685, #5225, #3724 ) ) REPRESENTATION_CONTEXT ( 'NONE', 'WORKASPACE' ) );
#6065 = FILL_AREA_STYLE ('',( #5369 ) ) ;
#6066 = CARTESIAN_POINT ( 'NONE',  ( -0.6367836562352349183, 4.024920970499166195, -2.500000000000000444 ) ) ;
#6067 = DIRECTION ( 'NONE',  ( -0.5054136732061080828, 0.8628771748842990474, 5.137224398380700146E-17 ) ) ;
#6068 = CARTESIAN_POINT ( 'NONE',  ( -0.2159928693114945286, 5.335245225283443027, 2.500000000000000000 ) ) ;
#6069 = EDGE_CURVE ( 'NONE', #10, #359, #1061, .T. ) ;
#6070 = VECTOR ( 'NONE', #5653, 1000.000000000000000 ) ;
#6071 = EDGE_CURVE ( 'NONE', #2228, #1211, #4858, .T. ) ;
#6072 = ORIENTED_EDGE ( 'NONE', *, *, #91, .T. ) ;
#6073 = DIRECTION ( 'NONE',  ( 1.000000000000000000, -2.464095846557965385E-16, 0.000000000000000000 ) ) ;
#6074 = ORIENTED_EDGE ( 'NONE', *, *, #2920, .F. ) ;
#6075 = FACE_OUTER_BOUND ( 'NONE', #4052, .T. ) ;
#6076 = SURFACE_SIDE_STYLE ('',( #4514 ) ) ;
#6077 = CARTESIAN_POINT ( 'NONE',  ( 4.649999999999999467, 0.1000000000000004913, -2.299999999999999822 ) ) ;
#6078 = CARTESIAN_POINT ( 'NONE',  ( -0.01943586704377755700, 3.606081696880222065, -2.500000000000000444 ) ) ;
#6079 = EDGE_CURVE ( 'NONE', #3227, #4463, #2401, .T. ) ;
#6080 = COLOUR_RGB ( '',0.6941176470588235059, 0.09803921568627450844, 0.09803921568627450844 ) ;
#6081 = EDGE_CURVE ( 'NONE', #2987, #4717, #4214, .T. ) ;
#6082 = MECHANICAL_DESIGN_GEOMETRIC_PRESENTATION_REPRESENTATION (  '', ( #5228 ), #2378 ) ;
#6083 = CARTESIAN_POINT ( 'NONE',  ( 4.750000000000001776, -4.577742506049883909E-14, 12.49999999999999645 ) ) ;
#6084 = ORIENTED_EDGE ( 'NONE', *, *, #4814, .T. ) ;
#6085 = CARTESIAN_POINT ( 'NONE',  ( 5.240000000000001101, -3.108558907404501873E-17, 12.49999999999999645 ) ) ;
#6086 = DIRECTION ( 'NONE',  ( 0.000000000000000000, 0.000000000000000000, -1.000000000000000000 ) ) ;
#6087 = DIRECTION ( 'NONE',  ( -0.000000000000000000, 1.000000000000000000, 0.000000000000000000 ) ) ;
#6088 = CARTESIAN_POINT ( 'NONE',  ( -3.249236789912814505, 6.864996007764182728, 2.500000000000000000 ) ) ;
#6089 = CARTESIAN_POINT ( 'NONE',  ( 2.086259736824064071, 3.816075528543677819, 2.499999999999999556 ) ) ;
#6090 = ADVANCED_FACE ( 'NONE', ( #5528 ), #4031, .T. ) ;
#6091 = ORIENTED_EDGE ( 'NONE', *, *, #1681, .F. ) ;
#6092 = SURFACE_STYLE_USAGE ( .BOTH. , #5524 ) ;
#6093 = PLANE ( 'NONE',  #84 ) ;
#6094 = CARTESIAN_POINT ( 'NONE',  ( -5.239999999999999325, -3.108558907404501873E-17, -2.300000000000001599 ) ) ;
#6095 = UNCERTAINTY_MEASURE_WITH_UNIT (LENGTH_MEASURE( 1.000000000000000082E-05 ), #323, 'distance_accuracy_value', 'NONE');
#6096 = ORIENTED_EDGE ( 'NONE', *, *, #3407, .T. ) ;
#6097 = AXIS2_PLACEMENT_3D ( 'NONE', #4966, #6057, #6538 ) ;
#6098 = PLANE ( 'NONE',  #4100 ) ;
#6099 = CARTESIAN_POINT ( 'NONE',  ( 3.229116879681207308, 3.816075528543677819, 2.499999999999999556 ) ) ;
#6100 =( BOUNDED_CURVE ( )  B_SPLINE_CURVE ( 3, ( #3862, #2395, #4396, #3834 ),
 .UNSPECIFIED., .F., .F. ) 
 B_SPLINE_CURVE_WITH_KNOTS ( ( 4, 4 ),
 ( 4.712388980384689674, 6.283185307179586232 ),
 .UNSPECIFIED. ) 
 CURVE ( )  GEOMETRIC_REPRESENTATION_ITEM ( )  RATIONAL_B_SPLINE_CURVE ( ( 1.000000000000000000, 0.8047378541243649375, 0.8047378541243649375, 1.000000000000000000 ) ) 
 REPRESENTATION_ITEM ( '' )  );
#6101 = VERTEX_POINT ( 'NONE', #4001 ) ;
#6102 = CARTESIAN_POINT ( 'NONE',  ( 5.349999999999999645, 0.1000000000000004080, -2.500000000000001776 ) ) ;
#6103 = EDGE_CURVE ( 'NONE', #6296, #2984, #5451, .T. ) ;
#6104 = CARTESIAN_POINT ( 'NONE',  ( 0.2693626967954877993, 2.680462560761486923, -2.500000000000000888 ) ) ;
#6105 = CARTESIAN_POINT ( 'NONE',  ( -0.1215165705578770267, 3.611779527012038304, -2.500000000000000444 ) ) ;
#6106 = PRESENTATION_LAYER_ASSIGNMENT (  '', '', ( #511 ) ) ;
#6107 = CARTESIAN_POINT ( 'NONE',  ( -0.4900402691866028726, 5.189763919873450426, 2.500000000000000000 ) ) ;
#6108 = VECTOR ( 'NONE', #4877, 1000.000000000000000 ) ;
#6109 = EDGE_LOOP ( 'NONE', ( #2940, #5415, #3190, #996 ) ) ;
#6110 = STYLED_ITEM ( 'NONE', ( #5224 ), #2567 ) ;
#6111 = ORIENTED_EDGE ( 'NONE', *, *, #3349, .F. ) ;
#6112 = DIRECTION ( 'NONE',  ( 1.885568995626964287E-16, -0.000000000000000000, -1.000000000000000000 ) ) ;
#6113 = CARTESIAN_POINT ( 'NONE',  ( -1.400626002199458320, 4.149238328678045207, 2.500000000000000000 ) ) ;
#6114 = VECTOR ( 'NONE', #2454, 1000.000000000000000 ) ;
#6115 = CARTESIAN_POINT ( 'NONE',  ( -5.249999999999999112, 0.009999999999999968983, -2.500000000000000444 ) ) ;
#6116 = DIRECTION ( 'NONE',  ( 1.239088197126290570E-16, -0.000000000000000000, 1.000000000000000000 ) ) ;
#6117 = ORIENTED_EDGE ( 'NONE', *, *, #27, .T. ) ;
#6118 = LINE ( 'NONE', #5579, #2241 ) ;
#6119 = ORIENTED_EDGE ( 'NONE', *, *, #1653, .F. ) ;
#6120 = CARTESIAN_POINT ( 'NONE',  ( 2.602353323378839178, 7.001838363796720976, 2.499999999999999556 ) ) ;
#6121 = CARTESIAN_POINT ( 'NONE',  ( -2.011661348625748857, 4.876082236587090613, 2.500000000000000000 ) ) ;
#6122 = CARTESIAN_POINT ( 'NONE',  ( 2.336119557145073244, 7.252852974186331458, 2.499999999999999556 ) ) ;
#6123 = STYLED_ITEM ( 'NONE', ( #3852 ), #302 ) ;
#6124 = CARTESIAN_POINT ( 'NONE',  ( -0.2988739102691163607, 4.535637216855366916, 2.500000000000000000 ) ) ;
#6125 = ORIENTED_EDGE ( 'NONE', *, *, #5507, .F. ) ;
#6126 = CARTESIAN_POINT ( 'NONE',  ( 5.000000000000000000, -1.900000000000000133, 8.839610526981747557E-16 ) ) ;
#6127 = CARTESIAN_POINT ( 'NONE',  ( 0.1914202345964270691, 4.123295576102474769, 2.499999999999999556 ) ) ;
#6128 =( GEOMETRIC_REPRESENTATION_CONTEXT ( 3 ) GLOBAL_UNCERTAINTY_ASSIGNED_CONTEXT ( ( #6289 ) ) GLOBAL_UNIT_ASSIGNED_CONTEXT ( ( #1227, #6191, #1125 ) ) REPRESENTATION_CONTEXT ( 'NONE', 'WORKASPACE' ) );
#6129 = CARTESIAN_POINT ( 'NONE',  ( -2.169003780398986780, 4.924638840231989612, 2.500000000000000000 ) ) ;
#6130 = ORIENTED_EDGE ( 'NONE', *, *, #1247, .F. ) ;
#6131 = B_SPLINE_CURVE_WITH_KNOTS ( 'NONE', 3,
 ( #4638, #3696, #5101, #6104, #1058, #136, #6162, #2613, #4151, #2092, #4187 ),
 .UNSPECIFIED., .F., .F.,
 ( 4, 1, 1, 1, 1, 1, 1, 1, 4 ),
 ( 0.000000000000000000, 0.1392667147062855992, 0.2716090976282652947, 0.3976472722900679657, 0.5220602557851127257, 0.6430883133522888873, 0.7608441766480189550, 0.8793150261828617253, 1.000000000000000000 ),
 .UNSPECIFIED. ) ;
#6132 = EDGE_LOOP ( 'NONE', ( #4676, #5963, #2525, #498 ) ) ;
#6133 = DIRECTION ( 'NONE',  ( 1.000000000000000000, 0.000000000000000000, -1.016439536705160653E-16 ) ) ;
#6134 = CARTESIAN_POINT ( 'NONE',  ( -0.3376189034069049244, 3.565333227302287966, -2.500000000000000444 ) ) ;
#6135 = AXIS2_PLACEMENT_3D ( 'NONE', #1234, #144, #5545 ) ;
#6136 = ORIENTED_EDGE ( 'NONE', *, *, #1626, .T. ) ;
#6137 =( NAMED_UNIT ( * ) PLANE_ANGLE_UNIT ( ) SI_UNIT ( $, .RADIAN. ) );
#6138 = VECTOR ( 'NONE', #1420, 1000.000000000000114 ) ;
#6139 = ORIENTED_EDGE ( 'NONE', *, *, #2737, .F. ) ;
#6140 =( NAMED_UNIT ( * ) SI_UNIT ( $, .STERADIAN. ) SOLID_ANGLE_UNIT ( ) );
#6141 = CARTESIAN_POINT ( 'NONE',  ( -0.05966291982733067795, 4.793520115372129631, 2.500000000000000000 ) ) ;
#6142 = DIRECTION ( 'NONE',  ( -1.000000000000000000, 0.000000000000000000, 1.016439536705160653E-16 ) ) ;
#6143 = CARTESIAN_POINT ( 'NONE',  ( 0.1534819010362953318, 3.552690445889449045, -2.500000000000000888 ) ) ;
#6144 = EDGE_CURVE ( 'NONE', #2364, #4433, #1533, .T. ) ;
#6145 =( GEOMETRIC_REPRESENTATION_CONTEXT ( 3 ) GLOBAL_UNCERTAINTY_ASSIGNED_CONTEXT ( ( #6381 ) ) GLOBAL_UNIT_ASSIGNED_CONTEXT ( ( #5832, #3309, #1402 ) ) REPRESENTATION_CONTEXT ( 'NONE', 'WORKASPACE' ) );
#6146 = EDGE_CURVE ( 'NONE', #6233, #4611, #2530, .T. ) ;
#6147 = CARTESIAN_POINT ( 'NONE',  ( 0.4949218750000001221, 2.912401669274953253, -2.500000000000000888 ) ) ;
#6148 = ORIENTED_EDGE ( 'NONE', *, *, #1786, .T. ) ;
#6149 = CYLINDRICAL_SURFACE ( 'NONE', #4340, 0.009999999999999592548 ) ;
#6150 = ORIENTED_EDGE ( 'NONE', *, *, #3746, .F. ) ;
#6151 = CARTESIAN_POINT ( 'NONE',  ( -5.000000000000000000, -2.000000000000000000, -3.406857464491785501E-16 ) ) ;
#6152 =( NAMED_UNIT ( * ) SI_UNIT ( $, .STERADIAN. ) SOLID_ANGLE_UNIT ( ) );
#6153 =( GEOMETRIC_REPRESENTATION_CONTEXT ( 3 ) GLOBAL_UNCERTAINTY_ASSIGNED_CONTEXT ( ( #545 ) ) GLOBAL_UNIT_ASSIGNED_CONTEXT ( ( #2541, #4144, #1584 ) ) REPRESENTATION_CONTEXT ( 'NONE', 'WORKASPACE' ) );
#6154 = CARTESIAN_POINT ( 'NONE',  ( 3.128670451109778927, 4.190669684387834160, 2.499999999999999556 ) ) ;
#6155 = LINE ( 'NONE', #5722, #3008 ) ;
#6156 = EDGE_CURVE ( 'NONE', #5768, #3418, #6225, .T. ) ;
#6157 = VECTOR ( 'NONE', #6308, 1000.000000000000000 ) ;
#6158 = AXIS2_PLACEMENT_3D ( 'NONE', #2508, #2107, #5775 ) ;
#6159 = ORIENTED_EDGE ( 'NONE', *, *, #2432, .T. ) ;
#6160 = CARTESIAN_POINT ( 'NONE',  ( -0.2045151440353501493, 5.335556048024197473, 2.500000000000000000 ) ) ;
#6161 = CARTESIAN_POINT ( 'NONE',  ( -3.598386897282103369, 7.668538850809706986, 2.500000000000000000 ) ) ;
#6162 = CARTESIAN_POINT ( 'NONE',  ( 0.1429700242248341524, 2.572472118421785581, -2.500000000000000888 ) ) ;
#6163 = ADVANCED_FACE ( 'NONE', ( #5560 ), #2953, .F. ) ;
#6164 = ORIENTED_EDGE ( 'NONE', *, *, #5303, .F. ) ;
#6165 = CARTESIAN_POINT ( 'NONE',  ( -0.007421875000000026541, 2.287401669274953697, -2.500000000000000444 ) ) ;
#6166 = CARTESIAN_POINT ( 'NONE',  ( 1.926154217343544639, 4.292333645426794853, 2.499999999999999556 ) ) ;
#6167 = EDGE_LOOP ( 'NONE', ( #5317, #1258, #2305, #2041, #1510, #2166, #6014, #3354, #1874, #6336, #208, #1715, #489, #2209, #153 ) ) ;
#6168 = LINE ( 'NONE', #3637, #5773 ) ;
#6169 = VECTOR ( 'NONE', #46, 1000.000000000000000 ) ;
#6170 = CARTESIAN_POINT ( 'NONE',  ( -0.2863518317357603982, 2.691119620546494673, -2.500000000000000444 ) ) ;
#6171 = EDGE_CURVE ( 'NONE', #855, #2764, #3183, .T. ) ;
#6172 = CARTESIAN_POINT ( 'NONE',  ( -1.728561410269116472, 5.160231372699521479, 2.500000000000000000 ) ) ;
#6173 = ORIENTED_EDGE ( 'NONE', *, *, #5426, .T. ) ;
#6174 = CARTESIAN_POINT ( 'NONE',  ( -0.4146308678237235479, 2.403970915929452890, -2.500000000000000444 ) ) ;
#6175 = ORIENTED_EDGE ( 'NONE', *, *, #3603, .F. ) ;
#6176 = CARTESIAN_POINT ( 'NONE',  ( 2.191030271430787213, 6.525580246913603943, 2.499999999999999556 ) ) ;
#6177 = CARTESIAN_POINT ( 'NONE',  ( -1.594404503302573994, 3.981312425727956406, 2.500000000000000000 ) ) ;
#6178 =( GEOMETRIC_REPRESENTATION_CONTEXT ( 3 ) GLOBAL_UNCERTAINTY_ASSIGNED_CONTEXT ( ( #6444 ) ) GLOBAL_UNIT_ASSIGNED_CONTEXT ( ( #304, #1830, #4186 ) ) REPRESENTATION_CONTEXT ( 'NONE', 'WORKASPACE' ) );
#6179 =( BOUNDED_SURFACE ( )  B_SPLINE_SURFACE ( 3, 2, ( 
 ( #3322, #2234, #3808 ),
 ( #5333, #5241, #6408 ),
 ( #1739, #212, #1850 ),
 ( #5271, #1878, #6342 ),
 ( #726, #794, #2765 ),
 ( #3775, #3286, #279 ),
 ( #3844, #5810, #4744 ),
 ( #353, #1808, #1264 ) ),
 .UNSPECIFIED., .F., .F., .T. ) 
 B_SPLINE_SURFACE_WITH_KNOTS ( ( 4, 2, 2, 4 ),
 ( 3, 3 ),
 ( 6.283185307179586232, 6.675884388878310816, 7.068583470577034511, 7.853981633974482790 ),
 ( 0.000000000000000000, 1.000000000000000000 ),
 .UNSPECIFIED. ) 
 GEOMETRIC_REPRESENTATION_ITEM ( )  RATIONAL_B_SPLINE_SURFACE ( (
 ( 1.000000000000000000, 0.7071067811865475727, 1.000000000000000000),
 ( 1.000000000000000000, 0.7066756583514990364, 1.000000000000000000),
 ( 1.000000000000000000, 0.7265518703623952135, 1.000000000000000000),
 ( 1.000000000000000000, 0.7876783693348067272, 1.000000000000000000),
 ( 1.000000000000000000, 0.8282380132478336376, 1.000000000000000000),
 ( 1.000000000000000000, 0.9416001848576476263, 1.000000000000000000),
 ( 1.000000000000000000, 1.002675625929058345, 1.000000000000000000),
 ( 1.000000000000000000, 1.000000000000000000, 1.000000000000000000) ) ) 
 REPRESENTATION_ITEM ( '' )  SURFACE ( )  );
#6180 = DIRECTION ( 'NONE',  ( 0.9958932064677026297, -0.09053574604253204761, -1.012265229389848532E-16 ) ) ;
#6181 = ORIENTED_EDGE ( 'NONE', *, *, #6144, .T. ) ;
#6182 = PRESENTATION_LAYER_ASSIGNMENT (  '', '', ( #3109 ) ) ;
#6183 = ORIENTED_EDGE ( 'NONE', *, *, #14, .F. ) ;
#6184 = DIRECTION ( 'NONE',  ( -1.239088197126290570E-16, -0.000000000000000000, -1.000000000000000000 ) ) ;
#6185 = EDGE_CURVE ( 'NONE', #1332, #5965, #2164, .T. ) ;
#6186 = ORIENTED_EDGE ( 'NONE', *, *, #6056, .T. ) ;
#6187 = CARTESIAN_POINT ( 'NONE',  ( -1.675848488613386866, 4.487423907739951368, 2.500000000000000000 ) ) ;
#6188 = COLOUR_RGB ( '',0.6941176470588235059, 0.09803921568627450844, 0.09803921568627450844 ) ;
#6189 = CARTESIAN_POINT ( 'NONE',  ( -1.733735923256129574, 5.335556048024198361, 2.500000000000000000 ) ) ;
#6190 = CARTESIAN_POINT ( 'NONE',  ( 3.013676375326892032, 6.525580246913603943, 2.499999999999999556 ) ) ;
#6191 =( NAMED_UNIT ( * ) PLANE_ANGLE_UNIT ( ) SI_UNIT ( $, .RADIAN. ) );
#6192 = CARTESIAN_POINT ( 'NONE',  ( -6.117559101153644541, 10.99995381843858056, -2.117559101153708934 ) ) ;
#6193 = VERTEX_POINT ( 'NONE', #1629 ) ;
#6194 = MECHANICAL_DESIGN_GEOMETRIC_PRESENTATION_REPRESENTATION (  '', ( #512 ), #1872 ) ;
#6195 = CARTESIAN_POINT ( 'NONE',  ( -6.400000000000000355, 10.49999999999999822, -2.500000000000000444 ) ) ;
#6196 = EDGE_CURVE ( 'NONE', #5395, #1104, #4666, .T. ) ;
#6197 = CARTESIAN_POINT ( 'NONE',  ( -6.399833389060188615, 10.80727339212635840, 2.319866711248147695 ) ) ;
#6198 = CARTESIAN_POINT ( 'NONE',  ( 1.926154217343544639, 4.292333645426794853, 2.499999999999999556 ) ) ;
#6199 = VECTOR ( 'NONE', #4842, 1000.000000000000000 ) ;
#6200 = PRESENTATION_LAYER_ASSIGNMENT (  '', '', ( #4935 ) ) ;
#6201 = VECTOR ( 'NONE', #1595, 1000.000000000000114 ) ;
#6202 = ORIENTED_EDGE ( 'NONE', *, *, #3104, .F. ) ;
#6203 = DIRECTION ( 'NONE',  ( -1.000000000000000000, 0.000000000000000000, 0.000000000000000000 ) ) ;
#6204 = FACE_OUTER_BOUND ( 'NONE', #4348, .T. ) ;
#6205 = ORIENTED_EDGE ( 'NONE', *, *, #2162, .F. ) ;
#6206 = DIRECTION ( 'NONE',  ( 0.000000000000000000, -0.000000000000000000, 1.000000000000000000 ) ) ;
#6207 = VECTOR ( 'NONE', #1466, 1000.000000000000000 ) ;
#6208 = SURFACE_STYLE_USAGE ( .BOTH. , #2211 ) ;
#6209 = FACE_OUTER_BOUND ( 'NONE', #1286, .T. ) ;
#6210 = CARTESIAN_POINT ( 'NONE',  ( -1.635089613658211594, 5.150777002952662720, 2.500000000000000000 ) ) ;
#6211 = VERTEX_POINT ( 'NONE', #580 ) ;
#6212 = CARTESIAN_POINT ( 'NONE',  ( -0.5241174167626225788, 6.525580246913603943, 2.500000000000000000 ) ) ;
#6213 = VECTOR ( 'NONE', #4680, 1000.000000000000000 ) ;
#6214 = VERTEX_POINT ( 'NONE', #5200 ) ;
#6215 = CARTESIAN_POINT ( 'NONE',  ( -4.649999999999998579, 0.2000000000000005107, 2.299999999999999822 ) ) ;
#6216 = FACE_BOUND ( 'NONE', #4257, .T. ) ;
#6217 = CARTESIAN_POINT ( 'NONE',  ( -4.145972124554829996, 6.525580246913603943, 2.500000000000000000 ) ) ;
#6218 = LINE ( 'NONE', #3561, #2487 ) ;
#6219 = VERTEX_POINT ( 'NONE', #6165 ) ;
#6220 = FILL_AREA_STYLE_COLOUR ( '', #2587 ) ;
#6221 =( LENGTH_UNIT ( ) NAMED_UNIT ( * ) SI_UNIT ( .MILLI., .METRE. ) );
#6222 = CARTESIAN_POINT ( 'NONE',  ( -0.2151890673280526245, 3.796933127986641843, 2.500000000000000000 ) ) ;
#6223 = LINE ( 'NONE', #5727, #2447 ) ;
#6224 = CARTESIAN_POINT ( 'NONE',  ( -0.4193770966881653073, 5.264272854123800194, 2.500000000000000000 ) ) ;
#6225 = CIRCLE ( 'NONE', #5489, 0.1000000000000002554 ) ;
#6226 = EDGE_CURVE ( 'NONE', #1731, #10, #3268, .T. ) ;
#6227 = DIRECTION ( 'NONE',  ( 1.000000000000000000, 0.000000000000000000, -1.171416970435733203E-16 ) ) ;
#6228 = EDGE_LOOP ( 'NONE', ( #2396, #3010, #1932, #4522, #2231 ) ) ;
#6229 = DIRECTION ( 'NONE',  ( 0.000000000000000000, 0.000000000000000000, -1.000000000000000000 ) ) ;
#6230 = VERTEX_POINT ( 'NONE', #3693 ) ;
#6231 =( LENGTH_UNIT ( ) NAMED_UNIT ( * ) SI_UNIT ( .MILLI., .METRE. ) );
#6232 = DIRECTION ( 'NONE',  ( -1.016439536705160653E-16, 0.000000000000000000, -1.000000000000000000 ) ) ;
#6233 = VERTEX_POINT ( 'NONE', #1159 ) ;
#6234 = CARTESIAN_POINT ( 'NONE',  ( -1.911473359005601225, 4.036318722885004817, 2.500000000000000000 ) ) ;
#6235 = ADVANCED_FACE ( 'NONE', ( #643 ), #6098, .F. ) ;
#6236 = CARTESIAN_POINT ( 'NONE',  ( 5.000000000000000000, 1.500000000000000000, 8.839610526981747557E-16 ) ) ;
#6237 = LINE ( 'NONE', #5309, #6157 ) ;
#6238 = DIRECTION ( 'NONE',  ( -1.000000000000000000, -0.000000000000000000, -0.000000000000000000 ) ) ;
#6239 =( GEOMETRIC_REPRESENTATION_CONTEXT ( 3 ) GLOBAL_UNCERTAINTY_ASSIGNED_CONTEXT ( ( #356 ) ) GLOBAL_UNIT_ASSIGNED_CONTEXT ( ( #732, #2314, #2346 ) ) REPRESENTATION_CONTEXT ( 'NONE', 'WORKASPACE' ) );
#6240 = CARTESIAN_POINT ( 'NONE',  ( 4.760000000000001563, 0.000000000000000000, 2.299999999999999822 ) ) ;
#6241 = ORIENTED_EDGE ( 'NONE', *, *, #875, .F. ) ;
#6242 =( LENGTH_UNIT ( ) NAMED_UNIT ( * ) SI_UNIT ( .MILLI., .METRE. ) );
#6243 = ORIENTED_EDGE ( 'NONE', *, *, #5745, .F. ) ;
#6244 = CARTESIAN_POINT ( 'NONE',  ( -0.5671181815504747759, 4.089731140817346677, 2.500000000000000000 ) ) ;
#6245 = FILL_AREA_STYLE_COLOUR ( '', #6262 ) ;
#6246 = CARTESIAN_POINT ( 'NONE',  ( 2.534855244913742034, 4.355576258744253693, 2.499999999999999556 ) ) ;
#6247 = CARTESIAN_POINT ( 'NONE',  ( -3.167380403775610365, 7.061598915744772498, 2.500000000000000000 ) ) ;
#6248 = VECTOR ( 'NONE', #2268, 1000.000000000000000 ) ;
#6249 = MECHANICAL_DESIGN_GEOMETRIC_PRESENTATION_REPRESENTATION (  '', ( #4553 ), #3493 ) ;
#6250 =( LENGTH_UNIT ( ) NAMED_UNIT ( * ) SI_UNIT ( .MILLI., .METRE. ) );
#6251 = PRESENTATION_LAYER_ASSIGNMENT (  '', '', ( #2551 ) ) ;
#6252 = EDGE_CURVE ( 'NONE', #1781, #755, #2110, .T. ) ;
#6253 = ORIENTED_EDGE ( 'NONE', *, *, #1876, .T. ) ;
#6254 = B_SPLINE_CURVE_WITH_KNOTS ( 'NONE', 3,
 ( #3564, #574, #509, #5991, #6127, #1591, #5056, #473, #4598, #5626, #539, #1053, #3103, #6022, #5122, #39, #602, #2610, #1500 ),
 .UNSPECIFIED., .F., .F.,
 ( 4, 1, 1, 1, 1, 1, 1, 1, 1, 1, 1, 1, 1, 1, 1, 1, 4 ),
 ( 0.000000000000000000, 0.07299823311530261039, 0.1425151470928454345, 0.2102806538676659787, 0.2755108543094945683, 0.3397595173215643416, 0.4026892954439151295, 0.4662961870399117137, 0.5298895770136994310, 0.5925945618138377391, 0.6527761800677831516, 0.7116580061190117545, 0.7689098416905507660, 0.8256141046783278536, 0.8826237818447232319, 0.9405120262693222877, 0.9999999999999998890 ),
 .UNSPECIFIED. ) ;
#6255 = AXIS2_PLACEMENT_3D ( 'NONE', #3437, #3825, #1309 ) ;
#6256 = LINE ( 'NONE', #5255, #908 ) ;
#6257 = VECTOR ( 'NONE', #2896, 1000.000000000000000 ) ;
#6258 = CARTESIAN_POINT ( 'NONE',  ( -2.402770014165220847, 8.025580246913603943, 2.500000000000000000 ) ) ;
#6259 = CARTESIAN_POINT ( 'NONE',  ( 6.299999999999998934, 6.299999999999999822, 2.299999999999999822 ) ) ;
#6260 = CARTESIAN_POINT ( 'NONE',  ( -1.325492306716781199, 3.957432955827960619, 2.500000000000000000 ) ) ;
#6261 = DIRECTION ( 'NONE',  ( 0.000000000000000000, -0.000000000000000000, 1.000000000000000000 ) ) ;
#6262 = COLOUR_RGB ( '',0.5882352941176470784, 0.5882352941176470784, 0.6313725490196078205 ) ;
#6263 = DIRECTION ( 'NONE',  ( -1.239088197126290570E-16, -0.000000000000000000, -1.000000000000000000 ) ) ;
#6264 = CARTESIAN_POINT ( 'NONE',  ( -6.260993393659449069, 10.94611338752709706, -2.208794714927565295 ) ) ;
#6265 = ORIENTED_EDGE ( 'NONE', *, *, #4476, .F. ) ;
#6266 = FILL_AREA_STYLE_COLOUR ( '', #3013 ) ;
#6267 = DIRECTION ( 'NONE',  ( 1.000000000000000000, -2.464095846557965385E-16, 0.000000000000000000 ) ) ;
#6268 = ORIENTED_EDGE ( 'NONE', *, *, #4077, .T. ) ;
#6269 = DIRECTION ( 'NONE',  ( -1.000000000000000000, 0.000000000000000000, 0.000000000000000000 ) ) ;
#6270 = CARTESIAN_POINT ( 'NONE',  ( 1.087814553303844578, 8.466350291807936301, 2.499999999999999556 ) ) ;
#6271 = ORIENTED_EDGE ( 'NONE', *, *, #1281, .T. ) ;
#6272 =( NAMED_UNIT ( * ) PLANE_ANGLE_UNIT ( ) SI_UNIT ( $, .RADIAN. ) );
#6273 = CARTESIAN_POINT ( 'NONE',  ( -1.945052937224824419, 4.062780736406640614, 2.500000000000000000 ) ) ;
#6274 = CARTESIAN_POINT ( 'NONE',  ( -0.03339960492221744071, 4.832566336413944619, 2.500000000000000000 ) ) ;
#6275 = PRESENTATION_STYLE_ASSIGNMENT (( #282 ) ) ;
#6276 = EDGE_CURVE ( 'NONE', #4674, #5178, #4831, .T. ) ;
#6277 = CARTESIAN_POINT ( 'NONE',  ( -3.959689657022363196, 6.525580246913603943, 2.500000000000000000 ) ) ;
#6278 = ORIENTED_EDGE ( 'NONE', *, *, #2362, .F. ) ;
#6279 = EDGE_LOOP ( 'NONE', ( #2086, #6374, #1573, #5348 ) ) ;
#6280 = VECTOR ( 'NONE', #1495, 1000.000000000000000 ) ;
#6281 = CARTESIAN_POINT ( 'NONE',  ( -4.649999999999999467, 0.2000000000000005107, -2.500000000000000444 ) ) ;
#6282 = CARTESIAN_POINT ( 'NONE',  ( -2.013159624554831328, 4.920986242829393120, 2.500000000000000000 ) ) ;
#6283 = EDGE_CURVE ( 'NONE', #3210, #1263, #101, .T. ) ;
#6284 = CARTESIAN_POINT ( 'NONE',  ( 3.648221637134202222, 4.305521797789192640, 2.499999999999999556 ) ) ;
#6285 = PLANE ( 'NONE',  #371 ) ;
#6286 = PRESENTATION_LAYER_ASSIGNMENT (  '', '', ( #6507 ) ) ;
#6287 = VERTEX_POINT ( 'NONE', #2333 ) ;
#6288 = CARTESIAN_POINT ( 'NONE',  ( 6.499999999999998224, 10.56546160611507013, 2.399999999795403127 ) ) ;
#6289 = UNCERTAINTY_MEASURE_WITH_UNIT (LENGTH_MEASURE( 1.000000000000000082E-05 ), #1227, 'distance_accuracy_value', 'NONE');
#6290 = DIRECTION ( 'NONE',  ( 0.000000000000000000, -0.000000000000000000, 1.000000000000000000 ) ) ;
#6291 = DIRECTION ( 'NONE',  ( 1.000000000000000000, 0.000000000000000000, -1.016439536705160653E-16 ) ) ;
#6292 = CARTESIAN_POINT ( 'NONE',  ( -1.235908941439998854, 4.172839275514207635, 2.500000000000000000 ) ) ;
#6293 = EDGE_CURVE ( 'NONE', #4287, #5821, #6331, .T. ) ;
#6294 = CARTESIAN_POINT ( 'NONE',  ( -5.239999999999999325, 0.009999999999999970718, 2.299999999999999822 ) ) ;
#6295 = PRESENTATION_LAYER_ASSIGNMENT (  '', '', ( #6512 ) ) ;
#6296 = VERTEX_POINT ( 'NONE', #2791 ) ;
#6297 = CARTESIAN_POINT ( 'NONE',  ( -6.499999999999999112, 10.49999999999999822, -2.500000000000000444 ) ) ;
#6298 = ORIENTED_EDGE ( 'NONE', *, *, #4896, .T. ) ;
#6299 = SURFACE_STYLE_FILL_AREA ( #4226 ) ;
#6300 = CARTESIAN_POINT ( 'NONE',  ( -6.299999999999999822, 6.299999999999999822, -2.300000000000000711 ) ) ;
#6301 = ORIENTED_EDGE ( 'NONE', *, *, #4280, .F. ) ;
#6302 = AXIS2_PLACEMENT_3D ( 'NONE', #2812, #3818, #2845 ) ;
#6303 = COLOUR_RGB ( '',0.6941176470588235059, 0.09803921568627450844, 0.09803921568627450844 ) ;
#6304 = CARTESIAN_POINT ( 'NONE',  ( -0.3335735855937913552, 7.148956870290226639, 2.500000000000000000 ) ) ;
#6305 = ORIENTED_EDGE ( 'NONE', *, *, #1970, .T. ) ;
#6306 = CARTESIAN_POINT ( 'NONE',  ( -2.017996695859649581, 4.166628258136505281, 2.500000000000000000 ) ) ;
#6307 = LINE ( 'NONE', #2804, #662 ) ;
#6308 = DIRECTION ( 'NONE',  ( -1.000000000000000000, 0.000000000000000000, 1.016439536705160653E-16 ) ) ;
#6309 = CIRCLE ( 'NONE', #3130, 0.1000000000000002554 ) ;
#6310 =( LENGTH_UNIT ( ) NAMED_UNIT ( * ) SI_UNIT ( .MILLI., .METRE. ) );
#6311 = VECTOR ( 'NONE', #5159, 1000.000000000000227 ) ;
#6312 = SURFACE_STYLE_USAGE ( .BOTH. , #1240 ) ;
#6313 = MECHANICAL_DESIGN_GEOMETRIC_PRESENTATION_REPRESENTATION (  '', ( #721 ), #3241 ) ;
#6314 = VERTEX_POINT ( 'NONE', #3244 ) ;
#6315 = ORIENTED_EDGE ( 'NONE', *, *, #4852, .F. ) ;
#6316 = CARTESIAN_POINT ( 'NONE',  ( -0.1059172790642183420, 3.327579103527455118, -2.500000000000000444 ) ) ;
#6317 = DIRECTION ( 'NONE',  ( 1.000000000000000000, 0.000000000000000000, 0.000000000000000000 ) ) ;
#6318 = LINE ( 'NONE', #3335, #2849 ) ;
#6319 = VECTOR ( 'NONE', #6045, 1000.000000000000114 ) ;
#6320 = ADVANCED_FACE ( 'NONE', ( #268 ), #4357, .F. ) ;
#6321 = ORIENTED_EDGE ( 'NONE', *, *, #2369, .T. ) ;
#6322 = CARTESIAN_POINT ( 'NONE',  ( 5.250000000000000888, 0.1000000000000004219, 12.49999999999999645 ) ) ;
#6323 = FILL_AREA_STYLE_COLOUR ( '', #2156 ) ;
#6324 = CARTESIAN_POINT ( 'NONE',  ( 0.2076195962243901072, 4.268084457115107533, 2.499999999999999556 ) ) ;
#6325 = CARTESIAN_POINT ( 'NONE',  ( 3.440015661041177175, 7.252852974186331458, 2.499999999999999556 ) ) ;
#6326 = LINE ( 'NONE', #3759, #3626 ) ;
#6327 = ADVANCED_FACE ( 'NONE', ( #3276 ), #817, .F. ) ;
#6328 = UNCERTAINTY_MEASURE_WITH_UNIT (LENGTH_MEASURE( 1.000000000000000082E-05 ), #412, 'distance_accuracy_value', 'NONE');
#6329 = PRESENTATION_STYLE_ASSIGNMENT (( #1898 ) ) ;
#6330 = ORIENTED_EDGE ( 'NONE', *, *, #4534, .T. ) ;
#6331 = LINE ( 'NONE', #5834, #4531 ) ;
#6332 = COLOUR_RGB ( '',0.5882352941176470784, 0.5882352941176470784, 0.6313725490196078205 ) ;
#6333 = ORIENTED_EDGE ( 'NONE', *, *, #5953, .T. ) ;
#6334 = CARTESIAN_POINT ( 'NONE',  ( 6.499999999999999112, 10.79289321881345032, -2.400000000000001243 ) ) ;
#6335 = PLANE ( 'NONE',  #3233 ) ;
#6336 = ORIENTED_EDGE ( 'NONE', *, *, #4643, .T. ) ;
#6337 = SURFACE_STYLE_FILL_AREA ( #1770 ) ;
#6338 =( LENGTH_UNIT ( ) NAMED_UNIT ( * ) SI_UNIT ( .MILLI., .METRE. ) );
#6339 = VERTEX_POINT ( 'NONE', #3861 ) ;
#6340 = ADVANCED_FACE ( 'NONE', ( #234 ), #2295, .F. ) ;
#6341 = B_SPLINE_CURVE_WITH_KNOTS ( 'NONE', 3,
 ( #6406, #5917, #1382, #5404, #382, #5529, #5005 ),
 .UNSPECIFIED., .F., .F.,
 ( 4, 1, 1, 1, 4 ),
 ( 0.000000000000000000, 0.2759400882070076610, 0.5327379385843445947, 0.7759418428336761764, 1.000000000000000000 ),
 .UNSPECIFIED. ) ;
#6342 = CARTESIAN_POINT ( 'NONE',  ( 6.436893216934543638, 10.75180943524419064, -2.349514573547643259 ) ) ;
#6343 = SURFACE_STYLE_USAGE ( .BOTH. , #3613 ) ;
#6344 = DIRECTION ( 'NONE',  ( 1.000000000000000000, 0.000000000000000000, -1.016439536705160653E-16 ) ) ;
#6345 = SURFACE_SIDE_STYLE ('',( #1776 ) ) ;
#6346 = CYLINDRICAL_SURFACE ( 'NONE', #2207, 0.5000000000000000000 ) ;
#6347 = DIRECTION ( 'NONE',  ( -1.885568995626964040E-16, 0.000000000000000000, 1.000000000000000000 ) ) ;
#6348 = VERTEX_POINT ( 'NONE', #5990 ) ;
#6349 = ORIENTED_EDGE ( 'NONE', *, *, #5586, .F. ) ;
#6350 = DIRECTION ( 'NONE',  ( -0.5054136732061080828, -0.8628771748842990474, 5.137224398380700146E-17 ) ) ;
#6351 = FILL_AREA_STYLE ('',( #6245 ) ) ;
#6352 = CARTESIAN_POINT ( 'NONE',  ( -3.532640144035350538, 5.140750853219002714, 2.500000000000000000 ) ) ;
#6353 =( LENGTH_UNIT ( ) NAMED_UNIT ( * ) SI_UNIT ( .MILLI., .METRE. ) );
#6354 = VECTOR ( 'NONE', #3382, 1000.000000000000227 ) ;
#6355 = ORIENTED_EDGE ( 'NONE', *, *, #3746, .T. ) ;
#6356 = LINE ( 'NONE', #4350, #4139 ) ;
#6357 = LINE ( 'NONE', #2785, #4330 ) ;
#6358 = DIRECTION ( 'NONE',  ( 0.000000000000000000, -1.000000000000000000, 0.000000000000000000 ) ) ;
#6359 = EDGE_CURVE ( 'NONE', #85, #5706, #922, .T. ) ;
#6360 = CARTESIAN_POINT ( 'NONE',  ( 2.350261360200687655, 4.543348255816405334, 2.499999999999999556 ) ) ;
#6361 = EDGE_CURVE ( 'NONE', #2513, #1298, #4933, .T. ) ;
#6362 = UNCERTAINTY_MEASURE_WITH_UNIT (LENGTH_MEASURE( 1.000000000000000082E-05 ), #805, 'distance_accuracy_value', 'NONE');
#6363 = DIRECTION ( 'NONE',  ( 0.3154188847315195221, 0.9489525420982465320, -3.206042250645641499E-17 ) ) ;
#6364 = EDGE_CURVE ( 'NONE', #4101, #2863, #2426, .T. ) ;
#6365 = VERTEX_POINT ( 'NONE', #1404 ) ;
#6366 = DIRECTION ( 'NONE',  ( 0.000000000000000000, -0.000000000000000000, 1.000000000000000000 ) ) ;
#6367 = SURFACE_STYLE_FILL_AREA ( #5964 ) ;
#6368 = ORIENTED_EDGE ( 'NONE', *, *, #3337, .T. ) ;
#6369 = CARTESIAN_POINT ( 'NONE',  ( 3.597889037664553591, 7.252852974186331458, 2.499999999999999556 ) ) ;
#6370 = CARTESIAN_POINT ( 'NONE',  ( -0.02264378237397047383, 4.039666465907949977, 2.500000000000000000 ) ) ;
#6371 = VECTOR ( 'NONE', #1747, 1000.000000000000000 ) ;
#6372 = EDGE_CURVE ( 'NONE', #6214, #1679, #6467, .T. ) ;
#6373 = PRESENTATION_LAYER_ASSIGNMENT (  '', '', ( #1927 ) ) ;
#6374 = ORIENTED_EDGE ( 'NONE', *, *, #2001, .T. ) ;
#6375 = CARTESIAN_POINT ( 'NONE',  ( 2.541819801759129582, 4.367414814257964295, 2.499999999999999556 ) ) ;
#6376 = ORIENTED_EDGE ( 'NONE', *, *, #1379, .T. ) ;
#6377 = DIRECTION ( 'NONE',  ( -0.5054136732061080828, -0.8628771748842990474, 5.137224398380700146E-17 ) ) ;
#6378 = LINE ( 'NONE', #6440, #6199 ) ;
#6379 = CARTESIAN_POINT ( 'NONE',  ( -1.909936643136205703, 3.829783231096905105, 2.500000000000000000 ) ) ;
#6380 = EDGE_CURVE ( 'NONE', #277, #2638, #3931, .T. ) ;
#6381 = UNCERTAINTY_MEASURE_WITH_UNIT (LENGTH_MEASURE( 1.000000000000000082E-05 ), #5832, 'distance_accuracy_value', 'NONE');
#6382 = CARTESIAN_POINT ( 'NONE',  ( -4.649999999999997691, 0.2000000000000005107, 12.49999999999999822 ) ) ;
#6383 = VERTEX_POINT ( 'NONE', #1930 ) ;
#6384 = EDGE_LOOP ( 'NONE', ( #3347, #3463, #3048, #5364, #3310, #5171, #2968, #858, #5285, #4668, #3732, #3523, #5950, #5941, #5041 ) ) ;
#6385 = FILL_AREA_STYLE_COLOUR ( '', #4059 ) ;
#6386 = CARTESIAN_POINT ( 'NONE',  ( 6.499999999999999112, 11.00000000000000000, 2.399999999999999911 ) ) ;
#6387 = VECTOR ( 'NONE', #2682, 1000.000000000000000 ) ;
#6388 = LINE ( 'NONE', #6419, #628 ) ;
#6389 = FILL_AREA_STYLE_COLOUR ( '', #1860 ) ;
#6390 = ORIENTED_EDGE ( 'NONE', *, *, #321, .F. ) ;
#6391 = SURFACE_SIDE_STYLE ('',( #4789 ) ) ;
#6392 = EDGE_CURVE ( 'NONE', #4225, #5235, #3001, .T. ) ;
#6393 = LINE ( 'NONE', #3855, #2235 ) ;
#6394 =( LENGTH_UNIT ( ) NAMED_UNIT ( * ) SI_UNIT ( .MILLI., .METRE. ) );
#6395 = CARTESIAN_POINT ( 'NONE',  ( -1.233938845334051404, 4.233384781790430651, 2.500000000000000000 ) ) ;
#6396 = CARTESIAN_POINT ( 'NONE',  ( -1.307086144875299949, 5.072902871148817106, 2.500000000000000000 ) ) ;
#6397 = AXIS2_PLACEMENT_3D ( 'NONE', #5592, #1186, #5629 ) ;
#6398 = CARTESIAN_POINT ( 'NONE',  ( 6.399999999999999467, 10.49999999999999822, -2.500000000000000888 ) ) ;
#6399 = ORIENTED_EDGE ( 'NONE', *, *, #2029, .F. ) ;
#6400 = CARTESIAN_POINT ( 'NONE',  ( -0.1000265462204457390, 5.320718855427669425, 2.500000000000000000 ) ) ;
#6401 = ORIENTED_EDGE ( 'NONE', *, *, #5303, .T. ) ;
#6402 = PRESENTATION_LAYER_ASSIGNMENT (  '', '', ( #919 ) ) ;
#6403 = LINE ( 'NONE', #6471, #4901 ) ;
#6404 = EDGE_LOOP ( 'NONE', ( #4951, #6401, #82, #2335 ) ) ;
#6405 = CARTESIAN_POINT ( 'NONE',  ( 2.541819801759129582, 4.367414814257964295, 2.499999999999999556 ) ) ;
#6406 = CARTESIAN_POINT ( 'NONE',  ( 3.125892284417800759, 7.083413039121395194, 2.499999999999999556 ) ) ;
#6407 = VERTEX_POINT ( 'NONE', #2489 ) ;
#6408 = CARTESIAN_POINT ( 'NONE',  ( 6.500000000000000000, 10.56546160611506124, -2.399999999795449757 ) ) ;
#6410 = CARTESIAN_POINT ( 'NONE',  ( -1.995289949225697024, 5.017218010309425935, 2.500000000000000000 ) ) ;
#6409 =( NAMED_UNIT ( * ) SI_UNIT ( $, .STERADIAN. ) SOLID_ANGLE_UNIT ( ) );
#6411 = DIRECTION ( 'NONE',  ( -1.000000000000000000, 0.000000000000000000, 1.016439536705160653E-16 ) ) ;
#6412 = VECTOR ( 'NONE', #907, 1000.000000000000000 ) ;
#6413 = VECTOR ( 'NONE', #6133, 1000.000000000000000 ) ;
#6414 = VERTEX_POINT ( 'NONE', #5462 ) ;
#6415 = VECTOR ( 'NONE', #4946, 1000.000000000000000 ) ;
#6416 = ORIENTED_EDGE ( 'NONE', *, *, #2954, .F. ) ;
#6417 = PRESENTATION_LAYER_ASSIGNMENT (  '', '', ( #504 ) ) ;
#6418 = LINE ( 'NONE', #1782, #6412 ) ;
#6419 = CARTESIAN_POINT ( 'NONE',  ( -2.578094689489895952, 8.025580246913603943, 2.500000000000000000 ) ) ;
#6420 = SURFACE_STYLE_FILL_AREA ( #4380 ) ;
#6421 = VECTOR ( 'NONE', #1749, 1000.000000000000000 ) ;
#6422 = ORIENTED_EDGE ( 'NONE', *, *, #5339, .F. ) ;
#6423 =( GEOMETRIC_REPRESENTATION_CONTEXT ( 3 ) GLOBAL_UNCERTAINTY_ASSIGNED_CONTEXT ( ( #4092 ) ) GLOBAL_UNIT_ASSIGNED_CONTEXT ( ( #727, #758, #3742 ) ) REPRESENTATION_CONTEXT ( 'NONE', 'WORKASPACE' ) );
#6424 = CARTESIAN_POINT ( 'NONE',  ( -0.6210213372576937063, 4.179015492443379998, -2.500000000000000444 ) ) ;
#6425 = LINE ( 'NONE', #2422, #6114 ) ;
#6426 =( GEOMETRIC_REPRESENTATION_CONTEXT ( 3 ) GLOBAL_UNCERTAINTY_ASSIGNED_CONTEXT ( ( #265 ) ) GLOBAL_UNIT_ASSIGNED_CONTEXT ( ( #1711, #3744, #324 ) ) REPRESENTATION_CONTEXT ( 'NONE', 'WORKASPACE' ) );
#6427 = SURFACE_SIDE_STYLE ('',( #4393 ) ) ;
#6428 = ORIENTED_EDGE ( 'NONE', *, *, #1766, .F. ) ;
#6429 = CARTESIAN_POINT ( 'NONE',  ( -3.167380403775610365, 7.061598915744772498, 2.500000000000000000 ) ) ;
#6430 = CARTESIAN_POINT ( 'NONE',  ( 0.1484276766828024341, 4.985854468379673499, 2.499999999999999556 ) ) ;
#6431 = VERTEX_POINT ( 'NONE', #955 ) ;
#6432 = CARTESIAN_POINT ( 'NONE',  ( 3.617962683343969754, 4.330888543809129132, 2.499999999999999556 ) ) ;
#6433 = VERTEX_POINT ( 'NONE', #1997 ) ;
#6434 = VECTOR ( 'NONE', #257, 1000.000000000000000 ) ;
#6435 = CARTESIAN_POINT ( 'NONE',  ( 3.453002674028190722, 6.525580246913603943, 2.499999999999999556 ) ) ;
#6436 = DIRECTION ( 'NONE',  ( 0.000000000000000000, 0.000000000000000000, -1.000000000000000000 ) ) ;
#6437 = ORIENTED_EDGE ( 'NONE', *, *, #5046, .F. ) ;
#6438 = SURFACE_STYLE_FILL_AREA ( #6065 ) ;
#6439 = LINE ( 'NONE', #2405, #3288 ) ;
#6440 = CARTESIAN_POINT ( 'NONE',  ( 5.250000000000000888, 0.009999999999999968983, 12.49999999999999645 ) ) ;
#6441 = VECTOR ( 'NONE', #5979, 1000.000000000000000 ) ;
#6442 = CARTESIAN_POINT ( 'NONE',  ( -1.995306024976085890, 3.872512476411092752, 2.500000000000000000 ) ) ;
#6443 = EDGE_CURVE ( 'NONE', #1202, #2246, #472, .T. ) ;
#6444 = UNCERTAINTY_MEASURE_WITH_UNIT (LENGTH_MEASURE( 1.000000000000000082E-05 ), #304, 'distance_accuracy_value', 'NONE');
#6445 = CARTESIAN_POINT ( 'NONE',  ( -2.327891767411972346, 5.316075528543677819, 2.500000000000000000 ) ) ;
#6446 = AXIS2_PLACEMENT_3D ( 'NONE', #2553, #5127, #3798 ) ;
#6447 = EDGE_CURVE ( 'NONE', #467, #2191, #3994, .T. ) ;
#6448 = VERTEX_POINT ( 'NONE', #6429 ) ;
#6449 = VERTEX_POINT ( 'NONE', #2946 ) ;
#6450 = CARTESIAN_POINT ( 'NONE',  ( 2.297158518184033937, 7.252852974186331458, 2.499999999999999556 ) ) ;
#6451 = PLANE ( 'NONE',  #4024 ) ;
#6452 = DIRECTION ( 'NONE',  ( -1.000000000000000000, 8.470329472543348517E-16, 0.000000000000000000 ) ) ;
#6453 = CARTESIAN_POINT ( 'NONE',  ( -6.500000000000000888, 10.49999999999999822, 2.399999999999999911 ) ) ;
#6454 = EDGE_CURVE ( 'NONE', #2520, #2513, #3894, .T. ) ;
#6455 = ORIENTED_EDGE ( 'NONE', *, *, #4859, .T. ) ;
#6456 = CARTESIAN_POINT ( 'NONE',  ( -0.1635167983203177910, 7.655736417264919602, 2.500000000000000000 ) ) ;
#6457 = CARTESIAN_POINT ( 'NONE',  ( 0.3776581383395284375, 2.862528346967531778, -2.500000000000000888 ) ) ;
#6458 = CARTESIAN_POINT ( 'NONE',  ( -5.349999999999997868, 0.1000000000000004080, 12.49999999999999822 ) ) ;
#6459 = B_SPLINE_CURVE_WITH_KNOTS ( 'NONE', 3,
 ( #701, #2319, #4309, #5753, #2710, #3751, #2280, #1820, #4849, #4271, #329 ),
 .UNSPECIFIED., .F., .F.,
 ( 4, 1, 1, 1, 1, 1, 1, 1, 4 ),
 ( 0.000000000000000000, 0.1693237986142565876, 0.3253554330119012850, 0.4689155231524396172, 0.6003115468851103476, 0.7188463901177621906, 0.8249851745593381747, 0.9187577878191783842, 1.000000000000000000 ),
 .UNSPECIFIED. ) ;
#6460 = DIRECTION ( 'NONE',  ( 1.000000000000000000, 0.000000000000000000, -1.239088197126290570E-16 ) ) ;
#6461 = UNCERTAINTY_MEASURE_WITH_UNIT (LENGTH_MEASURE( 1.000000000000000082E-05 ), #3557, 'distance_accuracy_value', 'NONE');
#6462 = EDGE_CURVE ( 'NONE', #3980, #519, #3316, .T. ) ;
#6463 = ADVANCED_FACE ( 'NONE', ( #70 ), #1032, .T. ) ;
#6464 = CARTESIAN_POINT ( 'NONE',  ( -0.1999493972821034249, 3.952439164907315394, 2.500000000000000000 ) ) ;
#6465 = VECTOR ( 'NONE', #4777, 1000.000000000000114 ) ;
#6466 = ORIENTED_EDGE ( 'NONE', *, *, #3603, .T. ) ;
#6467 = LINE ( 'NONE', #887, #5138 ) ;
#6468 = CARTESIAN_POINT ( 'NONE',  ( -6.300000000000000711, 6.299999999999999822, 2.299999999999999822 ) ) ;
#6469 = ORIENTED_EDGE ( 'NONE', *, *, #5386, .T. ) ;
#6470 = CARTESIAN_POINT ( 'NONE',  ( -5.000000000000000000, 0.5000000000000000000, -3.406857464491785501E-16 ) ) ;
#6471 = CARTESIAN_POINT ( 'NONE',  ( -6.399999999999999467, 0.000000000000000000, 2.500000000000000444 ) ) ;
#6472 = CIRCLE ( 'NONE', #3593, 0.1000000000000002554 ) ;
#6473 = VERTEX_POINT ( 'NONE', #1183 ) ;
#6474 = CARTESIAN_POINT ( 'NONE',  ( 4.650000000000000355, 0.2000000000000005107, 2.299999999999999822 ) ) ;
#6475 = ORIENTED_EDGE ( 'NONE', *, *, #3327, .T. ) ;
#6476 = MECHANICAL_DESIGN_GEOMETRIC_PRESENTATION_REPRESENTATION (  '', ( #2877 ), #661 ) ;
#6477 = CARTESIAN_POINT ( 'NONE',  ( -0.4052674813859525882, 5.000646614222664432, 2.500000000000000000 ) ) ;
#6478 =( GEOMETRIC_REPRESENTATION_CONTEXT ( 3 ) GLOBAL_UNCERTAINTY_ASSIGNED_CONTEXT ( ( #5093 ) ) GLOBAL_UNIT_ASSIGNED_CONTEXT ( ( #2248, #5955, #1423 ) ) REPRESENTATION_CONTEXT ( 'NONE', 'WORKASPACE' ) );
#6479 = EDGE_CURVE ( 'NONE', #5178, #124, #2681, .T. ) ;
#6480 = SURFACE_STYLE_USAGE ( .BOTH. , #2958 ) ;
#6481 = CARTESIAN_POINT ( 'NONE',  ( 6.500000000000000000, 10.49999999999999822, -2.400000000000000799 ) ) ;
#6482 = DIRECTION ( 'NONE',  ( 0.000000000000000000, 0.000000000000000000, 1.000000000000000000 ) ) ;
#6483 = ORIENTED_EDGE ( 'NONE', *, *, #5183, .T. ) ;
#6484 = ORIENTED_EDGE ( 'NONE', *, *, #4527, .F. ) ;
#6485 = LINE ( 'NONE', #530, #1410 ) ;
#6486 = ADVANCED_FACE ( 'NONE', ( #573 ), #3595, .T. ) ;
#6487 = CARTESIAN_POINT ( 'NONE',  ( -1.521580890788597484, 6.963587552108408296, 2.500000000000000000 ) ) ;
#6488 = ORIENTED_EDGE ( 'NONE', *, *, #2633, .F. ) ;
#6489 = DIRECTION ( 'NONE',  ( 0.000000000000000000, 1.000000000000000000, 0.000000000000000000 ) ) ;
#6490 = COLOUR_RGB ( '',0.6941176470588235059, 0.09803921568627450844, 0.09803921568627450844 ) ;
#6491 = EDGE_CURVE ( 'NONE', #1411, #252, #3211, .T. ) ;
#6492 = CARTESIAN_POINT ( 'NONE',  ( 0.3596414351406492793, 2.840333568872750902, -2.500000000000000888 ) ) ;
#6493 = DIRECTION ( 'NONE',  ( 0.5056715232898533197, -0.8627260924150372823, -5.139845288577313145E-17 ) ) ;
#6494 = CARTESIAN_POINT ( 'NONE',  ( 3.787761360200688987, 4.543348255816405334, 2.499999999999999556 ) ) ;
#6495 = B_SPLINE_CURVE_WITH_KNOTS ( 'NONE', 3,
 ( #853, #199, #5829, #3763, #5796, #3273, #4861, #2223, #264, #4353, #6396, #3858, #5906, #5392, #4221 ),
 .UNSPECIFIED., .F., .F.,
 ( 4, 1, 1, 1, 1, 1, 1, 1, 1, 1, 1, 1, 4 ),
 ( 0.000000000000000000, 0.09191484500950632131, 0.1793500136985496651, 0.2627602509497599659, 0.3438245629315449525, 0.4230536694981510415, 0.5001537638566709854, 0.5774020559630039795, 0.6564709802344420586, 0.7376500484536386848, 0.8208783262149127458, 0.9079232481193414417, 1.000000000000000000 ),
 .UNSPECIFIED. ) ;
#6496 = CARTESIAN_POINT ( 'NONE',  ( 0.6353624829912588590, 2.820256996831850937, -2.500000000000000888 ) ) ;
#6497 = ORIENTED_EDGE ( 'NONE', *, *, #424, .F. ) ;
#6498 = CARTESIAN_POINT ( 'NONE',  ( -3.318354429749635237, 5.316075528543677819, 2.500000000000000000 ) ) ;
#6499 = LINE ( 'NONE', #1963, #2050 ) ;
#6500 = ORIENTED_EDGE ( 'NONE', *, *, #4193, .F. ) ;
#6501 = CARTESIAN_POINT ( 'NONE',  ( 6.299999999999998934, 0.1999999999999996503, 2.299999999999999822 ) ) ;
#6502 = FACE_OUTER_BOUND ( 'NONE', #4128, .T. ) ;
#6503 = ADVANCED_FACE ( 'NONE', ( #3721 ), #4216, .T. ) ;
#6504 = CIRCLE ( 'NONE', #1530, 0.009999999999999592548 ) ;
#6505 = B_SPLINE_CURVE_WITH_KNOTS ( 'NONE', 3,
 ( #3509, #1035, #5038, #523, #2529, #18, #2039 ),
 .UNSPECIFIED., .F., .F.,
 ( 4, 1, 1, 1, 4 ),
 ( 0.000000000000000000, 0.2759400882070076610, 0.5327379385843445947, 0.7759418428336761764, 1.000000000000000000 ),
 .UNSPECIFIED. ) ;
#6506 = ORIENTED_EDGE ( 'NONE', *, *, #1766, .T. ) ;
#6507 = STYLED_ITEM ( 'NONE', ( #5820 ), #1003 ) ;
#6508 = CARTESIAN_POINT ( 'NONE',  ( 5.240000000000001101, 0.009999999999999970718, 2.499999999999998668 ) ) ;
#6509 = DIRECTION ( 'NONE',  ( -0.000000000000000000, -1.000000000000000000, 0.000000000000000000 ) ) ;
#6510 = ORIENTED_EDGE ( 'NONE', *, *, #5756, .T. ) ;
#6511 = CARTESIAN_POINT ( 'NONE',  ( -5.249999999999998224, 0.009999999999999968983, 2.299999999999999822 ) ) ;
#6512 = STYLED_ITEM ( 'NONE', ( #260 ), #6531 ) ;
#6513 = DIRECTION ( 'NONE',  ( 0.000000000000000000, 0.000000000000000000, 1.000000000000000000 ) ) ;
#6514 = VECTOR ( 'NONE', #3836, 1000.000000000000000 ) ;
#6515 = LINE ( 'NONE', #457, #5252 ) ;
#6516 = ORIENTED_EDGE ( 'NONE', *, *, #932, .T. ) ;
#6517 = CARTESIAN_POINT ( 'NONE',  ( 0.3655926431111636288, 3.161153145323457814, -2.500000000000000888 ) ) ;
#6518 = ORIENTED_EDGE ( 'NONE', *, *, #2493, .T. ) ;
#6519 = FILL_AREA_STYLE ('',( #1040 ) ) ;
#6520 = DIRECTION ( 'NONE',  ( -1.000000000000000000, 0.000000000000000000, 1.016439536705160653E-16 ) ) ;
#6521 = SURFACE_STYLE_FILL_AREA ( #1858 ) ;
#6522 =( GEOMETRIC_REPRESENTATION_CONTEXT ( 3 ) GLOBAL_UNCERTAINTY_ASSIGNED_CONTEXT ( ( #2821 ) ) GLOBAL_UNIT_ASSIGNED_CONTEXT ( ( #1367, #2878, #3951 ) ) REPRESENTATION_CONTEXT ( 'NONE', 'WORKASPACE' ) );
#6523 = ORIENTED_EDGE ( 'NONE', *, *, #3476, .F. ) ;
#6524 =( NAMED_UNIT ( * ) SI_UNIT ( $, .STERADIAN. ) SOLID_ANGLE_UNIT ( ) );
#6525 = PRESENTATION_LAYER_ASSIGNMENT (  '', '', ( #5984 ) ) ;
#6526 = CARTESIAN_POINT ( 'NONE',  ( 5.999999999999998224, 10.49999999999999822, 2.399999999999999911 ) ) ;
#6527 = LINE ( 'NONE', #2421, #178 ) ;
#6528 = STYLED_ITEM ( 'NONE', ( #4670 ), #3552 ) ;
#6529 =( NAMED_UNIT ( * ) PLANE_ANGLE_UNIT ( ) SI_UNIT ( $, .RADIAN. ) );
#6530 =( GEOMETRIC_REPRESENTATION_CONTEXT ( 3 ) GLOBAL_UNCERTAINTY_ASSIGNED_CONTEXT ( ( #5230 ) ) GLOBAL_UNIT_ASSIGNED_CONTEXT ( ( #109, #170, #4195 ) ) REPRESENTATION_CONTEXT ( 'NONE', 'WORKASPACE' ) );
#6531 = ADVANCED_FACE ( 'NONE', ( #847 ), #195, .F. ) ;
#6532 = ORIENTED_EDGE ( 'NONE', *, *, #5184, .F. ) ;
#6533 = CARTESIAN_POINT ( 'NONE',  ( -0.07705746915710154354, 7.732234331619948442, 2.500000000000000000 ) ) ;
#6535 = COLOUR_RGB ( '',0.5882352941176470784, 0.5882352941176470784, 0.6313725490196078205 ) ;
#6534 = VECTOR ( 'NONE', #5396, 1000.000000000000000 ) ;
#6536 = EDGE_CURVE ( 'NONE', #3749, #3671, #4821, .T. ) ;
#6537 = VECTOR ( 'NONE', #2485, 1000.000000000000000 ) ;
#6538 = DIRECTION ( 'NONE',  ( 1.000000000000000000, -1.084202172485501673E-15, 0.000000000000000000 ) ) ;
#6539 = FILL_AREA_STYLE ('',( #990 ) ) ;
#6540 = VERTEX_POINT ( 'NONE', #1754 ) ;
#6541 = CARTESIAN_POINT ( 'NONE',  ( -4.649999999999998579, 0.1000000000000004913, 2.299999999999999822 ) ) ;
#6542 = CIRCLE ( 'NONE', #1994, 0.1000000000000002554 ) ;
#6543 = ORIENTED_EDGE ( 'NONE', *, *, #2558, .F. ) ;
#6544 = CARTESIAN_POINT ( 'NONE',  ( -6.299999999999999822, 6.299999999999999822, -2.300000000000000711 ) ) ;
#6545 = LINE ( 'NONE', #454, #122 ) ;
#6546 = DIRECTION ( 'NONE',  ( -1.000000000000000000, 0.000000000000000000, 1.016439536705160653E-16 ) ) ;
#6547 = VERTEX_POINT ( 'NONE', #3237 ) ;
#6548 = VERTEX_POINT ( 'NONE', #5254 ) ;
#6549 = PLANE ( 'NONE',  #2598 ) ;
#6550 = PRESENTATION_LAYER_ASSIGNMENT (  '', '', ( #3567 ) ) ;
#6551 = CARTESIAN_POINT ( 'NONE',  ( -5.000000000000000000, 1.500000000000000000, -3.406857464491785501E-16 ) ) ;
#6552 =( LENGTH_UNIT ( ) NAMED_UNIT ( * ) SI_UNIT ( .MILLI., .METRE. ) );
#6553 = CARTESIAN_POINT ( 'NONE',  ( 5.239999999999999325, -3.108558907404501873E-17, -2.299999999999999822 ) ) ;
#6554 = ORIENTED_EDGE ( 'NONE', *, *, #4065, .T. ) ;
#6555 =( NAMED_UNIT ( * ) PLANE_ANGLE_UNIT ( ) SI_UNIT ( $, .RADIAN. ) );
#6556 = CARTESIAN_POINT ( 'NONE',  ( -1.964153942736649228, 4.768794684387833271, 2.500000000000000000 ) ) ;
#6557 = EDGE_CURVE ( 'NONE', #2981, #1645, #2966, .T. ) ;
ENDSEC;
END-ISO-10303-21;
